transaction_id,user_id,amount,timestamp,location,transaction_type,device_id,is_fraud
TXN100000,USER3955,8274.89,2025-02-07 10:26:29,Delhi,merchant_payment,DEV329,0
TXN100001,USER6116,24531.55,2025-01-20 07:07:29,Pune,bill_payment,DEV388,0
TXN100002,USER6506,30264.13,2025-03-23 04:16:29,Chennai,receive,DEV771,0
TXN100003,USER4386,762.08,2025-03-31 21:30:29,Mumbai,merchant_payment,DEV403,0
TXN100004,USER4055,167991.21,2025-03-14 06:29:29,Bangalore,receive,DEV620,0
TXN100005,USER8705,76314.4,2025-03-13 14:49:29,Jaipur,bill_payment,DEV105,0
TXN100006,USER6286,36656.55,2025-03-07 12:03:29,Delhi,send,DEV233,0
TXN100007,USER6621,87872.87,2025-03-15 10:51:29,Hyderabad,bill_payment,DEV253,0
TXN100008,USER2606,105304.03,2025-01-24 15:09:29,Jaipur,merchant_payment,DEV855,0
TXN100009,USER8047,184369.73,2025-02-11 12:51:29,Chennai,merchant_payment,DEV473,0
TXN100010,USER3871,8632.97,2025-03-04 11:09:29,Kolkata,bill_payment,DEV222,0
TXN100011,USER7322,53277.59,2025-02-12 01:57:29,Pune,bill_payment,DEV195,0
TXN100012,USER2185,56926.99,2025-02-09 07:35:29,Jaipur,receive,DEV604,0
TXN100013,USER4585,73730.44,2025-03-28 23:43:29,Jaipur,send,DEV836,0
TXN100014,USER9456,197933.65,2025-03-24 23:43:29,Hyderabad,send,DEV541,0
TXN100015,USER2924,50676.34,2025-03-09 10:32:29,Mumbai,bill_payment,DEV490,0
TXN100016,USER7003,160756.13,2025-03-09 02:23:29,Ahmedabad,bill_payment,DEV170,1
TXN100017,USER9855,71969.9,2025-03-13 11:01:29,Mumbai,send,DEV175,0
TXN100018,USER7735,95900.51,2025-02-01 03:30:29,Pune,receive,DEV432,0
TXN100019,USER7822,74561.09,2025-03-06 16:36:29,Bangalore,merchant_payment,DEV909,0
TXN100020,USER1192,125624.16,2025-01-20 03:22:29,Pune,self_transfer,DEV166,1
TXN100021,USER5012,65212.15,2025-02-25 18:49:29,Chennai,bill_payment,DEV524,0
TXN100022,USER7895,55057.87,2025-03-30 08:38:29,Pune,merchant_payment,DEV463,0
TXN100023,USER5612,139580.91,2025-01-07 01:13:29,Ahmedabad,send,DEV656,1
TXN100024,USER7776,55187.04,2025-03-12 10:13:29,Kolkata,send,DEV907,0
TXN100025,USER6849,152197.33,2025-01-27 13:29:29,Mumbai,merchant_payment,DEV408,0
TXN100026,USER4082,69440.2,2025-02-18 00:21:29,Hyderabad,bill_payment,DEV172,0
TXN100027,USER7605,199108.44,2025-03-01 10:31:29,Chennai,self_transfer,DEV588,0
TXN100028,USER3869,147853.32,2025-01-25 21:28:29,Mumbai,merchant_payment,DEV143,0
TXN100029,USER1433,52961.26,2025-02-22 04:05:29,Jaipur,self_transfer,DEV922,0
TXN100030,USER8832,63817.85,2025-01-06 14:36:29,Chennai,merchant_payment,DEV709,0
TXN100031,USER1790,60568.05,2025-01-13 22:41:29,Kolkata,bill_payment,DEV429,0
TXN100032,USER3079,125500.18,2025-01-13 16:30:29,Pune,self_transfer,DEV705,0
TXN100033,USER5096,159057.64,2025-02-27 04:34:29,Kolkata,bill_payment,DEV113,0
TXN100034,USER5052,40581.8,2025-04-06 06:00:29,Kolkata,self_transfer,DEV847,0
TXN100035,USER5629,34449.09,2025-03-04 20:12:29,Kolkata,send,DEV619,0
TXN100036,USER7117,123706.57,2025-03-16 16:19:29,Kolkata,merchant_payment,DEV911,0
TXN100037,USER7200,172703.66,2025-04-04 07:56:29,Ahmedabad,bill_payment,DEV177,0
TXN100038,USER9739,101900.96,2025-03-07 03:58:29,Chennai,receive,DEV416,1
TXN100039,USER6243,160048.83,2025-03-03 17:16:29,Hyderabad,self_transfer,DEV459,0
TXN100040,USER1702,42958.12,2025-01-19 05:21:29,Hyderabad,self_transfer,DEV576,0
TXN100041,USER9451,10050.42,2025-02-16 03:33:29,Hyderabad,receive,DEV480,0
TXN100042,USER6128,134563.29,2025-03-24 04:27:29,Chennai,self_transfer,DEV550,0
TXN100043,USER4241,98241.89,2025-03-13 21:59:29,Delhi,bill_payment,DEV316,0
TXN100044,USER6183,75469.73,2025-01-09 14:51:29,Bangalore,merchant_payment,DEV445,0
TXN100045,USER1142,199882.74,2025-02-21 20:29:29,Ahmedabad,bill_payment,DEV640,0
TXN100046,USER2871,11307.82,2025-01-13 06:15:29,Ahmedabad,receive,DEV423,0
TXN100047,USER8209,177857.01,2025-03-30 14:06:29,Delhi,send,DEV105,0
TXN100048,USER2436,55654.59,2025-03-21 08:35:29,Ahmedabad,bill_payment,DEV646,0
TXN100049,USER6811,174709.84,2025-01-08 00:37:29,Mumbai,self_transfer,DEV540,0
TXN100050,USER7557,35423.67,2025-02-08 07:50:29,Ahmedabad,receive,DEV760,0
TXN100051,USER4825,117025.05,2025-03-06 18:12:29,Hyderabad,receive,DEV909,0
TXN100052,USER3377,125578.55,2025-01-15 09:20:29,Pune,self_transfer,DEV934,0
TXN100053,USER4475,147069.17,2025-03-20 04:07:29,Mumbai,bill_payment,DEV500,0
TXN100054,USER4358,54788.42,2025-01-09 19:15:29,Bangalore,send,DEV368,0
TXN100055,USER8077,18985.78,2025-01-09 11:08:29,Mumbai,receive,DEV685,0
TXN100056,USER3804,170977.79,2025-04-01 00:13:29,Hyderabad,merchant_payment,DEV575,1
TXN100057,USER2203,168703.78,2025-01-07 08:07:29,Delhi,receive,DEV391,0
TXN100058,USER8354,85756.59,2025-01-26 07:10:29,Ahmedabad,send,DEV370,0
TXN100059,USER1671,14089.7,2025-01-22 19:37:29,Bangalore,receive,DEV713,0
TXN100060,USER6247,177034.61,2025-03-08 13:29:29,Mumbai,receive,DEV439,0
TXN100061,USER2666,64256.96,2025-02-12 19:14:29,Mumbai,send,DEV841,0
TXN100062,USER4341,23717.85,2025-02-24 07:17:29,Jaipur,receive,DEV718,0
TXN100063,USER4172,19420.63,2025-02-15 15:46:29,Delhi,receive,DEV656,0
TXN100064,USER6240,131080.04,2025-02-19 01:12:29,Jaipur,merchant_payment,DEV195,1
TXN100065,USER4752,63220.93,2025-01-23 19:54:29,Chennai,self_transfer,DEV374,0
TXN100066,USER7670,17990.04,2025-02-10 05:11:29,Pune,receive,DEV575,0
TXN100067,USER4635,26390.52,2025-03-19 06:02:29,Hyderabad,send,DEV511,0
TXN100068,USER4051,33406.79,2025-02-23 09:11:29,Delhi,receive,DEV694,0
TXN100069,USER1490,196998.19,2025-01-22 21:28:29,Chennai,receive,DEV305,0
TXN100070,USER8866,113062.44,2025-01-23 23:35:29,Jaipur,self_transfer,DEV444,0
TXN100071,USER6716,154018.77,2025-03-07 13:22:29,Hyderabad,self_transfer,DEV578,0
TXN100072,USER7891,152878.44,2025-04-02 03:49:29,Bangalore,receive,DEV382,1
TXN100073,USER7587,89972.91,2025-02-20 15:11:29,Bangalore,receive,DEV690,0
TXN100074,USER1280,84746.38,2025-01-18 20:27:29,Jaipur,self_transfer,DEV696,0
TXN100075,USER6036,55254.78,2025-01-27 18:57:29,Ahmedabad,bill_payment,DEV293,0
TXN100076,USER7775,172476.26,2025-03-15 22:51:29,Delhi,bill_payment,DEV805,0
TXN100077,USER3528,69384.9,2025-01-09 14:50:29,Ahmedabad,receive,DEV716,0
TXN100078,USER8835,122355.99,2025-01-31 16:19:29,Delhi,send,DEV933,0
TXN100079,USER9202,109991.94,2025-04-07 02:46:29,Hyderabad,merchant_payment,DEV995,1
TXN100080,USER4019,188664.81,2025-02-17 06:24:29,Hyderabad,send,DEV640,0
TXN100081,USER2520,47647.89,2025-01-19 15:53:29,Mumbai,bill_payment,DEV517,0
TXN100082,USER5986,148059.66,2025-03-01 21:42:29,Ahmedabad,self_transfer,DEV175,0
TXN100083,USER3712,59319.22,2025-03-04 03:31:29,Bangalore,bill_payment,DEV180,0
TXN100084,USER7614,132336.11,2025-02-18 11:10:29,Mumbai,self_transfer,DEV547,0
TXN100085,USER1421,51561.77,2025-01-12 18:36:29,Hyderabad,receive,DEV432,0
TXN100086,USER7543,185984.44,2025-03-27 21:17:29,Bangalore,bill_payment,DEV973,0
TXN100087,USER1177,187419.42,2025-03-20 08:06:29,Mumbai,merchant_payment,DEV935,0
TXN100088,USER7563,29756.89,2025-04-03 23:12:29,Jaipur,send,DEV294,0
TXN100089,USER1526,132646.74,2025-01-21 10:39:29,Delhi,bill_payment,DEV378,0
TXN100090,USER1133,47241.35,2025-02-26 06:54:29,Mumbai,send,DEV631,0
TXN100091,USER7066,39391.35,2025-02-07 04:32:29,Chennai,send,DEV815,0
TXN100092,USER7171,180824.93,2025-01-31 06:05:29,Chennai,receive,DEV696,0
TXN100093,USER7702,179610.32,2025-04-04 07:04:29,Bangalore,merchant_payment,DEV570,0
TXN100094,USER3518,152947.57,2025-04-06 09:28:29,Chennai,self_transfer,DEV136,0
TXN100095,USER6686,4492.98,2025-03-22 15:39:29,Delhi,merchant_payment,DEV228,0
TXN100096,USER8869,161353.12,2025-02-24 12:11:29,Hyderabad,merchant_payment,DEV650,0
TXN100097,USER1234,122158.07,2025-02-14 15:11:29,Pune,send,DEV611,0
TXN100098,USER9116,185645.41,2025-02-17 00:34:29,Hyderabad,bill_payment,DEV793,0
TXN100099,USER7381,78776.7,2025-03-30 08:33:29,Delhi,bill_payment,DEV667,0
TXN100100,USER8502,189432.96,2025-04-05 12:02:29,Hyderabad,receive,DEV924,0
TXN100101,USER7864,182362.76,2025-03-25 10:41:29,Chennai,send,DEV320,0
TXN100102,USER5876,103853.07,2025-03-13 22:48:29,Mumbai,merchant_payment,DEV157,0
TXN100103,USER2708,52467.04,2025-02-06 11:05:29,Delhi,receive,DEV820,0
TXN100104,USER3133,31416.24,2025-03-26 20:56:29,Pune,self_transfer,DEV417,0
TXN100105,USER9578,59713.3,2025-02-28 13:07:29,Jaipur,self_transfer,DEV454,0
TXN100106,USER8601,197762.15,2025-03-21 17:56:29,Kolkata,send,DEV431,0
TXN100107,USER3131,82587.89,2025-03-16 06:55:29,Mumbai,self_transfer,DEV908,0
TXN100108,USER9333,118259.22,2025-01-07 18:22:29,Hyderabad,bill_payment,DEV398,0
TXN100109,USER5884,107491.76,2025-02-13 18:28:29,Chennai,send,DEV174,0
TXN100110,USER4342,117751.3,2025-01-29 00:19:29,Mumbai,bill_payment,DEV574,0
TXN100111,USER2806,78163.97,2025-03-24 07:14:29,Chennai,bill_payment,DEV440,0
TXN100112,USER7951,40042.82,2025-02-09 11:33:29,Jaipur,bill_payment,DEV860,0
TXN100113,USER3419,172069.07,2025-01-27 10:21:29,Chennai,send,DEV235,0
TXN100114,USER1424,114681.34,2025-03-17 06:44:29,Hyderabad,self_transfer,DEV541,0
TXN100115,USER6728,128135.87,2025-02-28 20:07:29,Delhi,merchant_payment,DEV869,0
TXN100116,USER1305,29303.49,2025-01-21 00:20:29,Delhi,merchant_payment,DEV356,0
TXN100117,USER3217,49476.39,2025-01-31 08:31:29,Mumbai,self_transfer,DEV856,0
TXN100118,USER4833,178505.74,2025-01-31 02:49:29,Jaipur,send,DEV508,1
TXN100119,USER2777,150025.47,2025-02-07 08:37:29,Kolkata,merchant_payment,DEV461,0
TXN100120,USER5065,15675.73,2025-04-05 10:40:29,Chennai,self_transfer,DEV456,0
TXN100121,USER5342,186376.3,2025-02-25 17:05:29,Kolkata,merchant_payment,DEV362,0
TXN100122,USER9470,163916.94,2025-03-11 17:47:29,Mumbai,send,DEV221,0
TXN100123,USER5724,185717.12,2025-01-08 05:33:29,Hyderabad,merchant_payment,DEV564,0
TXN100124,USER7986,37770.16,2025-02-10 05:09:29,Pune,self_transfer,DEV825,0
TXN100125,USER2467,142871.51,2025-01-31 22:15:29,Ahmedabad,send,DEV113,0
TXN100126,USER9621,189868.94,2025-01-09 16:47:29,Hyderabad,send,DEV294,0
TXN100127,USER9341,41614.39,2025-02-25 04:03:29,Chennai,merchant_payment,DEV795,1
TXN100128,USER8113,119243.89,2025-02-06 05:49:29,Kolkata,send,DEV544,0
TXN100129,USER1203,124807.49,2025-02-27 16:54:29,Mumbai,bill_payment,DEV468,0
TXN100130,USER1416,152038.33,2025-01-28 12:57:29,Kolkata,merchant_payment,DEV717,0
TXN100131,USER1616,133226.1,2025-03-21 13:05:29,Delhi,merchant_payment,DEV929,0
TXN100132,USER1110,5025.96,2025-01-11 05:46:29,Chennai,receive,DEV286,0
TXN100133,USER9228,198516.92,2025-03-17 14:28:29,Jaipur,bill_payment,DEV785,0
TXN100134,USER8207,116725.47,2025-02-06 02:24:29,Jaipur,receive,DEV892,1
TXN100135,USER1919,38509.64,2025-02-12 03:56:29,Jaipur,self_transfer,DEV402,0
TXN100136,USER2680,18350.03,2025-01-10 14:22:29,Pune,merchant_payment,DEV494,0
TXN100137,USER9953,52391.02,2025-04-06 16:42:29,Chennai,send,DEV941,0
TXN100138,USER7874,5002.15,2025-01-13 19:46:29,Chennai,bill_payment,DEV213,0
TXN100139,USER1933,38397.82,2025-01-18 15:23:29,Jaipur,self_transfer,DEV963,0
TXN100140,USER2101,115366.08,2025-01-19 23:34:29,Kolkata,receive,DEV139,0
TXN100141,USER3336,75389.42,2025-02-23 23:58:29,Bangalore,send,DEV402,0
TXN100142,USER9143,108962.08,2025-01-13 13:10:29,Pune,receive,DEV426,0
TXN100143,USER8861,188505.5,2025-04-01 22:17:29,Mumbai,receive,DEV206,0
TXN100144,USER1000,197714.35,2025-01-30 17:42:29,Jaipur,bill_payment,DEV284,0
TXN100145,USER7611,57576.78,2025-01-13 09:32:29,Pune,merchant_payment,DEV883,0
TXN100146,USER3266,21666.17,2025-03-07 11:08:29,Delhi,merchant_payment,DEV961,0
TXN100147,USER9354,136044.29,2025-03-21 15:53:29,Bangalore,self_transfer,DEV410,0
TXN100148,USER7215,46293.12,2025-01-30 05:29:29,Hyderabad,bill_payment,DEV455,0
TXN100149,USER1235,165078.65,2025-02-23 05:20:29,Pune,receive,DEV728,0
TXN100150,USER6174,40172.1,2025-01-10 20:33:29,Delhi,merchant_payment,DEV703,0
TXN100151,USER3890,183690.85,2025-03-22 05:55:29,Delhi,merchant_payment,DEV887,0
TXN100152,USER4594,128881.21,2025-01-15 15:14:29,Hyderabad,receive,DEV720,0
TXN100153,USER9105,180179.27,2025-02-24 09:12:29,Pune,merchant_payment,DEV633,0
TXN100154,USER9691,94843.27,2025-01-27 04:21:29,Ahmedabad,send,DEV350,0
TXN100155,USER4621,161943.35,2025-01-08 13:29:29,Ahmedabad,bill_payment,DEV773,0
TXN100156,USER1851,196554.89,2025-01-06 19:37:29,Jaipur,send,DEV517,0
TXN100157,USER4072,20946.34,2025-03-23 18:08:29,Ahmedabad,merchant_payment,DEV110,0
TXN100158,USER2767,86725.62,2025-02-12 18:26:29,Pune,send,DEV880,0
TXN100159,USER1618,88969.37,2025-01-31 10:33:29,Mumbai,self_transfer,DEV548,0
TXN100160,USER4884,139088.06,2025-01-19 23:02:29,Hyderabad,self_transfer,DEV421,0
TXN100161,USER1240,151507.87,2025-03-09 13:40:29,Bangalore,bill_payment,DEV899,0
TXN100162,USER8824,79460.74,2025-02-24 08:29:29,Pune,send,DEV516,0
TXN100163,USER4463,77414.59,2025-03-20 06:50:29,Hyderabad,receive,DEV300,0
TXN100164,USER4784,143771.94,2025-02-02 11:00:29,Kolkata,bill_payment,DEV176,0
TXN100165,USER5862,13532.48,2025-04-04 05:50:29,Delhi,receive,DEV982,0
TXN100166,USER7465,44030.67,2025-03-20 07:32:29,Bangalore,send,DEV943,0
TXN100167,USER7143,28598.34,2025-02-24 22:36:29,Pune,bill_payment,DEV423,0
TXN100168,USER6133,199352.38,2025-03-21 06:24:29,Kolkata,send,DEV626,0
TXN100169,USER1345,34254.1,2025-03-28 10:29:29,Delhi,send,DEV351,0
TXN100170,USER1259,68020.35,2025-01-13 17:07:29,Ahmedabad,bill_payment,DEV796,0
TXN100171,USER6236,115677.48,2025-04-05 05:29:29,Jaipur,receive,DEV297,0
TXN100172,USER8103,60420.03,2025-04-02 05:02:29,Bangalore,receive,DEV229,0
TXN100173,USER2245,138273.93,2025-03-14 13:36:29,Mumbai,merchant_payment,DEV989,0
TXN100174,USER2999,185943.66,2025-01-20 09:01:29,Hyderabad,merchant_payment,DEV919,0
TXN100175,USER8763,13350.92,2025-01-17 21:14:29,Chennai,bill_payment,DEV878,0
TXN100176,USER1544,164191.48,2025-01-23 02:12:29,Ahmedabad,receive,DEV463,1
TXN100177,USER1698,136858.23,2025-02-11 08:56:29,Mumbai,bill_payment,DEV205,0
TXN100178,USER4415,62571.27,2025-03-06 22:46:29,Chennai,merchant_payment,DEV953,0
TXN100179,USER2244,2985.92,2025-03-15 07:01:29,Jaipur,send,DEV889,0
TXN100180,USER9769,134289.07,2025-02-17 01:14:29,Delhi,send,DEV630,1
TXN100181,USER2246,188187.52,2025-03-09 22:20:29,Hyderabad,merchant_payment,DEV952,0
TXN100182,USER4746,13630.3,2025-03-26 06:51:29,Mumbai,send,DEV589,0
TXN100183,USER8903,73782.88,2025-01-07 15:40:29,Mumbai,bill_payment,DEV572,0
TXN100184,USER4445,83259.19,2025-02-22 10:14:29,Delhi,merchant_payment,DEV417,0
TXN100185,USER8312,170772.72,2025-03-24 13:35:29,Jaipur,merchant_payment,DEV796,0
TXN100186,USER3720,69580.55,2025-02-04 06:04:29,Jaipur,merchant_payment,DEV949,0
TXN100187,USER5963,92624.88,2025-03-01 06:23:29,Delhi,merchant_payment,DEV827,0
TXN100188,USER1025,65977.49,2025-03-01 21:02:29,Pune,receive,DEV233,0
TXN100189,USER9078,53411.25,2025-02-16 20:58:29,Pune,bill_payment,DEV274,0
TXN100190,USER2838,113417.9,2025-03-08 23:55:29,Jaipur,receive,DEV593,0
TXN100191,USER1427,57223.95,2025-02-02 07:59:29,Chennai,bill_payment,DEV980,0
TXN100192,USER7409,4140.7,2025-02-27 00:22:29,Bangalore,self_transfer,DEV726,0
TXN100193,USER6877,174041.35,2025-03-19 21:49:29,Hyderabad,merchant_payment,DEV625,0
TXN100194,USER5059,21776.28,2025-03-23 16:08:29,Ahmedabad,self_transfer,DEV834,0
TXN100195,USER8406,78745.05,2025-03-08 03:34:29,Mumbai,merchant_payment,DEV691,0
TXN100196,USER5084,99181.12,2025-01-18 16:59:29,Chennai,merchant_payment,DEV369,0
TXN100197,USER2401,47189.45,2025-03-03 03:17:29,Chennai,self_transfer,DEV926,0
TXN100198,USER9331,168862.3,2025-02-09 11:02:29,Bangalore,bill_payment,DEV412,1
TXN100199,USER3511,192541.83,2025-02-22 18:45:29,Jaipur,receive,DEV668,0
TXN100200,USER4270,9592.03,2025-01-23 14:39:29,Jaipur,self_transfer,DEV472,0
TXN100201,USER7051,28165.32,2025-03-25 11:44:29,Hyderabad,self_transfer,DEV132,0
TXN100202,USER4468,22081.4,2025-02-05 12:46:29,Delhi,bill_payment,DEV750,0
TXN100203,USER8764,8933.4,2025-04-03 01:05:29,Jaipur,merchant_payment,DEV653,0
TXN100204,USER5431,179841.44,2025-01-12 21:03:29,Ahmedabad,receive,DEV235,0
TXN100205,USER6150,144120.03,2025-01-09 06:39:29,Bangalore,self_transfer,DEV861,0
TXN100206,USER3224,61177.73,2025-03-30 08:34:29,Jaipur,bill_payment,DEV436,0
TXN100207,USER4394,100485.92,2025-03-30 04:22:29,Hyderabad,bill_payment,DEV930,0
TXN100208,USER9288,192278.86,2025-03-14 07:07:29,Jaipur,bill_payment,DEV907,0
TXN100209,USER2868,169507.3,2025-03-21 18:23:29,Chennai,send,DEV187,0
TXN100210,USER4079,91058.8,2025-04-06 00:53:29,Mumbai,self_transfer,DEV965,0
TXN100211,USER8710,177805.19,2025-02-06 11:13:29,Hyderabad,merchant_payment,DEV755,0
TXN100212,USER9718,142759.66,2025-02-18 17:49:29,Hyderabad,bill_payment,DEV662,0
TXN100213,USER3671,99456.87,2025-01-16 00:32:29,Mumbai,self_transfer,DEV214,0
TXN100214,USER3511,126601.88,2025-02-01 08:14:29,Mumbai,self_transfer,DEV738,0
TXN100215,USER7539,168819.0,2025-04-03 23:59:29,Bangalore,bill_payment,DEV460,0
TXN100216,USER2913,14678.65,2025-03-02 23:03:29,Bangalore,self_transfer,DEV775,0
TXN100217,USER7037,140022.54,2025-01-13 17:15:29,Pune,self_transfer,DEV485,0
TXN100218,USER9033,129328.95,2025-01-23 13:51:29,Chennai,receive,DEV570,0
TXN100219,USER7076,47082.57,2025-02-03 02:40:29,Hyderabad,merchant_payment,DEV526,0
TXN100220,USER8257,164686.42,2025-03-08 05:11:29,Kolkata,self_transfer,DEV829,0
TXN100221,USER1839,74004.75,2025-03-06 15:29:29,Delhi,self_transfer,DEV218,0
TXN100222,USER3056,19124.54,2025-02-05 02:05:29,Kolkata,send,DEV268,0
TXN100223,USER8582,134131.78,2025-02-19 05:55:29,Ahmedabad,bill_payment,DEV914,0
TXN100224,USER8332,6090.81,2025-03-09 22:04:29,Mumbai,bill_payment,DEV134,0
TXN100225,USER1347,38112.74,2025-04-01 13:14:29,Kolkata,send,DEV149,0
TXN100226,USER7831,62590.69,2025-04-05 12:52:29,Kolkata,send,DEV271,0
TXN100227,USER4347,197333.58,2025-01-31 07:50:29,Delhi,send,DEV166,0
TXN100228,USER3572,80059.78,2025-01-18 18:44:29,Jaipur,bill_payment,DEV406,0
TXN100229,USER8725,197133.66,2025-03-06 22:58:29,Hyderabad,bill_payment,DEV318,0
TXN100230,USER9086,27547.98,2025-01-29 08:26:29,Mumbai,send,DEV570,0
TXN100231,USER9935,111690.76,2025-01-24 03:23:29,Ahmedabad,send,DEV157,1
TXN100232,USER2015,63910.21,2025-03-12 16:37:29,Delhi,bill_payment,DEV232,0
TXN100233,USER2040,196600.57,2025-01-13 23:35:29,Delhi,self_transfer,DEV383,0
TXN100234,USER9134,93415.69,2025-03-25 01:52:29,Ahmedabad,merchant_payment,DEV458,0
TXN100235,USER4215,83435.86,2025-03-06 20:26:29,Ahmedabad,receive,DEV226,0
TXN100236,USER8429,47065.27,2025-03-03 01:07:29,Bangalore,self_transfer,DEV951,0
TXN100237,USER5405,132093.34,2025-01-15 20:17:29,Kolkata,merchant_payment,DEV778,0
TXN100238,USER3264,154871.1,2025-02-07 12:17:29,Ahmedabad,self_transfer,DEV861,0
TXN100239,USER2761,27132.67,2025-04-03 16:15:29,Chennai,send,DEV308,0
TXN100240,USER5505,122282.27,2025-02-15 12:57:29,Kolkata,bill_payment,DEV763,0
TXN100241,USER7998,23343.87,2025-03-11 21:27:29,Mumbai,bill_payment,DEV793,0
TXN100242,USER7968,153762.93,2025-02-18 22:06:29,Delhi,merchant_payment,DEV296,0
TXN100243,USER6803,109160.35,2025-01-23 07:07:29,Chennai,merchant_payment,DEV621,0
TXN100244,USER9619,60285.17,2025-02-16 05:36:29,Hyderabad,merchant_payment,DEV850,0
TXN100245,USER6324,115904.44,2025-01-21 05:36:29,Jaipur,merchant_payment,DEV594,0
TXN100246,USER2410,64511.59,2025-01-21 08:45:29,Delhi,receive,DEV456,0
TXN100247,USER6245,173794.61,2025-01-12 05:00:29,Chennai,bill_payment,DEV181,0
TXN100248,USER5160,162095.45,2025-03-22 17:06:29,Jaipur,self_transfer,DEV525,0
TXN100249,USER7779,17398.41,2025-03-28 17:13:29,Bangalore,merchant_payment,DEV789,0
TXN100250,USER5985,73234.51,2025-02-01 09:28:29,Hyderabad,receive,DEV103,0
TXN100251,USER5908,172829.41,2025-01-29 13:18:29,Kolkata,send,DEV439,0
TXN100252,USER3956,162614.67,2025-01-12 23:35:29,Chennai,send,DEV155,0
TXN100253,USER1046,74747.62,2025-02-04 06:56:29,Pune,bill_payment,DEV812,0
TXN100254,USER7385,136181.13,2025-02-25 10:24:29,Ahmedabad,bill_payment,DEV743,0
TXN100255,USER4581,105562.96,2025-02-20 22:10:29,Jaipur,self_transfer,DEV513,0
TXN100256,USER8537,36744.22,2025-03-17 08:01:29,Ahmedabad,send,DEV161,0
TXN100257,USER6156,71060.49,2025-01-29 17:31:29,Bangalore,send,DEV327,0
TXN100258,USER7983,196802.83,2025-02-21 22:52:29,Kolkata,bill_payment,DEV116,0
TXN100259,USER6189,33290.18,2025-03-27 12:22:29,Chennai,merchant_payment,DEV506,0
TXN100260,USER6461,19009.36,2025-03-07 20:55:29,Ahmedabad,bill_payment,DEV215,0
TXN100261,USER4889,178221.58,2025-02-03 01:25:29,Kolkata,bill_payment,DEV620,1
TXN100262,USER8771,70229.74,2025-03-30 06:16:29,Jaipur,bill_payment,DEV504,0
TXN100263,USER4475,17771.03,2025-03-04 19:47:29,Bangalore,receive,DEV115,0
TXN100264,USER9090,145206.62,2025-02-27 01:02:29,Jaipur,receive,DEV722,1
TXN100265,USER2208,195575.21,2025-01-15 21:36:29,Chennai,merchant_payment,DEV158,0
TXN100266,USER8643,147061.84,2025-02-26 01:23:29,Delhi,receive,DEV409,1
TXN100267,USER4010,88641.28,2025-03-02 11:05:29,Jaipur,merchant_payment,DEV740,0
TXN100268,USER5258,114904.52,2025-01-16 06:56:29,Chennai,send,DEV323,0
TXN100269,USER5690,163419.23,2025-02-15 16:58:29,Ahmedabad,merchant_payment,DEV860,0
TXN100270,USER3811,158116.87,2025-03-05 08:28:29,Pune,merchant_payment,DEV452,0
TXN100271,USER3697,142570.16,2025-03-15 19:03:29,Hyderabad,self_transfer,DEV138,1
TXN100272,USER8592,147934.86,2025-02-10 17:30:29,Pune,self_transfer,DEV178,0
TXN100273,USER6265,186032.91,2025-02-08 00:32:29,Pune,self_transfer,DEV755,0
TXN100274,USER3589,103512.39,2025-03-21 13:04:29,Ahmedabad,receive,DEV896,0
TXN100275,USER7288,91079.16,2025-02-24 16:03:29,Chennai,self_transfer,DEV917,0
TXN100276,USER1461,16735.92,2025-04-06 03:21:29,Jaipur,bill_payment,DEV952,0
TXN100277,USER7344,147212.28,2025-01-15 01:41:29,Bangalore,bill_payment,DEV982,1
TXN100278,USER4355,118880.58,2025-01-23 02:44:29,Pune,self_transfer,DEV165,1
TXN100279,USER8551,100269.83,2025-01-09 18:06:29,Pune,bill_payment,DEV908,0
TXN100280,USER6197,169786.28,2025-03-25 21:01:29,Pune,merchant_payment,DEV127,0
TXN100281,USER6154,83732.97,2025-03-04 21:22:29,Delhi,merchant_payment,DEV406,0
TXN100282,USER8967,100330.74,2025-01-10 08:36:29,Delhi,send,DEV547,0
TXN100283,USER1315,6965.01,2025-01-08 01:39:29,Hyderabad,self_transfer,DEV247,0
TXN100284,USER6400,164306.38,2025-03-14 11:34:29,Chennai,send,DEV123,0
TXN100285,USER8180,146813.59,2025-03-02 20:21:29,Mumbai,merchant_payment,DEV449,0
TXN100286,USER1504,50987.33,2025-04-01 13:33:29,Delhi,self_transfer,DEV176,0
TXN100287,USER4784,85352.89,2025-03-09 15:46:29,Ahmedabad,receive,DEV133,0
TXN100288,USER9852,29867.16,2025-02-28 09:24:29,Mumbai,self_transfer,DEV654,0
TXN100289,USER6111,40529.64,2025-03-05 04:21:29,Jaipur,bill_payment,DEV951,0
TXN100290,USER2537,93184.41,2025-01-17 14:55:29,Kolkata,receive,DEV317,0
TXN100291,USER6785,114680.35,2025-01-27 17:29:29,Hyderabad,self_transfer,DEV156,0
TXN100292,USER6215,38765.8,2025-02-09 14:08:29,Pune,send,DEV462,0
TXN100293,USER2323,73508.13,2025-01-16 03:44:29,Bangalore,bill_payment,DEV791,0
TXN100294,USER6281,142041.67,2025-01-21 06:28:29,Jaipur,self_transfer,DEV903,0
TXN100295,USER3962,35758.34,2025-01-08 05:31:29,Mumbai,merchant_payment,DEV364,0
TXN100296,USER9933,125578.62,2025-01-30 14:44:29,Mumbai,self_transfer,DEV134,0
TXN100297,USER5110,167701.88,2025-02-15 16:07:29,Delhi,receive,DEV571,0
TXN100298,USER5197,97883.9,2025-02-24 21:07:29,Ahmedabad,receive,DEV494,0
TXN100299,USER2242,124229.34,2025-02-21 09:50:29,Mumbai,send,DEV136,0
TXN100300,USER8305,53300.68,2025-01-23 03:59:29,Ahmedabad,send,DEV541,0
TXN100301,USER5812,134801.46,2025-04-02 03:55:29,Ahmedabad,self_transfer,DEV858,1
TXN100302,USER1314,56879.71,2025-01-31 15:03:29,Pune,bill_payment,DEV969,0
TXN100303,USER4340,196991.97,2025-02-08 22:37:29,Ahmedabad,merchant_payment,DEV145,0
TXN100304,USER7559,86785.93,2025-03-27 10:23:29,Chennai,receive,DEV811,0
TXN100305,USER9514,76277.57,2025-01-17 17:50:29,Chennai,bill_payment,DEV133,0
TXN100306,USER3439,193251.64,2025-03-13 22:13:29,Bangalore,merchant_payment,DEV675,0
TXN100307,USER3855,57150.11,2025-03-07 04:49:29,Chennai,bill_payment,DEV629,0
TXN100308,USER3634,142585.71,2025-04-05 17:48:29,Bangalore,receive,DEV833,0
TXN100309,USER4409,89117.53,2025-01-23 20:13:29,Delhi,merchant_payment,DEV179,0
TXN100310,USER3264,82397.98,2025-01-10 18:34:29,Kolkata,merchant_payment,DEV555,0
TXN100311,USER7817,152977.4,2025-04-07 02:48:29,Mumbai,receive,DEV580,1
TXN100312,USER7355,93708.19,2025-03-08 04:30:29,Ahmedabad,bill_payment,DEV220,0
TXN100313,USER4129,35254.03,2025-02-23 09:33:29,Hyderabad,self_transfer,DEV326,0
TXN100314,USER3481,65897.87,2025-02-08 12:03:29,Bangalore,send,DEV736,0
TXN100315,USER3490,82002.83,2025-03-25 05:40:29,Hyderabad,merchant_payment,DEV381,0
TXN100316,USER1575,120746.55,2025-01-07 10:39:29,Jaipur,self_transfer,DEV399,0
TXN100317,USER4644,129646.34,2025-02-17 06:11:29,Delhi,self_transfer,DEV863,0
TXN100318,USER1639,110862.69,2025-03-19 05:45:29,Ahmedabad,bill_payment,DEV465,0
TXN100319,USER1818,182764.26,2025-01-11 17:55:29,Ahmedabad,bill_payment,DEV585,0
TXN100320,USER2892,163626.34,2025-04-06 07:41:29,Kolkata,merchant_payment,DEV224,0
TXN100321,USER3509,21755.53,2025-02-12 07:14:29,Ahmedabad,self_transfer,DEV276,0
TXN100322,USER6196,191620.9,2025-02-08 17:59:29,Mumbai,send,DEV773,0
TXN100323,USER3288,164191.1,2025-02-11 05:08:29,Delhi,merchant_payment,DEV883,0
TXN100324,USER1361,78377.47,2025-02-23 09:33:29,Kolkata,merchant_payment,DEV386,0
TXN100325,USER7595,161.45,2025-01-18 10:05:29,Hyderabad,receive,DEV960,0
TXN100326,USER8158,38792.51,2025-03-21 08:13:29,Kolkata,merchant_payment,DEV682,0
TXN100327,USER8089,12029.54,2025-03-19 13:24:29,Pune,merchant_payment,DEV143,0
TXN100328,USER8636,179494.74,2025-03-05 13:05:29,Delhi,merchant_payment,DEV850,0
TXN100329,USER9949,155607.41,2025-01-08 08:28:29,Bangalore,self_transfer,DEV756,0
TXN100330,USER3126,181447.97,2025-02-08 10:54:29,Kolkata,send,DEV571,0
TXN100331,USER8260,19966.47,2025-02-03 16:04:29,Mumbai,bill_payment,DEV166,0
TXN100332,USER8287,37918.64,2025-01-07 20:36:29,Pune,receive,DEV560,0
TXN100333,USER1384,48328.68,2025-03-11 12:29:29,Mumbai,send,DEV942,0
TXN100334,USER9820,65408.22,2025-02-19 08:39:29,Delhi,merchant_payment,DEV473,0
TXN100335,USER9432,170554.41,2025-02-19 12:14:29,Delhi,receive,DEV417,0
TXN100336,USER6683,39239.03,2025-02-25 21:04:29,Hyderabad,send,DEV163,0
TXN100337,USER3966,152138.84,2025-03-18 20:18:29,Kolkata,send,DEV781,0
TXN100338,USER9648,100860.64,2025-03-03 01:14:29,Hyderabad,receive,DEV204,1
TXN100339,USER1132,141429.8,2025-01-28 22:01:29,Bangalore,send,DEV836,0
TXN100340,USER5952,142960.08,2025-02-23 15:12:29,Hyderabad,send,DEV916,0
TXN100341,USER4249,107415.68,2025-02-24 13:33:29,Hyderabad,send,DEV137,0
TXN100342,USER8664,61375.24,2025-02-03 01:16:29,Mumbai,send,DEV573,0
TXN100343,USER7417,31641.41,2025-02-19 09:55:29,Mumbai,bill_payment,DEV265,0
TXN100344,USER3642,184581.1,2025-01-09 14:07:29,Bangalore,self_transfer,DEV978,0
TXN100345,USER4564,85811.71,2025-03-06 16:31:29,Chennai,merchant_payment,DEV341,0
TXN100346,USER6287,199843.99,2025-02-14 23:46:29,Chennai,bill_payment,DEV863,0
TXN100347,USER5289,160245.7,2025-03-04 10:03:29,Jaipur,self_transfer,DEV190,0
TXN100348,USER3574,23974.44,2025-02-19 01:51:29,Delhi,send,DEV245,0
TXN100349,USER5392,195269.53,2025-03-14 07:35:29,Ahmedabad,receive,DEV648,0
TXN100350,USER2304,61791.79,2025-01-10 08:35:29,Jaipur,merchant_payment,DEV330,0
TXN100351,USER9715,13667.18,2025-03-29 22:30:29,Hyderabad,self_transfer,DEV777,0
TXN100352,USER6452,92694.89,2025-01-18 17:18:29,Ahmedabad,self_transfer,DEV989,0
TXN100353,USER3559,58399.33,2025-02-26 09:52:29,Ahmedabad,bill_payment,DEV341,0
TXN100354,USER5581,147521.41,2025-03-09 14:06:29,Kolkata,self_transfer,DEV618,0
TXN100355,USER7674,159286.67,2025-01-17 14:59:29,Ahmedabad,receive,DEV577,0
TXN100356,USER1991,95916.17,2025-02-07 06:16:29,Delhi,merchant_payment,DEV771,0
TXN100357,USER4112,92139.99,2025-02-16 16:14:29,Delhi,bill_payment,DEV670,0
TXN100358,USER7778,106308.6,2025-03-11 15:27:29,Jaipur,send,DEV138,0
TXN100359,USER7996,66266.82,2025-01-07 05:50:29,Hyderabad,receive,DEV422,0
TXN100360,USER9300,192615.17,2025-01-15 15:48:29,Chennai,merchant_payment,DEV497,0
TXN100361,USER4158,151069.78,2025-02-09 13:50:29,Ahmedabad,self_transfer,DEV576,0
TXN100362,USER1471,84172.16,2025-03-06 10:28:29,Hyderabad,receive,DEV321,0
TXN100363,USER7333,35952.84,2025-04-03 20:24:29,Chennai,merchant_payment,DEV693,0
TXN100364,USER7237,184940.92,2025-03-09 16:36:29,Pune,bill_payment,DEV282,0
TXN100365,USER3556,157485.16,2025-01-31 08:57:29,Kolkata,send,DEV612,0
TXN100366,USER4734,42511.16,2025-02-05 23:27:29,Bangalore,bill_payment,DEV392,0
TXN100367,USER6506,165167.18,2025-02-03 22:05:29,Jaipur,bill_payment,DEV436,0
TXN100368,USER5685,9941.79,2025-01-27 21:54:29,Jaipur,bill_payment,DEV674,0
TXN100369,USER3323,21663.23,2025-03-05 21:33:29,Jaipur,merchant_payment,DEV230,0
TXN100370,USER1679,166328.33,2025-03-22 23:39:29,Hyderabad,bill_payment,DEV789,0
TXN100371,USER6424,111889.07,2025-04-05 17:20:29,Jaipur,merchant_payment,DEV866,0
TXN100372,USER5726,15991.9,2025-01-08 10:12:29,Kolkata,receive,DEV298,0
TXN100373,USER4897,54920.52,2025-02-08 01:24:29,Chennai,merchant_payment,DEV866,0
TXN100374,USER9180,44307.35,2025-02-04 20:36:29,Ahmedabad,self_transfer,DEV835,0
TXN100375,USER8114,166252.13,2025-02-16 05:58:29,Hyderabad,receive,DEV573,0
TXN100376,USER3675,7543.55,2025-02-08 05:21:29,Pune,bill_payment,DEV938,0
TXN100377,USER3394,133695.68,2025-02-24 22:19:29,Ahmedabad,send,DEV643,0
TXN100378,USER7103,110772.29,2025-03-05 01:22:29,Pune,send,DEV122,1
TXN100379,USER2816,81490.17,2025-04-04 01:11:29,Jaipur,receive,DEV700,0
TXN100380,USER4422,146965.38,2025-03-10 18:48:29,Chennai,merchant_payment,DEV834,0
TXN100381,USER9182,107817.33,2025-02-05 15:14:29,Kolkata,self_transfer,DEV256,0
TXN100382,USER6575,23580.3,2025-03-17 03:46:29,Kolkata,merchant_payment,DEV441,0
TXN100383,USER4245,21168.0,2025-02-09 10:22:29,Delhi,send,DEV322,0
TXN100384,USER3138,162062.07,2025-03-11 03:01:29,Kolkata,receive,DEV452,1
TXN100385,USER9723,124145.53,2025-02-25 12:21:29,Jaipur,self_transfer,DEV723,0
TXN100386,USER4828,120621.68,2025-02-17 09:38:29,Kolkata,receive,DEV776,0
TXN100387,USER6361,195518.46,2025-02-01 03:36:29,Pune,self_transfer,DEV672,1
TXN100388,USER4367,9174.99,2025-02-05 13:40:29,Kolkata,receive,DEV581,0
TXN100389,USER5732,19136.02,2025-03-16 14:41:29,Jaipur,bill_payment,DEV154,0
TXN100390,USER6928,45844.2,2025-03-17 13:14:29,Hyderabad,receive,DEV917,0
TXN100391,USER1057,146268.1,2025-03-03 06:17:29,Pune,bill_payment,DEV262,0
TXN100392,USER7254,167229.76,2025-01-07 19:32:29,Delhi,self_transfer,DEV623,0
TXN100393,USER7256,113001.95,2025-02-23 17:46:29,Hyderabad,receive,DEV128,0
TXN100394,USER9909,163267.41,2025-01-16 14:46:29,Jaipur,send,DEV758,0
TXN100395,USER8696,40701.35,2025-02-27 19:14:29,Jaipur,receive,DEV457,0
TXN100396,USER1113,98918.18,2025-03-05 15:29:29,Mumbai,receive,DEV667,0
TXN100397,USER8489,23532.53,2025-01-12 02:46:29,Kolkata,send,DEV529,0
TXN100398,USER4527,140306.04,2025-01-13 16:00:29,Chennai,merchant_payment,DEV654,0
TXN100399,USER3728,1183.12,2025-02-07 11:29:29,Hyderabad,self_transfer,DEV452,0
TXN100400,USER4055,124395.74,2025-03-18 21:19:29,Delhi,self_transfer,DEV380,0
TXN100401,USER7412,64963.84,2025-03-05 07:09:29,Pune,bill_payment,DEV487,0
TXN100402,USER1787,185633.26,2025-03-14 16:18:29,Pune,receive,DEV428,0
TXN100403,USER6468,34528.42,2025-03-29 04:18:29,Jaipur,bill_payment,DEV576,0
TXN100404,USER9137,171561.25,2025-04-04 01:43:29,Delhi,send,DEV621,1
TXN100405,USER8738,13129.51,2025-03-17 06:01:29,Ahmedabad,self_transfer,DEV745,0
TXN100406,USER1319,100134.8,2025-03-10 21:24:29,Ahmedabad,send,DEV411,0
TXN100407,USER6341,143970.65,2025-02-10 13:44:29,Delhi,send,DEV334,0
TXN100408,USER4996,90553.16,2025-04-06 17:49:29,Kolkata,receive,DEV253,0
TXN100409,USER7227,120811.45,2025-03-31 12:47:29,Jaipur,self_transfer,DEV721,0
TXN100410,USER6716,45629.1,2025-02-04 02:55:29,Chennai,bill_payment,DEV749,0
TXN100411,USER3475,63047.22,2025-02-08 10:17:29,Delhi,merchant_payment,DEV531,0
TXN100412,USER4829,23813.72,2025-04-07 09:16:29,Jaipur,receive,DEV733,0
TXN100413,USER2446,99942.79,2025-03-05 14:43:29,Pune,bill_payment,DEV691,0
TXN100414,USER1657,174573.8,2025-03-23 19:19:29,Bangalore,self_transfer,DEV901,0
TXN100415,USER7508,166158.63,2025-01-09 02:05:29,Delhi,self_transfer,DEV836,1
TXN100416,USER8846,93553.24,2025-01-23 14:27:29,Hyderabad,bill_payment,DEV720,0
TXN100417,USER1788,116724.88,2025-01-12 19:53:29,Bangalore,bill_payment,DEV833,0
TXN100418,USER1832,94233.6,2025-02-19 15:14:29,Mumbai,self_transfer,DEV287,0
TXN100419,USER3335,142630.51,2025-03-08 07:48:29,Kolkata,merchant_payment,DEV544,0
TXN100420,USER8884,158196.66,2025-01-27 08:09:29,Delhi,bill_payment,DEV192,0
TXN100421,USER3128,92298.27,2025-03-18 23:46:29,Bangalore,bill_payment,DEV159,0
TXN100422,USER4243,141505.4,2025-01-10 21:38:29,Mumbai,receive,DEV873,0
TXN100423,USER6323,89688.77,2025-01-19 11:16:29,Pune,self_transfer,DEV566,0
TXN100424,USER8880,23876.6,2025-01-08 05:06:29,Hyderabad,send,DEV934,0
TXN100425,USER4405,110862.72,2025-01-20 14:49:29,Kolkata,send,DEV673,0
TXN100426,USER4427,172513.66,2025-01-09 04:05:29,Bangalore,bill_payment,DEV336,0
TXN100427,USER5355,33397.23,2025-02-02 14:27:29,Bangalore,bill_payment,DEV308,0
TXN100428,USER5454,84024.29,2025-04-03 10:53:29,Kolkata,send,DEV706,0
TXN100429,USER8924,199564.15,2025-02-02 03:51:29,Pune,merchant_payment,DEV848,1
TXN100430,USER8132,111509.84,2025-03-11 08:43:29,Kolkata,merchant_payment,DEV196,0
TXN100431,USER5571,120072.43,2025-04-02 13:48:29,Delhi,bill_payment,DEV293,0
TXN100432,USER6676,41149.14,2025-02-09 08:32:29,Jaipur,send,DEV490,0
TXN100433,USER9318,143655.13,2025-03-21 04:11:29,Delhi,merchant_payment,DEV164,0
TXN100434,USER5886,85062.0,2025-03-03 16:50:29,Chennai,receive,DEV988,0
TXN100435,USER7250,81124.95,2025-01-24 20:33:29,Jaipur,merchant_payment,DEV334,1
TXN100436,USER1320,151371.38,2025-01-23 18:58:29,Delhi,send,DEV431,0
TXN100437,USER9690,197397.71,2025-02-27 18:40:29,Hyderabad,merchant_payment,DEV894,0
TXN100438,USER7947,171644.02,2025-02-15 09:25:29,Ahmedabad,receive,DEV672,0
TXN100439,USER4479,82714.71,2025-01-30 06:05:29,Kolkata,bill_payment,DEV327,0
TXN100440,USER8390,110726.69,2025-03-15 01:48:29,Mumbai,self_transfer,DEV844,1
TXN100441,USER6152,10592.66,2025-02-05 12:23:29,Jaipur,self_transfer,DEV690,0
TXN100442,USER5176,80665.53,2025-01-17 01:59:29,Pune,bill_payment,DEV858,0
TXN100443,USER7682,109696.72,2025-01-30 07:03:29,Ahmedabad,send,DEV550,0
TXN100444,USER9691,43078.68,2025-02-05 20:27:29,Ahmedabad,send,DEV397,0
TXN100445,USER2663,105665.34,2025-02-06 07:53:29,Pune,receive,DEV841,0
TXN100446,USER4335,97949.5,2025-02-02 02:51:29,Pune,bill_payment,DEV980,0
TXN100447,USER1304,54439.0,2025-01-17 22:32:29,Ahmedabad,send,DEV621,0
TXN100448,USER6752,190952.83,2025-03-16 08:14:29,Kolkata,send,DEV531,0
TXN100449,USER9958,25818.04,2025-02-19 00:57:29,Jaipur,bill_payment,DEV874,0
TXN100450,USER1043,125340.52,2025-03-09 05:59:29,Mumbai,bill_payment,DEV768,0
TXN100451,USER9198,159805.26,2025-01-20 06:38:29,Kolkata,receive,DEV972,0
TXN100452,USER2872,30372.51,2025-01-22 22:07:29,Mumbai,bill_payment,DEV233,0
TXN100453,USER4637,106430.75,2025-03-09 21:17:29,Bangalore,bill_payment,DEV223,0
TXN100454,USER8962,14260.56,2025-02-23 14:16:29,Chennai,bill_payment,DEV682,0
TXN100455,USER4961,116314.89,2025-03-29 10:43:29,Mumbai,merchant_payment,DEV240,0
TXN100456,USER7089,2834.67,2025-02-26 20:44:29,Kolkata,self_transfer,DEV782,0
TXN100457,USER1010,172300.04,2025-01-09 10:00:29,Mumbai,self_transfer,DEV811,0
TXN100458,USER6634,98996.61,2025-02-24 04:53:29,Jaipur,bill_payment,DEV790,0
TXN100459,USER1060,436.69,2025-03-08 05:19:29,Ahmedabad,receive,DEV998,0
TXN100460,USER4104,99730.58,2025-03-20 04:14:29,Kolkata,receive,DEV880,0
TXN100461,USER8273,185228.48,2025-03-09 18:41:29,Hyderabad,self_transfer,DEV242,0
TXN100462,USER3433,189276.25,2025-02-23 00:23:29,Mumbai,merchant_payment,DEV599,0
TXN100463,USER1428,190262.69,2025-02-16 07:35:29,Mumbai,send,DEV432,0
TXN100464,USER7003,84075.8,2025-04-07 03:13:29,Jaipur,bill_payment,DEV484,0
TXN100465,USER8305,67792.53,2025-01-10 13:25:29,Kolkata,receive,DEV789,0
TXN100466,USER2551,156470.59,2025-03-14 16:41:29,Chennai,self_transfer,DEV967,0
TXN100467,USER3170,99655.44,2025-01-26 08:29:29,Chennai,merchant_payment,DEV329,0
TXN100468,USER9903,52770.19,2025-02-05 04:44:29,Pune,receive,DEV680,0
TXN100469,USER5525,51158.97,2025-01-16 13:45:29,Bangalore,send,DEV524,0
TXN100470,USER1056,77128.71,2025-02-15 21:24:29,Chennai,receive,DEV200,0
TXN100471,USER4802,153267.57,2025-04-03 21:56:29,Hyderabad,bill_payment,DEV746,0
TXN100472,USER4610,182197.18,2025-03-16 06:35:29,Hyderabad,receive,DEV922,0
TXN100473,USER4587,98055.5,2025-02-04 01:08:29,Ahmedabad,merchant_payment,DEV953,0
TXN100474,USER1274,7321.35,2025-03-10 16:45:29,Hyderabad,self_transfer,DEV220,0
TXN100475,USER5259,68677.45,2025-02-28 00:41:29,Pune,self_transfer,DEV263,0
TXN100476,USER2313,51713.8,2025-02-26 21:41:29,Kolkata,merchant_payment,DEV967,0
TXN100477,USER8094,169128.11,2025-04-01 14:46:29,Ahmedabad,merchant_payment,DEV986,0
TXN100478,USER7829,194772.22,2025-01-21 16:32:29,Ahmedabad,send,DEV134,0
TXN100479,USER3273,17733.07,2025-01-22 22:47:29,Chennai,bill_payment,DEV524,0
TXN100480,USER1972,100207.36,2025-02-28 15:00:29,Chennai,bill_payment,DEV282,0
TXN100481,USER7812,91846.01,2025-02-10 03:05:29,Delhi,receive,DEV549,0
TXN100482,USER5059,105489.27,2025-01-28 03:25:29,Ahmedabad,self_transfer,DEV332,1
TXN100483,USER6912,49754.88,2025-02-13 22:58:29,Jaipur,merchant_payment,DEV415,0
TXN100484,USER7400,83801.96,2025-04-03 08:55:29,Chennai,bill_payment,DEV350,0
TXN100485,USER2571,141378.48,2025-03-15 05:32:29,Jaipur,receive,DEV417,0
TXN100486,USER3583,148756.84,2025-02-11 14:10:29,Chennai,merchant_payment,DEV987,0
TXN100487,USER1121,101900.68,2025-02-08 04:17:29,Delhi,send,DEV764,0
TXN100488,USER3575,76349.75,2025-02-14 05:17:29,Bangalore,receive,DEV163,0
TXN100489,USER5450,2156.38,2025-02-21 15:52:29,Ahmedabad,receive,DEV367,0
TXN100490,USER5621,177436.32,2025-02-26 10:10:29,Pune,send,DEV350,0
TXN100491,USER7510,137213.63,2025-01-08 12:05:29,Chennai,bill_payment,DEV873,0
TXN100492,USER8291,67841.45,2025-03-29 13:30:29,Pune,merchant_payment,DEV158,0
TXN100493,USER1056,173159.25,2025-02-27 22:30:29,Kolkata,bill_payment,DEV627,0
TXN100494,USER8367,190958.88,2025-02-04 10:20:29,Bangalore,merchant_payment,DEV911,0
TXN100495,USER7938,81413.92,2025-01-28 15:02:29,Mumbai,send,DEV446,0
TXN100496,USER4130,118596.43,2025-01-27 13:54:29,Pune,send,DEV271,0
TXN100497,USER7330,3530.78,2025-02-28 15:54:29,Ahmedabad,receive,DEV956,0
TXN100498,USER2979,24749.25,2025-03-22 16:43:29,Delhi,merchant_payment,DEV109,0
TXN100499,USER2426,15878.53,2025-01-14 15:36:29,Jaipur,merchant_payment,DEV966,0
TXN100500,USER3312,75947.6,2025-01-07 05:13:29,Chennai,send,DEV422,1
TXN100501,USER8818,96165.43,2025-03-18 19:48:29,Ahmedabad,send,DEV339,0
TXN100502,USER4649,172202.1,2025-03-23 10:53:29,Ahmedabad,self_transfer,DEV348,0
TXN100503,USER5926,192279.31,2025-01-23 17:21:29,Mumbai,receive,DEV127,0
TXN100504,USER6358,69549.54,2025-01-07 12:28:29,Mumbai,send,DEV476,0
TXN100505,USER6347,85925.12,2025-02-15 03:00:29,Kolkata,self_transfer,DEV543,0
TXN100506,USER4949,113534.38,2025-03-21 22:58:29,Jaipur,self_transfer,DEV767,0
TXN100507,USER6817,120120.24,2025-02-09 16:10:29,Delhi,receive,DEV814,0
TXN100508,USER2096,106153.1,2025-03-24 17:40:29,Hyderabad,receive,DEV684,0
TXN100509,USER4111,47043.75,2025-03-21 11:13:29,Mumbai,merchant_payment,DEV255,0
TXN100510,USER5363,102250.17,2025-03-27 02:58:29,Hyderabad,self_transfer,DEV812,1
TXN100511,USER4830,9159.08,2025-03-17 11:48:29,Ahmedabad,self_transfer,DEV726,0
TXN100512,USER6011,179228.03,2025-01-16 20:16:29,Hyderabad,send,DEV881,0
TXN100513,USER9994,12232.09,2025-03-13 19:27:29,Mumbai,self_transfer,DEV252,0
TXN100514,USER7189,15148.92,2025-02-17 18:17:29,Delhi,merchant_payment,DEV265,0
TXN100515,USER8653,158815.16,2025-01-10 16:57:29,Delhi,receive,DEV445,0
TXN100516,USER6106,95687.02,2025-04-02 07:50:29,Hyderabad,receive,DEV606,0
TXN100517,USER3248,192931.61,2025-03-13 09:33:29,Pune,send,DEV933,0
TXN100518,USER7283,134173.02,2025-02-20 04:53:29,Kolkata,send,DEV874,0
TXN100519,USER6064,47193.19,2025-03-15 02:25:29,Jaipur,receive,DEV663,0
TXN100520,USER7038,133440.89,2025-02-14 04:41:29,Jaipur,bill_payment,DEV144,0
TXN100521,USER2187,78467.71,2025-04-02 01:20:29,Ahmedabad,self_transfer,DEV904,0
TXN100522,USER4962,4134.11,2025-01-07 00:12:29,Kolkata,bill_payment,DEV170,0
TXN100523,USER4041,53386.39,2025-02-19 16:10:29,Chennai,merchant_payment,DEV217,0
TXN100524,USER1331,147279.05,2025-03-17 12:42:29,Chennai,self_transfer,DEV500,0
TXN100525,USER4969,21971.32,2025-03-13 23:11:29,Hyderabad,receive,DEV104,0
TXN100526,USER9888,158111.66,2025-01-20 05:10:29,Kolkata,receive,DEV152,0
TXN100527,USER7144,63227.55,2025-03-29 15:25:29,Mumbai,self_transfer,DEV340,0
TXN100528,USER3097,13513.75,2025-02-25 20:45:29,Pune,self_transfer,DEV137,0
TXN100529,USER2126,191137.22,2025-03-29 05:56:29,Pune,self_transfer,DEV985,0
TXN100530,USER4983,191413.69,2025-03-23 15:09:29,Ahmedabad,self_transfer,DEV610,0
TXN100531,USER5159,199383.96,2025-02-11 13:54:29,Ahmedabad,bill_payment,DEV478,0
TXN100532,USER2985,128545.59,2025-04-03 17:52:29,Hyderabad,merchant_payment,DEV117,0
TXN100533,USER4093,87122.65,2025-01-29 14:51:29,Mumbai,bill_payment,DEV468,0
TXN100534,USER6405,132872.46,2025-03-23 15:34:29,Hyderabad,bill_payment,DEV155,0
TXN100535,USER3778,150775.21,2025-03-01 08:34:29,Hyderabad,self_transfer,DEV745,0
TXN100536,USER6418,70398.27,2025-02-12 14:44:29,Hyderabad,receive,DEV612,0
TXN100537,USER8210,165938.34,2025-01-07 14:08:29,Pune,self_transfer,DEV872,0
TXN100538,USER8361,180819.51,2025-03-29 21:18:29,Kolkata,bill_payment,DEV372,0
TXN100539,USER2656,98577.49,2025-01-13 00:31:29,Jaipur,merchant_payment,DEV518,0
TXN100540,USER3080,119737.47,2025-02-01 15:26:29,Ahmedabad,send,DEV596,0
TXN100541,USER4406,131576.01,2025-01-09 16:12:29,Bangalore,bill_payment,DEV917,0
TXN100542,USER6311,17265.01,2025-02-10 15:41:29,Chennai,send,DEV785,0
TXN100543,USER8734,112716.69,2025-03-07 15:28:29,Ahmedabad,merchant_payment,DEV542,0
TXN100544,USER3520,143404.21,2025-02-19 05:06:29,Bangalore,send,DEV901,0
TXN100545,USER6234,24566.2,2025-03-10 23:10:29,Kolkata,send,DEV487,0
TXN100546,USER6443,138597.99,2025-03-03 08:36:29,Jaipur,bill_payment,DEV437,0
TXN100547,USER6284,102328.5,2025-02-23 09:50:29,Kolkata,self_transfer,DEV999,0
TXN100548,USER3017,113096.52,2025-03-24 05:36:29,Chennai,self_transfer,DEV579,0
TXN100549,USER4554,5193.36,2025-02-05 07:01:29,Ahmedabad,send,DEV384,0
TXN100550,USER7865,121533.72,2025-01-26 13:19:29,Jaipur,receive,DEV429,0
TXN100551,USER2331,147886.23,2025-03-22 17:21:29,Jaipur,merchant_payment,DEV883,0
TXN100552,USER2030,97861.91,2025-02-07 14:23:29,Chennai,receive,DEV136,0
TXN100553,USER2228,174176.67,2025-02-17 10:24:29,Chennai,merchant_payment,DEV224,0
TXN100554,USER4808,38103.39,2025-02-03 20:38:29,Hyderabad,merchant_payment,DEV271,0
TXN100555,USER1502,78866.58,2025-01-17 00:35:29,Hyderabad,merchant_payment,DEV291,0
TXN100556,USER3998,58467.96,2025-03-19 02:33:29,Jaipur,send,DEV145,0
TXN100557,USER1997,130747.03,2025-03-17 13:55:29,Hyderabad,self_transfer,DEV372,0
TXN100558,USER9325,103517.03,2025-03-13 12:11:29,Hyderabad,send,DEV741,0
TXN100559,USER8533,30845.1,2025-02-07 16:49:29,Kolkata,self_transfer,DEV645,0
TXN100560,USER2916,137678.62,2025-02-16 19:39:29,Delhi,self_transfer,DEV416,0
TXN100561,USER9770,64235.77,2025-03-10 08:58:29,Delhi,bill_payment,DEV972,0
TXN100562,USER2696,35136.57,2025-03-05 09:40:29,Chennai,bill_payment,DEV306,0
TXN100563,USER1040,167739.27,2025-02-02 11:21:29,Ahmedabad,bill_payment,DEV118,0
TXN100564,USER9386,102455.92,2025-02-06 14:44:29,Bangalore,merchant_payment,DEV340,0
TXN100565,USER1187,7917.9,2025-02-01 22:59:29,Kolkata,merchant_payment,DEV352,0
TXN100566,USER7162,57830.09,2025-02-12 07:13:29,Chennai,receive,DEV402,0
TXN100567,USER5088,197276.03,2025-02-24 22:06:29,Kolkata,merchant_payment,DEV174,0
TXN100568,USER2637,57265.55,2025-02-27 06:52:29,Ahmedabad,bill_payment,DEV180,0
TXN100569,USER3620,163594.29,2025-01-13 04:59:29,Delhi,bill_payment,DEV350,0
TXN100570,USER6734,9178.28,2025-02-12 02:43:29,Ahmedabad,self_transfer,DEV735,0
TXN100571,USER5722,192055.95,2025-03-14 08:10:29,Pune,bill_payment,DEV619,0
TXN100572,USER8380,15833.22,2025-03-31 06:48:29,Pune,bill_payment,DEV941,0
TXN100573,USER3223,132321.34,2025-03-05 15:27:29,Chennai,send,DEV567,0
TXN100574,USER7644,197030.15,2025-03-30 11:06:29,Chennai,send,DEV145,0
TXN100575,USER7375,16587.07,2025-02-10 12:47:29,Bangalore,bill_payment,DEV212,0
TXN100576,USER1827,155118.11,2025-03-14 19:50:29,Ahmedabad,send,DEV242,0
TXN100577,USER2996,10796.81,2025-02-23 09:14:29,Kolkata,receive,DEV831,0
TXN100578,USER5817,29113.88,2025-02-12 09:07:29,Kolkata,send,DEV784,0
TXN100579,USER4085,171242.19,2025-03-13 01:58:29,Ahmedabad,merchant_payment,DEV197,1
TXN100580,USER4383,174803.82,2025-03-29 17:23:29,Hyderabad,bill_payment,DEV279,0
TXN100581,USER1489,141349.46,2025-03-19 10:34:29,Chennai,send,DEV183,0
TXN100582,USER5190,131001.36,2025-04-02 11:24:29,Ahmedabad,self_transfer,DEV497,0
TXN100583,USER9461,194329.23,2025-04-02 12:06:29,Jaipur,bill_payment,DEV883,0
TXN100584,USER7348,38840.82,2025-03-06 21:59:29,Mumbai,receive,DEV461,0
TXN100585,USER7375,158611.9,2025-01-22 12:13:29,Chennai,receive,DEV936,0
TXN100586,USER3254,42319.9,2025-01-28 23:23:29,Chennai,receive,DEV461,0
TXN100587,USER2154,133862.82,2025-03-31 22:06:29,Hyderabad,bill_payment,DEV287,0
TXN100588,USER6440,136024.37,2025-03-25 07:56:29,Mumbai,send,DEV519,0
TXN100589,USER4188,188401.16,2025-03-31 03:28:29,Mumbai,bill_payment,DEV684,1
TXN100590,USER1835,10835.47,2025-03-14 15:39:29,Ahmedabad,merchant_payment,DEV111,0
TXN100591,USER1090,19263.43,2025-01-08 05:26:29,Ahmedabad,send,DEV248,0
TXN100592,USER1709,154311.97,2025-04-04 13:19:29,Pune,receive,DEV747,0
TXN100593,USER9724,88050.29,2025-01-27 14:17:29,Pune,send,DEV381,0
TXN100594,USER7524,16270.87,2025-04-01 07:44:29,Bangalore,bill_payment,DEV194,0
TXN100595,USER5230,164076.05,2025-04-03 02:47:29,Ahmedabad,self_transfer,DEV446,1
TXN100596,USER3436,85903.61,2025-01-28 21:55:29,Bangalore,bill_payment,DEV861,0
TXN100597,USER1746,39587.42,2025-02-22 15:11:29,Pune,receive,DEV822,0
TXN100598,USER9769,184129.12,2025-01-16 00:31:29,Kolkata,receive,DEV904,0
TXN100599,USER9400,130716.71,2025-04-02 07:10:29,Bangalore,send,DEV451,0
TXN100600,USER5284,109556.18,2025-03-19 16:40:29,Bangalore,merchant_payment,DEV794,0
TXN100601,USER1221,175921.6,2025-02-28 04:01:29,Hyderabad,self_transfer,DEV365,0
TXN100602,USER6547,81248.92,2025-03-17 14:37:29,Chennai,receive,DEV651,0
TXN100603,USER2816,76937.89,2025-02-09 19:24:29,Kolkata,send,DEV343,0
TXN100604,USER1700,77701.07,2025-03-12 16:07:29,Chennai,send,DEV867,0
TXN100605,USER6572,1328.45,2025-02-03 05:01:29,Hyderabad,send,DEV252,0
TXN100606,USER4898,110662.47,2025-02-18 00:57:29,Chennai,send,DEV217,0
TXN100607,USER4852,142203.07,2025-03-06 08:21:29,Hyderabad,merchant_payment,DEV464,0
TXN100608,USER4716,189913.64,2025-01-11 08:01:29,Hyderabad,self_transfer,DEV516,0
TXN100609,USER1283,25229.69,2025-03-07 12:41:29,Jaipur,send,DEV896,0
TXN100610,USER5348,10506.98,2025-01-11 15:26:29,Jaipur,send,DEV152,0
TXN100611,USER3972,168018.51,2025-01-22 05:01:29,Hyderabad,send,DEV755,0
TXN100612,USER4297,171785.2,2025-02-08 17:59:29,Kolkata,self_transfer,DEV927,0
TXN100613,USER3548,51204.04,2025-03-30 00:22:29,Jaipur,bill_payment,DEV357,0
TXN100614,USER8328,177813.3,2025-01-06 16:37:29,Delhi,send,DEV959,0
TXN100615,USER6730,94687.46,2025-03-14 02:32:29,Mumbai,receive,DEV730,0
TXN100616,USER1601,153696.93,2025-03-26 12:49:29,Chennai,receive,DEV467,0
TXN100617,USER1924,143175.08,2025-02-19 07:42:29,Ahmedabad,merchant_payment,DEV839,0
TXN100618,USER5802,74116.64,2025-04-02 21:40:29,Bangalore,merchant_payment,DEV532,0
TXN100619,USER1182,59200.95,2025-01-14 23:28:29,Pune,bill_payment,DEV847,0
TXN100620,USER4951,87511.66,2025-02-17 15:50:29,Ahmedabad,bill_payment,DEV966,0
TXN100621,USER6376,121013.13,2025-03-16 06:27:29,Delhi,merchant_payment,DEV422,0
TXN100622,USER6555,153961.86,2025-02-26 16:39:29,Pune,bill_payment,DEV449,0
TXN100623,USER1583,83911.45,2025-01-12 13:16:29,Kolkata,bill_payment,DEV937,0
TXN100624,USER2612,10991.46,2025-04-05 04:10:29,Mumbai,self_transfer,DEV679,0
TXN100625,USER9141,103150.69,2025-02-06 11:38:29,Mumbai,bill_payment,DEV618,0
TXN100626,USER8550,96221.41,2025-01-20 20:58:29,Pune,bill_payment,DEV494,0
TXN100627,USER1805,125606.92,2025-01-19 21:50:29,Kolkata,bill_payment,DEV613,0
TXN100628,USER6842,41647.88,2025-01-19 13:52:29,Hyderabad,send,DEV342,0
TXN100629,USER7212,126004.13,2025-01-07 06:49:29,Ahmedabad,merchant_payment,DEV148,0
TXN100630,USER4519,80457.99,2025-03-14 01:05:29,Mumbai,receive,DEV339,0
TXN100631,USER4284,135972.74,2025-01-14 20:34:29,Jaipur,bill_payment,DEV448,0
TXN100632,USER9933,169020.05,2025-01-13 04:17:29,Jaipur,bill_payment,DEV694,0
TXN100633,USER9611,128996.2,2025-01-09 00:06:29,Kolkata,receive,DEV546,0
TXN100634,USER4277,51546.15,2025-01-31 19:02:29,Hyderabad,receive,DEV850,0
TXN100635,USER8966,136768.42,2025-03-04 09:55:29,Jaipur,bill_payment,DEV609,0
TXN100636,USER8939,39473.92,2025-03-08 04:13:29,Chennai,receive,DEV524,0
TXN100637,USER2529,139602.07,2025-01-19 09:31:29,Mumbai,self_transfer,DEV287,0
TXN100638,USER2203,17884.59,2025-02-09 02:48:29,Ahmedabad,self_transfer,DEV473,0
TXN100639,USER7443,108069.05,2025-02-10 00:46:29,Ahmedabad,bill_payment,DEV112,0
TXN100640,USER5011,174753.73,2025-01-24 22:55:29,Ahmedabad,receive,DEV184,0
TXN100641,USER9225,18131.83,2025-01-16 22:24:29,Delhi,self_transfer,DEV932,0
TXN100642,USER5228,150254.16,2025-01-22 07:55:29,Jaipur,bill_payment,DEV320,0
TXN100643,USER3183,40141.15,2025-02-15 12:57:29,Delhi,bill_payment,DEV335,0
TXN100644,USER5594,78742.62,2025-03-15 15:56:29,Ahmedabad,bill_payment,DEV120,0
TXN100645,USER9502,79912.94,2025-01-29 11:24:29,Delhi,self_transfer,DEV374,0
TXN100646,USER4614,189459.42,2025-02-02 15:47:29,Hyderabad,send,DEV663,0
TXN100647,USER7586,95598.66,2025-01-16 14:14:29,Ahmedabad,send,DEV218,0
TXN100648,USER2928,41470.19,2025-02-18 16:28:29,Hyderabad,self_transfer,DEV398,0
TXN100649,USER9730,15907.83,2025-04-05 22:02:29,Pune,merchant_payment,DEV208,0
TXN100650,USER6108,191048.48,2025-03-03 07:08:29,Delhi,bill_payment,DEV269,0
TXN100651,USER3921,58250.39,2025-02-18 14:14:29,Mumbai,merchant_payment,DEV787,0
TXN100652,USER5971,134687.88,2025-02-01 20:10:29,Ahmedabad,merchant_payment,DEV718,0
TXN100653,USER5770,147701.69,2025-03-06 15:18:29,Bangalore,send,DEV508,0
TXN100654,USER4178,165037.52,2025-03-17 13:20:29,Ahmedabad,bill_payment,DEV697,0
TXN100655,USER2468,96018.57,2025-02-10 00:28:29,Chennai,self_transfer,DEV135,0
TXN100656,USER1387,152100.43,2025-01-13 09:25:29,Kolkata,bill_payment,DEV663,0
TXN100657,USER2549,114572.96,2025-03-13 01:29:29,Pune,bill_payment,DEV205,1
TXN100658,USER9458,58167.35,2025-03-10 17:24:29,Mumbai,merchant_payment,DEV165,0
TXN100659,USER3087,70617.21,2025-02-28 10:35:29,Bangalore,self_transfer,DEV696,0
TXN100660,USER7346,173406.73,2025-02-10 02:27:29,Pune,send,DEV278,1
TXN100661,USER4413,4208.81,2025-03-26 01:31:29,Hyderabad,merchant_payment,DEV800,0
TXN100662,USER5284,169517.6,2025-04-04 09:17:29,Delhi,send,DEV718,0
TXN100663,USER6197,89522.6,2025-02-11 12:08:29,Jaipur,send,DEV705,0
TXN100664,USER2352,42768.49,2025-03-26 11:24:29,Mumbai,send,DEV339,0
TXN100665,USER1402,143242.36,2025-03-22 02:24:29,Mumbai,receive,DEV130,1
TXN100666,USER2891,33452.32,2025-01-21 08:08:29,Mumbai,receive,DEV958,0
TXN100667,USER4224,174998.62,2025-02-08 07:00:29,Delhi,send,DEV141,0
TXN100668,USER9930,195305.25,2025-03-06 04:29:29,Delhi,merchant_payment,DEV464,0
TXN100669,USER5415,151284.88,2025-02-20 04:30:29,Pune,receive,DEV476,0
TXN100670,USER1570,40146.78,2025-02-18 17:30:29,Jaipur,merchant_payment,DEV338,0
TXN100671,USER5035,130251.19,2025-03-12 07:40:29,Jaipur,bill_payment,DEV722,0
TXN100672,USER3944,8278.13,2025-01-07 07:30:29,Mumbai,receive,DEV734,0
TXN100673,USER4970,134856.8,2025-03-26 18:12:29,Chennai,receive,DEV478,0
TXN100674,USER4249,89917.35,2025-02-22 23:03:29,Bangalore,merchant_payment,DEV610,0
TXN100675,USER6801,42735.07,2025-03-27 17:45:29,Bangalore,send,DEV988,0
TXN100676,USER8476,123653.68,2025-03-14 03:10:29,Chennai,bill_payment,DEV285,1
TXN100677,USER8206,10502.75,2025-02-04 01:30:29,Mumbai,merchant_payment,DEV334,0
TXN100678,USER3186,138724.13,2025-02-22 17:06:29,Mumbai,bill_payment,DEV212,0
TXN100679,USER8289,111418.33,2025-01-22 23:18:29,Pune,self_transfer,DEV132,0
TXN100680,USER8074,115226.4,2025-04-04 05:05:29,Pune,send,DEV265,0
TXN100681,USER6601,129446.08,2025-01-26 00:42:29,Mumbai,merchant_payment,DEV785,0
TXN100682,USER6172,39236.37,2025-03-27 16:36:29,Ahmedabad,self_transfer,DEV144,0
TXN100683,USER3183,117427.12,2025-03-09 17:33:29,Chennai,receive,DEV930,0
TXN100684,USER7992,106642.72,2025-03-24 12:20:29,Pune,bill_payment,DEV220,0
TXN100685,USER8560,47499.95,2025-01-13 14:40:29,Jaipur,bill_payment,DEV532,0
TXN100686,USER8613,36978.01,2025-02-24 19:05:29,Hyderabad,receive,DEV142,0
TXN100687,USER4142,138994.13,2025-01-12 18:19:29,Bangalore,receive,DEV752,0
TXN100688,USER5130,21805.26,2025-03-04 05:02:29,Bangalore,receive,DEV730,0
TXN100689,USER3750,183812.55,2025-02-15 02:55:29,Kolkata,bill_payment,DEV859,1
TXN100690,USER3914,124600.7,2025-03-09 15:02:29,Bangalore,self_transfer,DEV953,0
TXN100691,USER8105,24050.2,2025-03-31 04:24:29,Jaipur,bill_payment,DEV308,0
TXN100692,USER1489,148776.05,2025-01-20 15:03:29,Delhi,merchant_payment,DEV686,0
TXN100693,USER3671,70133.24,2025-01-06 16:29:29,Bangalore,self_transfer,DEV416,0
TXN100694,USER7506,76280.45,2025-03-23 18:19:29,Pune,receive,DEV183,0
TXN100695,USER4631,63402.74,2025-02-18 00:10:29,Mumbai,send,DEV502,0
TXN100696,USER8754,176090.98,2025-01-18 03:18:29,Kolkata,bill_payment,DEV726,1
TXN100697,USER2606,86071.31,2025-03-29 18:58:29,Hyderabad,bill_payment,DEV955,0
TXN100698,USER3982,10061.02,2025-01-31 01:15:29,Mumbai,receive,DEV610,0
TXN100699,USER9941,98789.67,2025-04-01 02:32:29,Delhi,send,DEV267,0
TXN100700,USER9844,38617.11,2025-03-13 02:03:29,Ahmedabad,self_transfer,DEV542,0
TXN100701,USER5954,110278.58,2025-01-28 07:53:29,Hyderabad,send,DEV764,0
TXN100702,USER2933,50599.25,2025-03-29 09:59:29,Pune,bill_payment,DEV556,0
TXN100703,USER3448,70536.91,2025-01-18 04:27:29,Bangalore,bill_payment,DEV553,0
TXN100704,USER3683,177489.16,2025-03-25 00:19:29,Ahmedabad,send,DEV177,0
TXN100705,USER6373,24000.6,2025-01-24 06:48:29,Bangalore,send,DEV378,0
TXN100706,USER9350,145437.52,2025-03-02 05:57:29,Hyderabad,send,DEV681,0
TXN100707,USER2249,66192.76,2025-02-26 06:17:29,Ahmedabad,merchant_payment,DEV696,0
TXN100708,USER6706,93606.91,2025-03-17 18:17:29,Chennai,self_transfer,DEV511,0
TXN100709,USER7796,28335.59,2025-01-29 02:36:29,Mumbai,receive,DEV499,1
TXN100710,USER2454,113148.83,2025-01-29 04:21:29,Jaipur,send,DEV131,0
TXN100711,USER9893,49186.03,2025-03-14 10:55:29,Bangalore,self_transfer,DEV584,0
TXN100712,USER8292,78992.42,2025-03-21 11:35:29,Kolkata,bill_payment,DEV338,0
TXN100713,USER3631,189393.87,2025-03-18 19:46:29,Delhi,send,DEV426,0
TXN100714,USER1386,14057.31,2025-03-31 03:19:29,Bangalore,self_transfer,DEV628,0
TXN100715,USER7048,50849.95,2025-01-26 14:47:29,Ahmedabad,merchant_payment,DEV891,0
TXN100716,USER5040,168730.57,2025-02-07 11:54:29,Mumbai,send,DEV249,0
TXN100717,USER9448,168422.15,2025-01-22 16:23:29,Hyderabad,merchant_payment,DEV383,0
TXN100718,USER3304,93682.46,2025-04-06 07:54:29,Bangalore,receive,DEV398,0
TXN100719,USER2745,180798.13,2025-01-18 01:42:29,Chennai,bill_payment,DEV272,1
TXN100720,USER9556,91365.89,2025-03-03 16:56:29,Ahmedabad,self_transfer,DEV653,0
TXN100721,USER4593,178238.26,2025-01-20 08:52:29,Bangalore,send,DEV334,0
TXN100722,USER2796,22225.78,2025-01-18 00:32:29,Hyderabad,bill_payment,DEV188,0
TXN100723,USER4958,143581.47,2025-03-28 13:55:29,Mumbai,receive,DEV619,0
TXN100724,USER6775,29428.72,2025-01-28 12:19:29,Chennai,self_transfer,DEV520,0
TXN100725,USER8934,93913.1,2025-02-06 20:23:29,Kolkata,self_transfer,DEV500,0
TXN100726,USER4222,92230.11,2025-02-02 14:00:29,Delhi,bill_payment,DEV597,0
TXN100727,USER4951,22468.57,2025-01-29 15:10:29,Kolkata,receive,DEV633,0
TXN100728,USER2243,149368.29,2025-02-10 21:53:29,Ahmedabad,send,DEV551,0
TXN100729,USER5555,108048.59,2025-01-26 21:04:29,Pune,self_transfer,DEV257,0
TXN100730,USER1965,177681.54,2025-03-19 00:37:29,Bangalore,send,DEV494,0
TXN100731,USER6369,89079.92,2025-01-19 22:30:29,Hyderabad,merchant_payment,DEV164,0
TXN100732,USER2786,2941.18,2025-03-09 01:55:29,Bangalore,self_transfer,DEV818,0
TXN100733,USER6447,8286.65,2025-02-11 17:58:29,Kolkata,merchant_payment,DEV637,0
TXN100734,USER2706,40694.66,2025-02-16 22:41:29,Mumbai,self_transfer,DEV972,0
TXN100735,USER3630,19731.5,2025-02-14 17:20:29,Pune,bill_payment,DEV919,0
TXN100736,USER9871,112957.67,2025-02-28 18:57:29,Jaipur,receive,DEV183,0
TXN100737,USER9260,32576.72,2025-01-15 04:20:29,Pune,receive,DEV697,0
TXN100738,USER6759,67166.8,2025-02-07 20:37:29,Delhi,merchant_payment,DEV553,0
TXN100739,USER4947,27404.76,2025-01-21 10:42:29,Hyderabad,receive,DEV934,0
TXN100740,USER3531,33607.69,2025-04-07 07:16:29,Mumbai,send,DEV588,0
TXN100741,USER2833,22716.28,2025-02-28 10:21:29,Pune,receive,DEV765,0
TXN100742,USER7174,74930.35,2025-03-07 19:28:29,Pune,merchant_payment,DEV621,0
TXN100743,USER3612,94273.19,2025-02-09 10:54:29,Pune,bill_payment,DEV234,0
TXN100744,USER4950,96688.77,2025-02-11 16:26:29,Mumbai,merchant_payment,DEV829,0
TXN100745,USER9640,57314.62,2025-02-15 12:27:29,Bangalore,self_transfer,DEV110,0
TXN100746,USER8432,11644.05,2025-01-14 15:30:29,Ahmedabad,merchant_payment,DEV787,0
TXN100747,USER6491,133253.33,2025-01-23 14:19:29,Pune,receive,DEV277,0
TXN100748,USER6342,176195.46,2025-01-26 20:02:29,Hyderabad,send,DEV872,0
TXN100749,USER5689,133131.47,2025-01-24 01:08:29,Hyderabad,receive,DEV137,1
TXN100750,USER4925,41920.54,2025-03-07 00:43:29,Mumbai,send,DEV638,0
TXN100751,USER5086,188876.22,2025-02-05 20:31:29,Bangalore,bill_payment,DEV140,0
TXN100752,USER1502,57388.83,2025-03-22 07:54:29,Mumbai,send,DEV959,0
TXN100753,USER5480,154796.63,2025-02-27 10:40:29,Kolkata,merchant_payment,DEV754,0
TXN100754,USER3609,170486.42,2025-02-20 19:30:29,Ahmedabad,bill_payment,DEV335,0
TXN100755,USER5900,11300.24,2025-01-08 01:24:29,Hyderabad,bill_payment,DEV865,0
TXN100756,USER6394,118679.73,2025-03-28 03:49:29,Pune,self_transfer,DEV148,1
TXN100757,USER3488,8142.77,2025-01-09 05:18:29,Kolkata,send,DEV744,0
TXN100758,USER7865,85261.09,2025-03-25 09:53:29,Hyderabad,receive,DEV161,0
TXN100759,USER5331,121846.06,2025-01-27 06:01:29,Chennai,receive,DEV972,0
TXN100760,USER8759,193236.92,2025-03-19 04:14:29,Jaipur,self_transfer,DEV766,0
TXN100761,USER8289,116511.55,2025-03-01 18:34:29,Ahmedabad,self_transfer,DEV550,0
TXN100762,USER2602,25858.55,2025-02-07 12:29:29,Jaipur,bill_payment,DEV303,0
TXN100763,USER3588,139028.8,2025-03-01 08:44:29,Pune,send,DEV975,0
TXN100764,USER1449,134664.92,2025-04-04 22:18:29,Delhi,receive,DEV238,0
TXN100765,USER8912,167421.23,2025-02-12 18:32:29,Ahmedabad,merchant_payment,DEV280,0
TXN100766,USER9377,21616.1,2025-02-08 11:38:29,Mumbai,merchant_payment,DEV187,0
TXN100767,USER3699,74545.49,2025-02-27 14:27:29,Delhi,self_transfer,DEV830,0
TXN100768,USER6241,62429.72,2025-02-21 05:51:29,Kolkata,merchant_payment,DEV474,0
TXN100769,USER3926,161014.64,2025-01-20 15:21:29,Bangalore,merchant_payment,DEV456,0
TXN100770,USER5824,5817.95,2025-02-01 21:13:29,Pune,receive,DEV968,0
TXN100771,USER7515,182373.66,2025-01-08 01:16:29,Chennai,receive,DEV927,1
TXN100772,USER4805,175500.36,2025-02-14 21:13:29,Mumbai,bill_payment,DEV598,0
TXN100773,USER7385,92608.22,2025-02-14 13:29:29,Jaipur,send,DEV931,0
TXN100774,USER1673,181814.1,2025-03-03 17:02:29,Chennai,send,DEV373,0
TXN100775,USER8123,99439.05,2025-02-11 08:52:29,Jaipur,merchant_payment,DEV702,0
TXN100776,USER4104,107626.42,2025-04-05 02:50:29,Jaipur,bill_payment,DEV537,1
TXN100777,USER6659,113807.71,2025-03-05 08:11:29,Kolkata,bill_payment,DEV610,0
TXN100778,USER9103,20189.49,2025-02-05 00:31:29,Hyderabad,receive,DEV221,0
TXN100779,USER3999,183738.4,2025-01-08 08:59:29,Mumbai,send,DEV822,0
TXN100780,USER1081,48285.04,2025-01-17 06:07:29,Pune,send,DEV955,0
TXN100781,USER3898,158429.49,2025-03-20 15:49:29,Jaipur,bill_payment,DEV663,0
TXN100782,USER4308,122593.91,2025-01-22 05:37:29,Hyderabad,merchant_payment,DEV442,0
TXN100783,USER6506,55394.35,2025-02-21 07:38:29,Chennai,bill_payment,DEV300,0
TXN100784,USER3315,58655.81,2025-03-16 08:42:29,Delhi,send,DEV994,0
TXN100785,USER7334,94459.04,2025-03-07 13:10:29,Pune,merchant_payment,DEV397,0
TXN100786,USER7285,178279.24,2025-01-23 22:11:29,Ahmedabad,bill_payment,DEV304,0
TXN100787,USER4327,50116.03,2025-02-16 22:21:29,Pune,self_transfer,DEV624,0
TXN100788,USER7585,199693.31,2025-03-29 16:28:29,Ahmedabad,self_transfer,DEV728,0
TXN100789,USER2963,28528.26,2025-02-03 19:38:29,Jaipur,self_transfer,DEV169,0
TXN100790,USER2956,102572.58,2025-02-13 13:51:29,Jaipur,bill_payment,DEV231,0
TXN100791,USER5492,48495.98,2025-01-26 07:17:29,Ahmedabad,self_transfer,DEV284,0
TXN100792,USER2391,11350.8,2025-01-26 10:12:29,Chennai,bill_payment,DEV146,0
TXN100793,USER6109,51.35,2025-02-10 16:25:29,Pune,merchant_payment,DEV401,0
TXN100794,USER4134,12262.75,2025-01-18 22:07:29,Bangalore,self_transfer,DEV122,0
TXN100795,USER6008,81712.29,2025-03-14 06:54:29,Bangalore,merchant_payment,DEV207,0
TXN100796,USER1623,120765.65,2025-01-26 09:24:29,Bangalore,bill_payment,DEV761,0
TXN100797,USER9780,156902.99,2025-01-16 18:27:29,Bangalore,send,DEV455,0
TXN100798,USER4999,64639.94,2025-03-30 00:09:29,Delhi,self_transfer,DEV411,0
TXN100799,USER5026,176289.19,2025-01-22 15:20:29,Chennai,receive,DEV361,0
TXN100800,USER7210,6817.06,2025-01-17 12:38:29,Hyderabad,bill_payment,DEV734,0
TXN100801,USER4674,34242.42,2025-03-12 07:24:29,Mumbai,merchant_payment,DEV361,0
TXN100802,USER6339,37789.09,2025-04-06 05:22:29,Chennai,send,DEV608,0
TXN100803,USER8074,93170.86,2025-01-12 17:05:29,Ahmedabad,self_transfer,DEV294,0
TXN100804,USER7794,193286.26,2025-02-01 22:47:29,Ahmedabad,merchant_payment,DEV121,0
TXN100805,USER2587,155412.52,2025-02-22 09:48:29,Delhi,send,DEV357,0
TXN100806,USER4391,156019.55,2025-03-25 10:33:29,Pune,merchant_payment,DEV841,0
TXN100807,USER5101,89474.78,2025-03-24 05:44:29,Kolkata,send,DEV284,0
TXN100808,USER1627,169332.29,2025-01-22 01:31:29,Delhi,send,DEV503,1
TXN100809,USER1145,114763.22,2025-01-13 10:31:29,Hyderabad,bill_payment,DEV940,0
TXN100810,USER1017,140825.41,2025-03-28 15:06:29,Ahmedabad,bill_payment,DEV492,0
TXN100811,USER4670,112538.1,2025-02-20 04:00:29,Chennai,receive,DEV254,0
TXN100812,USER8821,170603.63,2025-02-26 15:51:29,Hyderabad,receive,DEV872,0
TXN100813,USER2005,155490.53,2025-04-03 03:58:29,Bangalore,self_transfer,DEV787,1
TXN100814,USER7401,173599.62,2025-04-06 05:43:29,Pune,send,DEV905,0
TXN100815,USER9983,195945.31,2025-01-18 10:59:29,Chennai,self_transfer,DEV620,0
TXN100816,USER8022,83834.95,2025-01-29 03:32:29,Ahmedabad,bill_payment,DEV166,0
TXN100817,USER5780,109137.26,2025-04-02 15:45:29,Delhi,receive,DEV131,0
TXN100818,USER5265,99857.7,2025-01-31 21:11:29,Bangalore,send,DEV236,0
TXN100819,USER6164,94036.66,2025-03-16 00:24:29,Delhi,send,DEV597,0
TXN100820,USER7195,177092.21,2025-03-01 01:37:29,Chennai,send,DEV814,1
TXN100821,USER5433,192775.67,2025-01-07 20:33:29,Ahmedabad,receive,DEV880,0
TXN100822,USER7822,1879.23,2025-02-09 02:46:29,Delhi,receive,DEV639,0
TXN100823,USER8719,49831.58,2025-03-24 23:39:29,Kolkata,send,DEV984,0
TXN100824,USER8973,178058.59,2025-02-22 20:06:29,Pune,merchant_payment,DEV392,0
TXN100825,USER6625,132060.36,2025-01-30 13:49:29,Ahmedabad,self_transfer,DEV127,0
TXN100826,USER4711,125734.45,2025-02-13 09:17:29,Mumbai,send,DEV491,0
TXN100827,USER2720,17756.44,2025-03-23 12:46:29,Bangalore,self_transfer,DEV174,0
TXN100828,USER1087,100524.56,2025-02-06 08:38:29,Ahmedabad,send,DEV140,0
TXN100829,USER7465,50178.73,2025-03-15 12:38:29,Delhi,self_transfer,DEV379,0
TXN100830,USER2009,87171.64,2025-01-30 22:36:29,Pune,merchant_payment,DEV115,0
TXN100831,USER6739,43040.8,2025-01-23 13:29:29,Chennai,receive,DEV318,0
TXN100832,USER4707,44813.12,2025-04-07 03:06:29,Delhi,merchant_payment,DEV780,0
TXN100833,USER2675,78333.67,2025-02-15 15:30:29,Hyderabad,send,DEV157,0
TXN100834,USER7041,835.57,2025-01-20 23:22:29,Delhi,self_transfer,DEV900,0
TXN100835,USER5676,83107.02,2025-02-16 18:32:29,Hyderabad,self_transfer,DEV347,0
TXN100836,USER6685,130532.54,2025-02-28 01:54:29,Hyderabad,self_transfer,DEV875,1
TXN100837,USER4400,8409.12,2025-02-22 22:49:29,Delhi,self_transfer,DEV124,0
TXN100838,USER4214,14737.97,2025-02-10 15:36:29,Pune,send,DEV268,0
TXN100839,USER4604,138651.47,2025-03-17 11:22:29,Bangalore,bill_payment,DEV680,0
TXN100840,USER3405,165097.05,2025-01-17 07:39:29,Jaipur,bill_payment,DEV961,0
TXN100841,USER4922,144695.78,2025-01-31 08:10:29,Bangalore,send,DEV253,0
TXN100842,USER5291,88190.85,2025-03-17 11:45:29,Bangalore,self_transfer,DEV440,0
TXN100843,USER9913,31456.4,2025-01-12 21:53:29,Delhi,send,DEV454,0
TXN100844,USER4135,168726.75,2025-02-01 16:37:29,Chennai,receive,DEV606,0
TXN100845,USER9021,147984.35,2025-02-17 14:28:29,Bangalore,merchant_payment,DEV561,0
TXN100846,USER1153,124347.3,2025-02-23 22:05:29,Delhi,receive,DEV113,0
TXN100847,USER3699,56090.12,2025-02-24 16:24:29,Mumbai,receive,DEV237,0
TXN100848,USER9326,144597.55,2025-02-03 13:09:29,Mumbai,send,DEV367,0
TXN100849,USER9128,196380.66,2025-02-18 11:38:29,Hyderabad,merchant_payment,DEV923,0
TXN100850,USER1999,87192.78,2025-01-12 07:26:29,Hyderabad,merchant_payment,DEV107,0
TXN100851,USER6701,174289.62,2025-03-23 09:56:29,Jaipur,self_transfer,DEV763,0
TXN100852,USER9904,151170.79,2025-02-06 17:20:29,Kolkata,merchant_payment,DEV321,0
TXN100853,USER1266,97068.92,2025-03-10 05:10:29,Delhi,self_transfer,DEV581,0
TXN100854,USER2245,14216.17,2025-01-17 19:10:29,Pune,receive,DEV686,0
TXN100855,USER6838,49452.63,2025-04-06 23:09:29,Delhi,merchant_payment,DEV118,0
TXN100856,USER7950,198052.24,2025-01-24 09:33:29,Pune,self_transfer,DEV101,1
TXN100857,USER3616,160425.6,2025-02-05 02:32:29,Jaipur,receive,DEV535,1
TXN100858,USER2414,26100.78,2025-02-24 12:49:29,Ahmedabad,bill_payment,DEV831,0
TXN100859,USER7286,77899.21,2025-01-17 23:24:29,Mumbai,send,DEV312,0
TXN100860,USER8673,192468.38,2025-03-02 06:03:29,Bangalore,send,DEV998,0
TXN100861,USER3044,148711.29,2025-04-06 01:17:29,Chennai,receive,DEV875,1
TXN100862,USER9641,182504.11,2025-02-17 02:49:29,Hyderabad,merchant_payment,DEV162,1
TXN100863,USER1919,161110.15,2025-03-06 01:45:29,Hyderabad,receive,DEV902,1
TXN100864,USER9520,45417.1,2025-04-05 13:56:29,Chennai,receive,DEV369,0
TXN100865,USER6506,15558.08,2025-01-24 15:30:29,Chennai,receive,DEV562,0
TXN100866,USER3309,86763.66,2025-03-20 12:07:29,Mumbai,bill_payment,DEV348,0
TXN100867,USER4294,191904.25,2025-02-14 18:42:29,Mumbai,send,DEV829,0
TXN100868,USER4809,117867.01,2025-01-15 10:23:29,Bangalore,receive,DEV284,0
TXN100869,USER7933,59069.28,2025-01-08 16:53:29,Hyderabad,merchant_payment,DEV786,0
TXN100870,USER8063,65034.33,2025-02-02 15:16:29,Bangalore,merchant_payment,DEV982,0
TXN100871,USER8058,184517.06,2025-01-11 22:53:29,Jaipur,receive,DEV774,0
TXN100872,USER5438,95311.8,2025-03-31 20:17:29,Kolkata,receive,DEV114,0
TXN100873,USER5252,26706.81,2025-03-25 12:12:29,Chennai,receive,DEV698,0
TXN100874,USER2107,83218.04,2025-03-30 22:32:29,Chennai,receive,DEV211,0
TXN100875,USER2118,166006.04,2025-01-25 22:46:29,Bangalore,receive,DEV233,0
TXN100876,USER4465,106185.55,2025-03-10 03:17:29,Kolkata,receive,DEV200,1
TXN100877,USER5913,98812.94,2025-02-10 02:50:29,Delhi,self_transfer,DEV166,0
TXN100878,USER6696,58982.33,2025-03-20 17:27:29,Chennai,send,DEV740,0
TXN100879,USER7046,10611.11,2025-03-14 21:00:29,Ahmedabad,bill_payment,DEV287,0
TXN100880,USER9725,91929.5,2025-02-25 07:19:29,Ahmedabad,send,DEV682,0
TXN100881,USER2513,75684.26,2025-02-28 02:25:29,Jaipur,receive,DEV197,0
TXN100882,USER6217,159811.53,2025-02-04 21:40:29,Pune,merchant_payment,DEV179,0
TXN100883,USER8699,75158.11,2025-03-11 16:19:29,Ahmedabad,merchant_payment,DEV516,0
TXN100884,USER5965,24424.69,2025-02-12 22:50:29,Jaipur,bill_payment,DEV721,0
TXN100885,USER8476,63608.38,2025-04-06 07:35:29,Bangalore,receive,DEV763,0
TXN100886,USER1350,190597.52,2025-01-16 22:17:29,Jaipur,self_transfer,DEV980,0
TXN100887,USER1585,52104.39,2025-02-06 18:55:29,Mumbai,bill_payment,DEV200,0
TXN100888,USER6638,104342.31,2025-03-01 20:47:29,Jaipur,send,DEV808,0
TXN100889,USER2257,77945.03,2025-02-24 12:34:29,Bangalore,merchant_payment,DEV682,0
TXN100890,USER7943,120051.16,2025-03-06 16:29:29,Delhi,merchant_payment,DEV747,0
TXN100891,USER2439,116503.16,2025-02-26 16:53:29,Delhi,merchant_payment,DEV359,0
TXN100892,USER9276,121550.17,2025-02-08 15:44:29,Hyderabad,bill_payment,DEV539,0
TXN100893,USER8294,183478.65,2025-04-04 14:11:29,Pune,receive,DEV283,0
TXN100894,USER5782,7799.3,2025-03-06 17:34:29,Kolkata,self_transfer,DEV313,0
TXN100895,USER3004,19003.7,2025-02-15 08:16:29,Ahmedabad,bill_payment,DEV746,0
TXN100896,USER2088,186953.63,2025-01-27 06:55:29,Pune,bill_payment,DEV840,0
TXN100897,USER6373,181537.67,2025-02-09 11:31:29,Bangalore,merchant_payment,DEV833,0
TXN100898,USER1341,151969.4,2025-01-18 05:28:29,Mumbai,bill_payment,DEV268,0
TXN100899,USER2746,65548.43,2025-03-23 19:43:29,Pune,bill_payment,DEV162,0
TXN100900,USER4659,68891.94,2025-03-11 00:12:29,Ahmedabad,bill_payment,DEV295,0
TXN100901,USER9420,142780.63,2025-03-22 14:30:29,Kolkata,self_transfer,DEV142,0
TXN100902,USER4767,180435.04,2025-01-07 13:04:29,Mumbai,receive,DEV441,0
TXN100903,USER2463,6447.03,2025-04-06 12:50:29,Jaipur,self_transfer,DEV190,0
TXN100904,USER8759,187107.61,2025-02-10 22:01:29,Jaipur,self_transfer,DEV593,0
TXN100905,USER1479,74563.75,2025-03-10 02:16:29,Bangalore,self_transfer,DEV410,0
TXN100906,USER9524,46046.11,2025-03-15 03:58:29,Bangalore,send,DEV342,0
TXN100907,USER5963,160142.13,2025-02-02 17:42:29,Ahmedabad,bill_payment,DEV277,0
TXN100908,USER7788,162468.21,2025-02-15 01:52:29,Chennai,merchant_payment,DEV157,1
TXN100909,USER6524,17171.05,2025-02-09 05:15:29,Bangalore,send,DEV808,0
TXN100910,USER9672,145398.91,2025-01-28 01:41:29,Delhi,merchant_payment,DEV201,1
TXN100911,USER2680,146759.36,2025-03-14 03:15:29,Hyderabad,receive,DEV129,1
TXN100912,USER7646,87721.59,2025-01-26 13:01:29,Bangalore,merchant_payment,DEV553,0
TXN100913,USER2153,17492.98,2025-01-25 05:41:29,Delhi,self_transfer,DEV464,0
TXN100914,USER6238,188473.88,2025-02-12 00:59:29,Jaipur,bill_payment,DEV429,0
TXN100915,USER9206,122148.63,2025-04-01 20:57:29,Kolkata,receive,DEV447,0
TXN100916,USER1374,167053.65,2025-03-01 10:19:29,Ahmedabad,receive,DEV643,1
TXN100917,USER5119,179157.35,2025-03-27 22:20:29,Chennai,bill_payment,DEV243,0
TXN100918,USER7091,91115.16,2025-02-09 21:03:29,Ahmedabad,bill_payment,DEV242,0
TXN100919,USER7713,96199.79,2025-02-03 22:46:29,Pune,bill_payment,DEV496,0
TXN100920,USER7604,188417.96,2025-01-15 21:29:29,Hyderabad,bill_payment,DEV515,0
TXN100921,USER6147,5068.77,2025-03-31 20:44:29,Bangalore,bill_payment,DEV534,0
TXN100922,USER3384,6580.32,2025-02-11 06:54:29,Pune,self_transfer,DEV406,0
TXN100923,USER1039,112036.1,2025-02-28 15:37:29,Pune,send,DEV575,0
TXN100924,USER6141,81689.86,2025-03-30 01:28:29,Bangalore,receive,DEV791,0
TXN100925,USER4319,135453.11,2025-02-14 05:59:29,Chennai,merchant_payment,DEV898,0
TXN100926,USER7657,199109.18,2025-03-25 01:31:29,Jaipur,bill_payment,DEV718,1
TXN100927,USER5280,179642.02,2025-03-15 09:21:29,Kolkata,self_transfer,DEV932,0
TXN100928,USER5062,76230.66,2025-03-02 13:36:29,Bangalore,self_transfer,DEV729,0
TXN100929,USER3476,175579.48,2025-02-17 19:53:29,Chennai,self_transfer,DEV844,0
TXN100930,USER2068,121912.89,2025-02-20 20:29:29,Ahmedabad,bill_payment,DEV767,0
TXN100931,USER4127,76897.38,2025-04-01 09:27:29,Pune,self_transfer,DEV891,0
TXN100932,USER9964,37488.5,2025-02-08 20:05:29,Delhi,bill_payment,DEV480,0
TXN100933,USER1461,15465.19,2025-04-05 22:38:29,Chennai,merchant_payment,DEV513,0
TXN100934,USER8247,120701.28,2025-02-06 06:16:29,Kolkata,self_transfer,DEV997,0
TXN100935,USER2610,119266.01,2025-02-13 01:56:29,Kolkata,send,DEV675,1
TXN100936,USER1584,66415.87,2025-02-17 01:27:29,Jaipur,bill_payment,DEV970,0
TXN100937,USER2089,11183.72,2025-04-05 06:17:29,Jaipur,merchant_payment,DEV397,0
TXN100938,USER8892,42685.8,2025-01-29 07:53:29,Bangalore,send,DEV270,0
TXN100939,USER3790,173613.55,2025-03-07 01:59:29,Ahmedabad,self_transfer,DEV321,1
TXN100940,USER2776,165781.54,2025-03-21 13:30:29,Chennai,self_transfer,DEV719,0
TXN100941,USER7728,47102.75,2025-01-25 20:51:29,Jaipur,send,DEV601,0
TXN100942,USER9902,2832.99,2025-03-14 01:20:29,Pune,self_transfer,DEV796,0
TXN100943,USER8096,89514.14,2025-03-04 11:24:29,Hyderabad,send,DEV517,0
TXN100944,USER7037,67206.42,2025-02-01 22:46:29,Delhi,merchant_payment,DEV586,0
TXN100945,USER2668,57319.31,2025-01-14 03:56:29,Ahmedabad,send,DEV678,1
TXN100946,USER1944,108395.72,2025-02-10 14:55:29,Kolkata,send,DEV117,0
TXN100947,USER3838,156251.55,2025-03-29 16:35:29,Chennai,receive,DEV611,0
TXN100948,USER9722,26176.48,2025-01-21 12:39:29,Kolkata,bill_payment,DEV260,0
TXN100949,USER3395,123834.82,2025-01-24 23:32:29,Mumbai,send,DEV257,0
TXN100950,USER7001,131023.71,2025-01-10 07:29:29,Chennai,bill_payment,DEV180,0
TXN100951,USER2018,159196.6,2025-01-17 03:49:29,Kolkata,receive,DEV747,1
TXN100952,USER4489,126209.89,2025-01-13 06:27:29,Delhi,send,DEV551,0
TXN100953,USER1691,120739.33,2025-03-23 09:21:29,Kolkata,self_transfer,DEV886,0
TXN100954,USER4288,82689.59,2025-01-10 14:10:29,Kolkata,merchant_payment,DEV439,0
TXN100955,USER2277,104110.52,2025-03-11 12:32:29,Chennai,bill_payment,DEV448,0
TXN100956,USER2903,22173.28,2025-03-10 20:06:29,Jaipur,self_transfer,DEV154,0
TXN100957,USER5450,82757.98,2025-02-08 19:38:29,Ahmedabad,receive,DEV338,0
TXN100958,USER6647,57048.53,2025-02-25 20:56:29,Delhi,bill_payment,DEV651,0
TXN100959,USER5579,194025.12,2025-03-11 06:57:29,Ahmedabad,bill_payment,DEV800,0
TXN100960,USER7178,128995.96,2025-01-19 06:59:29,Kolkata,send,DEV484,0
TXN100961,USER1333,110672.18,2025-02-14 06:12:29,Mumbai,send,DEV871,1
TXN100962,USER5056,18420.25,2025-02-19 03:35:29,Pune,send,DEV178,0
TXN100963,USER9271,150912.08,2025-02-23 06:05:29,Bangalore,self_transfer,DEV999,0
TXN100964,USER9024,6728.28,2025-03-03 23:37:29,Pune,receive,DEV989,0
TXN100965,USER8828,137449.34,2025-02-21 10:25:29,Jaipur,self_transfer,DEV171,0
TXN100966,USER8801,7979.05,2025-03-08 19:04:29,Kolkata,send,DEV863,0
TXN100967,USER4842,130295.6,2025-02-10 01:55:29,Chennai,bill_payment,DEV568,1
TXN100968,USER8632,116570.44,2025-02-11 12:19:29,Pune,receive,DEV924,0
TXN100969,USER4289,5744.37,2025-02-22 15:47:29,Delhi,bill_payment,DEV734,0
TXN100970,USER2790,177502.23,2025-02-17 21:56:29,Kolkata,self_transfer,DEV877,0
TXN100971,USER2149,86323.39,2025-01-28 07:29:29,Ahmedabad,send,DEV745,0
TXN100972,USER3454,194100.81,2025-04-07 04:42:29,Bangalore,receive,DEV280,0
TXN100973,USER7912,194101.05,2025-01-21 19:48:29,Chennai,self_transfer,DEV311,0
TXN100974,USER5815,717.55,2025-02-20 20:28:29,Mumbai,bill_payment,DEV939,0
TXN100975,USER1341,197334.33,2025-03-05 14:58:29,Hyderabad,send,DEV334,0
TXN100976,USER2890,112608.29,2025-01-18 07:14:29,Kolkata,merchant_payment,DEV753,0
TXN100977,USER3229,117098.07,2025-03-26 11:47:29,Chennai,merchant_payment,DEV542,0
TXN100978,USER2689,123080.58,2025-02-21 16:13:29,Delhi,self_transfer,DEV596,0
TXN100979,USER8388,65243.59,2025-03-14 16:45:29,Ahmedabad,send,DEV540,0
TXN100980,USER1834,70630.14,2025-02-01 13:06:29,Mumbai,self_transfer,DEV789,0
TXN100981,USER8758,27126.97,2025-03-04 04:19:29,Ahmedabad,receive,DEV903,0
TXN100982,USER1641,57434.07,2025-02-04 19:54:29,Kolkata,bill_payment,DEV105,0
TXN100983,USER7845,78325.49,2025-03-07 09:46:29,Pune,self_transfer,DEV523,0
TXN100984,USER3211,23354.62,2025-01-31 20:53:29,Jaipur,send,DEV874,0
TXN100985,USER1294,180609.42,2025-02-11 16:20:29,Jaipur,self_transfer,DEV878,0
TXN100986,USER9263,127989.0,2025-03-21 10:50:29,Pune,self_transfer,DEV507,0
TXN100987,USER8077,22109.15,2025-02-12 22:44:29,Jaipur,send,DEV253,0
TXN100988,USER4611,125214.94,2025-02-01 10:43:29,Chennai,send,DEV626,0
TXN100989,USER4361,101540.36,2025-02-21 13:19:29,Chennai,self_transfer,DEV618,0
TXN100990,USER9418,133885.75,2025-02-01 01:06:29,Chennai,bill_payment,DEV551,1
TXN100991,USER8314,35210.77,2025-01-13 09:27:29,Chennai,send,DEV412,0
TXN100992,USER6588,25504.88,2025-03-13 05:55:29,Kolkata,self_transfer,DEV111,0
TXN100993,USER1709,145831.44,2025-03-14 08:11:29,Chennai,receive,DEV402,0
TXN100994,USER6477,127657.48,2025-03-29 19:03:29,Jaipur,self_transfer,DEV568,0
TXN100995,USER4758,107608.7,2025-03-06 16:12:29,Jaipur,self_transfer,DEV475,0
TXN100996,USER9009,25422.38,2025-01-28 23:09:29,Delhi,bill_payment,DEV564,0
TXN100997,USER9708,148173.48,2025-01-24 17:41:29,Ahmedabad,merchant_payment,DEV415,0
TXN100998,USER8763,42368.04,2025-01-20 12:32:29,Mumbai,receive,DEV940,0
TXN100999,USER3540,170426.6,2025-01-30 20:13:29,Bangalore,merchant_payment,DEV279,0
TXN101000,USER7853,128220.26,2025-03-29 10:12:29,Bangalore,receive,DEV870,0
TXN101001,USER9146,112529.11,2025-01-07 21:38:29,Ahmedabad,merchant_payment,DEV910,0
TXN101002,USER6445,51116.21,2025-02-24 13:23:29,Mumbai,bill_payment,DEV235,0
TXN101003,USER1809,70239.49,2025-02-22 08:48:29,Delhi,merchant_payment,DEV821,0
TXN101004,USER7236,39323.74,2025-04-02 22:07:29,Hyderabad,receive,DEV514,0
TXN101005,USER5213,194130.33,2025-04-06 11:54:29,Hyderabad,bill_payment,DEV921,0
TXN101006,USER8573,175290.64,2025-03-26 18:40:29,Bangalore,send,DEV497,0
TXN101007,USER5400,195645.55,2025-04-01 05:54:29,Chennai,self_transfer,DEV346,0
TXN101008,USER5271,178233.82,2025-01-12 02:34:29,Hyderabad,receive,DEV985,1
TXN101009,USER4731,62316.6,2025-03-02 14:55:29,Pune,self_transfer,DEV384,0
TXN101010,USER5262,124705.69,2025-03-25 03:56:29,Jaipur,receive,DEV844,1
TXN101011,USER6147,89027.01,2025-03-07 09:27:29,Mumbai,bill_payment,DEV916,0
TXN101012,USER1502,137960.5,2025-03-30 08:26:29,Kolkata,bill_payment,DEV721,0
TXN101013,USER8949,132507.84,2025-04-06 22:21:29,Delhi,send,DEV927,0
TXN101014,USER6907,147445.76,2025-01-25 21:27:29,Pune,self_transfer,DEV310,0
TXN101015,USER9527,172511.66,2025-03-17 14:58:29,Jaipur,self_transfer,DEV363,0
TXN101016,USER7670,106948.89,2025-02-12 14:16:29,Mumbai,bill_payment,DEV555,0
TXN101017,USER8862,39690.55,2025-01-09 03:55:29,Kolkata,bill_payment,DEV145,0
TXN101018,USER4874,55547.52,2025-04-05 05:36:29,Chennai,receive,DEV688,0
TXN101019,USER2060,93409.86,2025-03-27 20:16:29,Ahmedabad,receive,DEV730,0
TXN101020,USER1049,113950.59,2025-03-28 19:03:29,Pune,send,DEV513,0
TXN101021,USER8426,97110.63,2025-01-23 15:49:29,Delhi,send,DEV994,0
TXN101022,USER8838,167402.04,2025-01-10 01:14:29,Chennai,merchant_payment,DEV283,1
TXN101023,USER9551,53446.59,2025-02-18 16:24:29,Kolkata,self_transfer,DEV504,0
TXN101024,USER1625,134825.49,2025-01-21 10:34:29,Bangalore,receive,DEV584,0
TXN101025,USER2404,114959.46,2025-03-13 03:34:29,Bangalore,send,DEV147,1
TXN101026,USER1196,182235.33,2025-01-27 22:00:29,Mumbai,self_transfer,DEV878,0
TXN101027,USER1556,193010.09,2025-03-10 07:31:29,Bangalore,receive,DEV573,0
TXN101028,USER6635,27619.78,2025-02-06 10:45:29,Ahmedabad,send,DEV692,0
TXN101029,USER1321,156047.54,2025-02-27 13:19:29,Ahmedabad,send,DEV219,0
TXN101030,USER9100,139567.51,2025-03-30 02:44:29,Kolkata,bill_payment,DEV882,1
TXN101031,USER8466,119343.53,2025-03-24 07:05:29,Jaipur,receive,DEV365,0
TXN101032,USER3653,128836.47,2025-03-03 14:58:29,Ahmedabad,receive,DEV885,0
TXN101033,USER3687,48443.29,2025-04-03 09:33:29,Delhi,self_transfer,DEV365,0
TXN101034,USER5480,119639.78,2025-03-05 00:37:29,Pune,self_transfer,DEV365,0
TXN101035,USER4227,155910.91,2025-01-19 14:25:29,Ahmedabad,self_transfer,DEV478,0
TXN101036,USER1648,29841.85,2025-04-02 18:43:29,Kolkata,merchant_payment,DEV731,0
TXN101037,USER4630,78095.02,2025-02-11 13:31:29,Bangalore,self_transfer,DEV479,0
TXN101038,USER4617,112895.29,2025-01-15 02:03:29,Chennai,bill_payment,DEV280,1
TXN101039,USER7525,38967.97,2025-01-13 07:33:29,Bangalore,receive,DEV889,0
TXN101040,USER5992,128678.24,2025-01-06 22:40:29,Pune,send,DEV960,0
TXN101041,USER9273,128443.11,2025-03-23 16:11:29,Ahmedabad,merchant_payment,DEV346,0
TXN101042,USER7663,75269.79,2025-03-09 16:51:29,Chennai,merchant_payment,DEV847,0
TXN101043,USER1777,30997.08,2025-03-30 22:59:29,Jaipur,send,DEV143,0
TXN101044,USER7439,8015.28,2025-02-12 19:02:29,Hyderabad,self_transfer,DEV232,0
TXN101045,USER8055,151552.76,2025-01-15 07:04:29,Mumbai,merchant_payment,DEV712,0
TXN101046,USER1993,132863.04,2025-01-14 19:09:29,Hyderabad,receive,DEV836,0
TXN101047,USER4814,995.98,2025-03-09 04:58:29,Delhi,receive,DEV427,0
TXN101048,USER9048,72225.55,2025-02-14 08:15:29,Delhi,self_transfer,DEV102,0
TXN101049,USER5481,197547.58,2025-03-01 11:10:29,Bangalore,self_transfer,DEV118,0
TXN101050,USER9024,87588.7,2025-03-17 13:34:29,Bangalore,merchant_payment,DEV352,0
TXN101051,USER6477,128399.18,2025-03-23 02:03:29,Chennai,bill_payment,DEV283,1
TXN101052,USER9415,92307.52,2025-01-23 05:48:29,Chennai,receive,DEV673,0
TXN101053,USER5738,49167.52,2025-03-26 17:39:29,Jaipur,self_transfer,DEV599,0
TXN101054,USER3671,180231.87,2025-02-18 06:17:29,Kolkata,send,DEV610,0
TXN101055,USER9096,69918.34,2025-03-02 16:05:29,Delhi,merchant_payment,DEV453,0
TXN101056,USER9468,173883.45,2025-03-01 17:53:29,Mumbai,bill_payment,DEV799,0
TXN101057,USER8151,63987.82,2025-03-15 06:49:29,Pune,self_transfer,DEV116,0
TXN101058,USER5945,141237.02,2025-02-27 06:14:29,Pune,merchant_payment,DEV115,0
TXN101059,USER1322,2368.86,2025-01-14 17:31:29,Ahmedabad,receive,DEV393,0
TXN101060,USER9422,55769.19,2025-02-13 10:59:29,Delhi,receive,DEV539,0
TXN101061,USER1132,9849.36,2025-01-08 18:55:29,Bangalore,receive,DEV714,0
TXN101062,USER6752,114397.18,2025-02-05 05:29:29,Bangalore,merchant_payment,DEV971,0
TXN101063,USER1248,17681.41,2025-02-02 09:41:29,Chennai,send,DEV681,0
TXN101064,USER1481,107636.28,2025-01-17 02:08:29,Mumbai,merchant_payment,DEV277,1
TXN101065,USER8888,119200.22,2025-03-23 20:46:29,Ahmedabad,send,DEV740,0
TXN101066,USER9866,126133.41,2025-04-01 05:51:29,Delhi,self_transfer,DEV180,0
TXN101067,USER4838,114948.84,2025-01-11 00:15:29,Ahmedabad,self_transfer,DEV895,0
TXN101068,USER7146,73343.66,2025-02-14 08:43:29,Ahmedabad,self_transfer,DEV345,0
TXN101069,USER2930,152620.31,2025-02-28 16:12:29,Ahmedabad,send,DEV342,0
TXN101070,USER2030,31018.38,2025-03-19 09:09:29,Chennai,receive,DEV647,0
TXN101071,USER2924,42820.42,2025-01-20 07:15:29,Kolkata,send,DEV141,0
TXN101072,USER4090,126395.98,2025-03-30 10:46:29,Pune,receive,DEV377,0
TXN101073,USER3520,177139.58,2025-02-14 10:39:29,Mumbai,self_transfer,DEV118,0
TXN101074,USER6559,91741.85,2025-01-19 10:53:29,Jaipur,send,DEV832,0
TXN101075,USER3179,86466.64,2025-01-12 17:41:29,Delhi,merchant_payment,DEV628,0
TXN101076,USER3554,185176.42,2025-03-11 07:41:29,Mumbai,send,DEV424,0
TXN101077,USER7884,145669.78,2025-04-06 01:48:29,Ahmedabad,receive,DEV603,1
TXN101078,USER9454,119477.95,2025-03-09 16:13:29,Bangalore,merchant_payment,DEV459,0
TXN101079,USER2715,109129.97,2025-02-24 03:26:29,Jaipur,bill_payment,DEV940,1
TXN101080,USER3641,99416.48,2025-02-20 17:34:29,Ahmedabad,merchant_payment,DEV452,0
TXN101081,USER9429,57641.67,2025-02-18 18:35:29,Pune,self_transfer,DEV549,0
TXN101082,USER8333,161466.7,2025-02-14 15:06:29,Mumbai,merchant_payment,DEV915,0
TXN101083,USER7081,277.7,2025-03-17 13:49:29,Jaipur,receive,DEV174,0
TXN101084,USER6675,3348.89,2025-02-18 18:37:29,Delhi,send,DEV244,0
TXN101085,USER7254,121514.68,2025-01-23 19:29:29,Jaipur,receive,DEV935,0
TXN101086,USER8891,68785.42,2025-02-08 00:15:29,Hyderabad,receive,DEV572,0
TXN101087,USER5009,184993.04,2025-01-14 02:38:29,Mumbai,receive,DEV433,1
TXN101088,USER1334,33907.39,2025-03-29 18:25:29,Jaipur,bill_payment,DEV850,0
TXN101089,USER1294,190195.59,2025-03-05 13:12:29,Kolkata,send,DEV544,0
TXN101090,USER5881,90700.19,2025-03-07 18:21:29,Jaipur,send,DEV646,0
TXN101091,USER5738,173572.65,2025-03-06 16:49:29,Bangalore,bill_payment,DEV318,0
TXN101092,USER3131,178407.96,2025-02-21 19:04:29,Ahmedabad,receive,DEV846,0
TXN101093,USER2962,43847.93,2025-03-28 07:53:29,Kolkata,merchant_payment,DEV383,0
TXN101094,USER7050,90101.69,2025-01-30 15:37:29,Hyderabad,self_transfer,DEV280,0
TXN101095,USER4296,163021.37,2025-03-30 20:52:29,Hyderabad,send,DEV916,0
TXN101096,USER5964,109968.05,2025-03-17 05:34:29,Pune,merchant_payment,DEV989,0
TXN101097,USER2659,6021.2,2025-03-15 13:15:29,Chennai,self_transfer,DEV309,0
TXN101098,USER6850,199315.4,2025-02-11 10:31:29,Ahmedabad,self_transfer,DEV379,0
TXN101099,USER9091,147254.08,2025-03-30 16:58:29,Ahmedabad,send,DEV144,0
TXN101100,USER2881,121512.47,2025-01-14 18:44:29,Hyderabad,merchant_payment,DEV141,0
TXN101101,USER8542,193259.25,2025-03-27 07:36:29,Chennai,receive,DEV390,0
TXN101102,USER3632,188930.39,2025-01-08 21:53:29,Hyderabad,receive,DEV941,0
TXN101103,USER3654,4125.71,2025-03-02 07:16:29,Mumbai,bill_payment,DEV601,0
TXN101104,USER7221,54019.04,2025-01-07 21:11:29,Pune,send,DEV444,0
TXN101105,USER3321,159811.26,2025-02-27 16:41:29,Ahmedabad,receive,DEV326,0
TXN101106,USER8464,24129.42,2025-01-23 19:36:29,Hyderabad,receive,DEV173,0
TXN101107,USER3886,141708.14,2025-02-22 17:39:29,Bangalore,receive,DEV180,0
TXN101108,USER2538,139439.82,2025-02-26 07:21:29,Ahmedabad,bill_payment,DEV422,0
TXN101109,USER3650,54682.31,2025-02-23 09:37:29,Pune,send,DEV608,0
TXN101110,USER9356,126357.48,2025-02-16 19:26:29,Hyderabad,self_transfer,DEV391,0
TXN101111,USER6801,111471.07,2025-01-30 20:32:29,Kolkata,receive,DEV765,0
TXN101112,USER7033,178869.08,2025-02-16 14:01:29,Mumbai,receive,DEV943,0
TXN101113,USER8562,96927.68,2025-02-03 15:05:29,Delhi,self_transfer,DEV262,0
TXN101114,USER6980,179412.53,2025-02-07 22:09:29,Bangalore,receive,DEV340,0
TXN101115,USER4249,112120.07,2025-01-29 05:44:29,Kolkata,bill_payment,DEV878,0
TXN101116,USER9255,23962.97,2025-03-31 12:00:29,Chennai,receive,DEV996,0
TXN101117,USER4587,56558.45,2025-01-22 00:32:29,Ahmedabad,self_transfer,DEV561,0
TXN101118,USER8514,21065.74,2025-03-11 12:45:29,Delhi,merchant_payment,DEV375,0
TXN101119,USER9438,93146.07,2025-03-11 09:33:29,Ahmedabad,bill_payment,DEV150,0
TXN101120,USER9640,146291.98,2025-01-29 12:19:29,Hyderabad,send,DEV827,0
TXN101121,USER9171,124636.98,2025-01-06 20:28:29,Bangalore,send,DEV539,0
TXN101122,USER5252,17249.61,2025-03-01 13:52:29,Kolkata,merchant_payment,DEV182,0
TXN101123,USER3656,65273.83,2025-01-12 12:59:29,Delhi,merchant_payment,DEV688,0
TXN101124,USER7555,163048.34,2025-02-25 09:31:29,Jaipur,receive,DEV755,0
TXN101125,USER7291,158101.47,2025-02-04 04:29:29,Mumbai,bill_payment,DEV640,0
TXN101126,USER5254,1580.1,2025-01-22 15:07:29,Kolkata,merchant_payment,DEV289,0
TXN101127,USER1691,21534.53,2025-02-20 03:29:29,Chennai,bill_payment,DEV487,0
TXN101128,USER8794,165378.32,2025-03-12 22:52:29,Ahmedabad,bill_payment,DEV506,0
TXN101129,USER7648,105040.19,2025-03-13 10:30:29,Kolkata,send,DEV591,0
TXN101130,USER9950,97754.95,2025-01-22 19:44:29,Chennai,send,DEV851,0
TXN101131,USER5251,179210.93,2025-02-24 01:20:29,Jaipur,self_transfer,DEV631,1
TXN101132,USER1715,161054.72,2025-02-20 01:33:29,Chennai,receive,DEV994,1
TXN101133,USER1914,61380.57,2025-03-02 07:03:29,Ahmedabad,receive,DEV923,0
TXN101134,USER4915,61173.41,2025-02-20 05:44:29,Jaipur,send,DEV427,0
TXN101135,USER4869,76017.83,2025-03-15 16:52:29,Jaipur,bill_payment,DEV448,0
TXN101136,USER3048,6962.55,2025-03-08 23:24:29,Chennai,self_transfer,DEV672,1
TXN101137,USER6081,196135.48,2025-03-06 23:43:29,Jaipur,self_transfer,DEV522,0
TXN101138,USER4709,46612.42,2025-01-15 16:21:29,Ahmedabad,send,DEV505,0
TXN101139,USER4804,49983.25,2025-01-12 01:07:29,Mumbai,bill_payment,DEV746,0
TXN101140,USER1635,194620.23,2025-02-05 11:46:29,Pune,merchant_payment,DEV489,0
TXN101141,USER1043,183288.32,2025-02-07 22:19:29,Ahmedabad,send,DEV785,0
TXN101142,USER7430,37010.56,2025-01-08 12:57:29,Jaipur,receive,DEV373,0
TXN101143,USER2641,77463.54,2025-02-23 15:39:29,Jaipur,self_transfer,DEV184,0
TXN101144,USER8264,123379.73,2025-02-22 16:24:29,Bangalore,self_transfer,DEV987,0
TXN101145,USER5824,55836.05,2025-03-24 21:50:29,Kolkata,self_transfer,DEV739,0
TXN101146,USER1621,10891.05,2025-02-06 06:49:29,Chennai,merchant_payment,DEV887,0
TXN101147,USER6878,50906.77,2025-03-27 09:06:29,Jaipur,receive,DEV946,0
TXN101148,USER1803,184479.32,2025-03-02 01:35:29,Jaipur,merchant_payment,DEV250,1
TXN101149,USER2272,19118.69,2025-03-20 13:47:29,Chennai,self_transfer,DEV317,0
TXN101150,USER3639,182859.59,2025-01-17 04:43:29,Ahmedabad,self_transfer,DEV204,0
TXN101151,USER4559,44776.09,2025-01-25 20:18:29,Delhi,receive,DEV968,0
TXN101152,USER5067,40575.3,2025-01-13 01:29:29,Kolkata,merchant_payment,DEV743,0
TXN101153,USER5889,72068.52,2025-01-17 21:06:29,Mumbai,receive,DEV154,0
TXN101154,USER7905,57653.7,2025-03-16 15:00:29,Ahmedabad,merchant_payment,DEV722,0
TXN101155,USER2912,53176.06,2025-03-28 08:39:29,Pune,send,DEV674,0
TXN101156,USER7009,127377.36,2025-01-26 23:18:29,Chennai,merchant_payment,DEV293,0
TXN101157,USER8926,193874.26,2025-03-16 13:33:29,Ahmedabad,send,DEV981,0
TXN101158,USER5279,30715.24,2025-04-06 06:53:29,Jaipur,self_transfer,DEV795,0
TXN101159,USER2613,43253.63,2025-01-26 08:09:29,Delhi,receive,DEV168,0
TXN101160,USER5119,88974.21,2025-02-07 04:02:29,Kolkata,receive,DEV913,0
TXN101161,USER6200,2659.71,2025-02-02 03:21:29,Pune,receive,DEV943,0
TXN101162,USER2023,4458.34,2025-03-05 20:29:29,Kolkata,bill_payment,DEV681,0
TXN101163,USER6262,140382.62,2025-04-04 07:41:29,Chennai,receive,DEV257,0
TXN101164,USER9323,125840.25,2025-03-08 01:14:29,Hyderabad,receive,DEV316,1
TXN101165,USER6480,74276.81,2025-03-22 14:09:29,Jaipur,merchant_payment,DEV653,0
TXN101166,USER3948,41614.18,2025-04-05 23:14:29,Bangalore,receive,DEV468,0
TXN101167,USER5949,160922.43,2025-03-11 09:25:29,Chennai,self_transfer,DEV197,0
TXN101168,USER1537,49500.3,2025-02-20 05:56:29,Kolkata,self_transfer,DEV155,0
TXN101169,USER8138,154976.48,2025-01-21 00:03:29,Delhi,bill_payment,DEV842,1
TXN101170,USER3875,12941.25,2025-03-05 10:18:29,Jaipur,merchant_payment,DEV111,0
TXN101171,USER6456,40395.89,2025-01-13 15:57:29,Kolkata,bill_payment,DEV231,0
TXN101172,USER6219,26429.17,2025-03-16 21:45:29,Mumbai,receive,DEV956,0
TXN101173,USER2608,156452.34,2025-02-09 19:36:29,Mumbai,send,DEV971,0
TXN101174,USER6146,112217.99,2025-02-11 23:05:29,Hyderabad,send,DEV209,0
TXN101175,USER6389,163538.65,2025-01-08 09:22:29,Ahmedabad,receive,DEV353,0
TXN101176,USER8896,174186.78,2025-02-07 20:17:29,Chennai,self_transfer,DEV690,0
TXN101177,USER6137,84366.69,2025-01-10 01:09:29,Bangalore,self_transfer,DEV791,0
TXN101178,USER8911,141194.88,2025-03-07 07:40:29,Jaipur,merchant_payment,DEV966,0
TXN101179,USER6159,35834.29,2025-03-07 20:49:29,Hyderabad,send,DEV806,0
TXN101180,USER6550,115028.0,2025-01-15 15:05:29,Chennai,merchant_payment,DEV941,0
TXN101181,USER1516,127058.75,2025-02-26 21:10:29,Ahmedabad,merchant_payment,DEV738,0
TXN101182,USER6856,18123.0,2025-01-08 11:25:29,Jaipur,receive,DEV531,0
TXN101183,USER2553,183051.33,2025-02-07 13:00:29,Jaipur,merchant_payment,DEV804,0
TXN101184,USER4362,72471.86,2025-03-16 02:13:29,Kolkata,receive,DEV461,0
TXN101185,USER1627,20821.39,2025-03-01 16:10:29,Mumbai,receive,DEV164,0
TXN101186,USER4038,97080.97,2025-01-26 18:20:29,Jaipur,send,DEV953,0
TXN101187,USER6650,169785.73,2025-02-10 16:42:29,Ahmedabad,self_transfer,DEV322,0
TXN101188,USER2206,16164.22,2025-02-06 06:01:29,Hyderabad,send,DEV445,0
TXN101189,USER6913,122100.02,2025-03-15 11:45:29,Ahmedabad,send,DEV216,0
TXN101190,USER1063,153008.91,2025-03-10 08:41:29,Ahmedabad,send,DEV756,0
TXN101191,USER4723,125980.83,2025-03-10 20:41:29,Delhi,receive,DEV709,0
TXN101192,USER1898,89373.06,2025-02-06 11:40:29,Chennai,bill_payment,DEV602,0
TXN101193,USER4644,113081.39,2025-02-27 09:04:29,Jaipur,self_transfer,DEV969,0
TXN101194,USER9183,152236.57,2025-01-23 19:35:29,Kolkata,receive,DEV646,0
TXN101195,USER6889,26189.76,2025-03-15 03:25:29,Hyderabad,receive,DEV269,0
TXN101196,USER6279,173507.78,2025-04-01 02:31:29,Chennai,send,DEV994,1
TXN101197,USER9832,28121.24,2025-03-03 07:42:29,Mumbai,self_transfer,DEV798,0
TXN101198,USER5078,195949.0,2025-02-04 17:59:29,Mumbai,merchant_payment,DEV676,0
TXN101199,USER9178,137221.25,2025-03-15 05:40:29,Bangalore,bill_payment,DEV216,1
TXN101200,USER6673,165588.36,2025-03-29 23:37:29,Chennai,bill_payment,DEV866,0
TXN101201,USER2155,179195.13,2025-02-05 15:48:29,Bangalore,send,DEV990,0
TXN101202,USER9410,139153.49,2025-02-23 22:13:29,Jaipur,self_transfer,DEV678,0
TXN101203,USER3569,129565.99,2025-01-18 18:30:29,Hyderabad,send,DEV276,0
TXN101204,USER3864,87467.03,2025-01-23 03:05:29,Chennai,receive,DEV852,0
TXN101205,USER4302,88862.93,2025-01-24 00:09:29,Bangalore,self_transfer,DEV490,0
TXN101206,USER4005,149917.41,2025-01-07 03:52:29,Jaipur,merchant_payment,DEV134,1
TXN101207,USER8144,141328.15,2025-03-05 09:12:29,Jaipur,self_transfer,DEV566,1
TXN101208,USER9197,27606.41,2025-01-11 14:41:29,Hyderabad,merchant_payment,DEV461,0
TXN101209,USER9783,182217.8,2025-02-07 22:49:29,Mumbai,bill_payment,DEV918,0
TXN101210,USER6865,114461.43,2025-03-20 23:25:29,Delhi,receive,DEV317,0
TXN101211,USER9233,83456.5,2025-02-05 11:22:29,Kolkata,bill_payment,DEV935,0
TXN101212,USER4673,35746.52,2025-03-11 15:00:29,Jaipur,merchant_payment,DEV483,0
TXN101213,USER4368,40090.73,2025-03-23 08:14:29,Mumbai,receive,DEV695,0
TXN101214,USER9399,91877.3,2025-02-19 01:35:29,Jaipur,merchant_payment,DEV574,0
TXN101215,USER2901,86976.66,2025-02-06 02:58:29,Jaipur,receive,DEV998,0
TXN101216,USER8509,160868.04,2025-03-23 12:05:29,Bangalore,merchant_payment,DEV854,0
TXN101217,USER2730,657.3,2025-04-05 10:10:29,Pune,bill_payment,DEV924,0
TXN101218,USER2937,182597.25,2025-01-30 16:33:29,Delhi,merchant_payment,DEV415,0
TXN101219,USER8936,8489.15,2025-01-30 01:26:29,Bangalore,self_transfer,DEV170,0
TXN101220,USER7026,4488.65,2025-03-11 06:22:29,Mumbai,self_transfer,DEV666,0
TXN101221,USER1507,59416.26,2025-03-21 03:58:29,Ahmedabad,self_transfer,DEV434,0
TXN101222,USER5293,48733.01,2025-02-05 06:11:29,Pune,bill_payment,DEV158,0
TXN101223,USER2004,36040.77,2025-01-11 04:05:29,Hyderabad,self_transfer,DEV433,0
TXN101224,USER1314,53351.77,2025-03-02 22:41:29,Kolkata,self_transfer,DEV330,0
TXN101225,USER5740,117483.2,2025-02-04 15:55:29,Hyderabad,receive,DEV541,0
TXN101226,USER4221,193696.09,2025-02-07 04:06:29,Chennai,merchant_payment,DEV823,0
TXN101227,USER5653,42989.12,2025-03-11 12:20:29,Jaipur,receive,DEV919,0
TXN101228,USER2145,23473.59,2025-01-18 11:17:29,Chennai,bill_payment,DEV332,0
TXN101229,USER6039,25716.89,2025-03-12 20:44:29,Mumbai,bill_payment,DEV742,0
TXN101230,USER1802,87330.57,2025-02-21 17:00:29,Mumbai,receive,DEV803,0
TXN101231,USER6806,23490.28,2025-02-06 01:53:29,Ahmedabad,self_transfer,DEV938,0
TXN101232,USER6738,103673.46,2025-02-24 17:07:29,Chennai,bill_payment,DEV390,0
TXN101233,USER4180,36119.3,2025-03-27 03:43:29,Delhi,bill_payment,DEV388,0
TXN101234,USER4731,96437.84,2025-04-03 01:52:29,Pune,receive,DEV307,0
TXN101235,USER2667,181414.09,2025-01-31 14:33:29,Jaipur,send,DEV904,0
TXN101236,USER9746,28347.21,2025-02-01 22:35:29,Pune,merchant_payment,DEV950,0
TXN101237,USER4154,35011.75,2025-01-13 22:54:29,Hyderabad,bill_payment,DEV376,0
TXN101238,USER5527,87092.3,2025-02-26 22:13:29,Chennai,receive,DEV228,1
TXN101239,USER3499,132759.94,2025-01-07 18:46:29,Pune,self_transfer,DEV350,0
TXN101240,USER6648,57752.76,2025-02-05 23:24:29,Mumbai,merchant_payment,DEV619,0
TXN101241,USER7888,96939.59,2025-03-21 04:26:29,Chennai,bill_payment,DEV646,0
TXN101242,USER4914,112265.99,2025-02-04 06:29:29,Kolkata,send,DEV364,0
TXN101243,USER8822,165278.35,2025-02-22 01:17:29,Mumbai,bill_payment,DEV800,1
TXN101244,USER4946,57049.66,2025-01-31 03:03:29,Pune,receive,DEV565,0
TXN101245,USER2903,64613.53,2025-03-24 21:26:29,Kolkata,bill_payment,DEV167,0
TXN101246,USER6193,100469.73,2025-01-28 02:43:29,Hyderabad,send,DEV670,1
TXN101247,USER8827,183137.23,2025-01-20 08:50:29,Kolkata,merchant_payment,DEV514,0
TXN101248,USER1281,7262.95,2025-03-16 11:24:29,Chennai,receive,DEV953,1
TXN101249,USER2204,61755.04,2025-02-23 10:31:29,Jaipur,merchant_payment,DEV634,0
TXN101250,USER7826,142604.66,2025-02-18 21:06:29,Chennai,send,DEV867,0
TXN101251,USER8096,44084.39,2025-02-20 16:03:29,Bangalore,bill_payment,DEV767,0
TXN101252,USER6625,168020.77,2025-03-31 03:00:29,Hyderabad,bill_payment,DEV970,1
TXN101253,USER8566,25539.06,2025-01-21 07:47:29,Delhi,self_transfer,DEV288,0
TXN101254,USER7560,197400.26,2025-02-06 17:12:29,Jaipur,receive,DEV433,0
TXN101255,USER7019,111840.55,2025-01-31 21:31:29,Kolkata,self_transfer,DEV417,0
TXN101256,USER3894,173181.5,2025-02-08 06:10:29,Pune,self_transfer,DEV275,0
TXN101257,USER6740,114153.79,2025-02-19 13:27:29,Pune,merchant_payment,DEV159,0
TXN101258,USER4223,73584.35,2025-02-18 07:45:29,Bangalore,merchant_payment,DEV197,0
TXN101259,USER2973,110909.08,2025-01-11 18:59:29,Mumbai,merchant_payment,DEV431,0
TXN101260,USER6571,36651.02,2025-02-18 19:24:29,Bangalore,merchant_payment,DEV961,0
TXN101261,USER7521,86096.57,2025-01-15 02:28:29,Pune,merchant_payment,DEV429,0
TXN101262,USER1566,69217.83,2025-01-23 17:31:29,Bangalore,send,DEV139,0
TXN101263,USER8796,62408.64,2025-01-31 08:34:29,Bangalore,bill_payment,DEV987,0
TXN101264,USER1476,184611.36,2025-02-16 18:56:29,Bangalore,merchant_payment,DEV226,0
TXN101265,USER6660,118114.8,2025-03-23 19:32:29,Bangalore,send,DEV858,0
TXN101266,USER6434,26846.1,2025-02-11 01:39:29,Mumbai,self_transfer,DEV301,0
TXN101267,USER1137,65855.41,2025-03-07 02:40:29,Bangalore,merchant_payment,DEV605,0
TXN101268,USER6051,49535.76,2025-02-15 12:09:29,Bangalore,send,DEV480,0
TXN101269,USER5087,179516.37,2025-04-06 00:30:29,Kolkata,receive,DEV629,0
TXN101270,USER3980,16044.09,2025-02-25 04:00:29,Kolkata,self_transfer,DEV616,0
TXN101271,USER2468,128633.82,2025-03-13 06:41:29,Hyderabad,self_transfer,DEV668,0
TXN101272,USER8483,174976.71,2025-03-04 04:02:29,Delhi,send,DEV469,0
TXN101273,USER1575,41194.52,2025-02-03 08:37:29,Jaipur,merchant_payment,DEV960,0
TXN101274,USER6549,164728.42,2025-01-14 04:56:29,Ahmedabad,receive,DEV195,0
TXN101275,USER8497,6480.96,2025-03-04 12:42:29,Mumbai,self_transfer,DEV624,0
TXN101276,USER3857,87751.69,2025-03-21 02:46:29,Kolkata,receive,DEV228,0
TXN101277,USER3810,104222.72,2025-03-15 00:25:29,Hyderabad,merchant_payment,DEV945,0
TXN101278,USER2130,192734.21,2025-01-26 22:36:29,Bangalore,merchant_payment,DEV480,0
TXN101279,USER8325,28489.54,2025-01-28 02:52:29,Hyderabad,self_transfer,DEV687,0
TXN101280,USER1862,150601.69,2025-02-18 12:20:29,Ahmedabad,bill_payment,DEV625,0
TXN101281,USER4333,55573.19,2025-04-02 03:15:29,Kolkata,bill_payment,DEV909,0
TXN101282,USER7640,153305.36,2025-03-31 00:55:29,Hyderabad,bill_payment,DEV496,0
TXN101283,USER4103,146349.33,2025-02-08 08:39:29,Bangalore,bill_payment,DEV304,0
TXN101284,USER8226,8449.07,2025-01-21 19:30:29,Hyderabad,bill_payment,DEV840,0
TXN101285,USER9376,53844.26,2025-03-24 09:27:29,Kolkata,bill_payment,DEV546,0
TXN101286,USER6292,88949.79,2025-04-02 18:13:29,Ahmedabad,self_transfer,DEV873,0
TXN101287,USER4290,137749.04,2025-03-29 06:51:29,Bangalore,merchant_payment,DEV589,0
TXN101288,USER8380,162179.21,2025-02-15 11:34:29,Kolkata,self_transfer,DEV810,0
TXN101289,USER2193,169305.75,2025-04-02 18:17:29,Kolkata,bill_payment,DEV635,1
TXN101290,USER6598,114096.68,2025-03-18 00:18:29,Delhi,send,DEV564,0
TXN101291,USER6721,109520.39,2025-01-14 06:45:29,Bangalore,receive,DEV902,0
TXN101292,USER8132,141377.62,2025-02-25 03:01:29,Pune,merchant_payment,DEV998,1
TXN101293,USER8547,120969.27,2025-02-18 22:32:29,Mumbai,merchant_payment,DEV254,0
TXN101294,USER9485,120342.67,2025-03-07 17:58:29,Hyderabad,merchant_payment,DEV847,0
TXN101295,USER5068,63204.46,2025-03-10 13:33:29,Pune,self_transfer,DEV533,0
TXN101296,USER2448,188820.9,2025-01-22 08:31:29,Pune,self_transfer,DEV330,0
TXN101297,USER5012,12826.72,2025-04-02 21:57:29,Kolkata,merchant_payment,DEV508,0
TXN101298,USER3741,181815.44,2025-02-01 21:02:29,Bangalore,bill_payment,DEV575,0
TXN101299,USER1394,196489.9,2025-01-10 21:22:29,Pune,send,DEV718,0
TXN101300,USER8465,53998.47,2025-02-05 15:58:29,Chennai,self_transfer,DEV834,0
TXN101301,USER6953,35368.57,2025-03-26 17:20:29,Delhi,merchant_payment,DEV460,0
TXN101302,USER1517,35039.16,2025-02-23 09:29:29,Mumbai,merchant_payment,DEV148,0
TXN101303,USER1443,89918.69,2025-02-17 18:30:29,Pune,self_transfer,DEV212,0
TXN101304,USER4623,53077.26,2025-02-20 12:32:29,Kolkata,send,DEV782,0
TXN101305,USER1560,67098.83,2025-03-30 12:09:29,Jaipur,merchant_payment,DEV299,0
TXN101306,USER8080,148158.19,2025-01-31 01:56:29,Bangalore,self_transfer,DEV234,1
TXN101307,USER6664,106038.97,2025-03-07 21:43:29,Bangalore,receive,DEV613,0
TXN101308,USER6183,169502.27,2025-01-26 23:02:29,Ahmedabad,receive,DEV933,0
TXN101309,USER9952,161274.59,2025-02-09 00:05:29,Delhi,send,DEV221,0
TXN101310,USER2704,86846.59,2025-04-01 21:16:29,Ahmedabad,bill_payment,DEV189,0
TXN101311,USER2571,120804.62,2025-03-01 05:13:29,Chennai,receive,DEV771,0
TXN101312,USER1862,145653.56,2025-01-27 10:58:29,Mumbai,send,DEV527,0
TXN101313,USER7539,176870.64,2025-02-18 05:46:29,Hyderabad,merchant_payment,DEV198,0
TXN101314,USER5061,165032.04,2025-01-22 04:46:29,Delhi,receive,DEV140,0
TXN101315,USER7690,192950.58,2025-02-11 04:19:29,Bangalore,send,DEV936,0
TXN101316,USER8572,124273.76,2025-03-15 09:09:29,Jaipur,self_transfer,DEV580,0
TXN101317,USER2949,168958.42,2025-03-04 11:23:29,Pune,bill_payment,DEV552,0
TXN101318,USER5299,47267.39,2025-01-12 00:47:29,Hyderabad,merchant_payment,DEV711,0
TXN101319,USER8285,162607.96,2025-03-05 10:22:29,Kolkata,send,DEV960,0
TXN101320,USER6628,64079.5,2025-02-03 12:43:29,Pune,send,DEV196,0
TXN101321,USER4277,16918.03,2025-01-27 12:20:29,Pune,self_transfer,DEV762,0
TXN101322,USER1500,54680.13,2025-02-24 16:09:29,Delhi,merchant_payment,DEV446,0
TXN101323,USER5374,193259.21,2025-01-10 06:31:29,Jaipur,self_transfer,DEV674,0
TXN101324,USER5111,25992.59,2025-04-07 12:19:29,Bangalore,receive,DEV201,0
TXN101325,USER3478,165680.2,2025-01-12 03:10:29,Chennai,bill_payment,DEV687,1
TXN101326,USER6604,192347.69,2025-01-07 12:05:29,Bangalore,self_transfer,DEV275,0
TXN101327,USER4402,129930.78,2025-03-20 13:05:29,Kolkata,bill_payment,DEV461,0
TXN101328,USER6443,137879.17,2025-02-17 17:45:29,Jaipur,bill_payment,DEV287,0
TXN101329,USER1691,164409.65,2025-01-28 06:00:29,Ahmedabad,send,DEV417,0
TXN101330,USER1680,161552.88,2025-02-17 02:28:29,Mumbai,merchant_payment,DEV491,1
TXN101331,USER2532,73459.73,2025-02-01 00:22:29,Pune,receive,DEV713,0
TXN101332,USER6756,166074.74,2025-03-22 10:22:29,Hyderabad,receive,DEV397,0
TXN101333,USER2184,6759.24,2025-01-12 03:15:29,Chennai,send,DEV969,0
TXN101334,USER6062,83308.24,2025-03-11 17:48:29,Bangalore,send,DEV388,0
TXN101335,USER2743,162253.58,2025-01-23 18:58:29,Chennai,send,DEV625,0
TXN101336,USER2410,41316.77,2025-01-11 10:53:29,Kolkata,self_transfer,DEV929,0
TXN101337,USER8031,38319.11,2025-02-24 05:54:29,Chennai,bill_payment,DEV558,0
TXN101338,USER2718,56734.56,2025-03-20 23:27:29,Bangalore,send,DEV698,0
TXN101339,USER8419,34849.94,2025-01-21 22:14:29,Mumbai,self_transfer,DEV521,0
TXN101340,USER4219,56672.3,2025-02-17 10:01:29,Delhi,self_transfer,DEV179,0
TXN101341,USER2691,67435.23,2025-01-12 00:03:29,Bangalore,bill_payment,DEV356,0
TXN101342,USER3287,45035.06,2025-01-14 05:49:29,Bangalore,bill_payment,DEV726,0
TXN101343,USER8539,130790.35,2025-03-21 22:50:29,Pune,receive,DEV151,0
TXN101344,USER3203,13548.03,2025-02-14 07:58:29,Pune,merchant_payment,DEV884,0
TXN101345,USER3570,111866.05,2025-02-02 05:09:29,Chennai,send,DEV447,0
TXN101346,USER8550,48859.86,2025-03-14 04:47:29,Ahmedabad,receive,DEV284,0
TXN101347,USER4375,62062.49,2025-02-28 10:03:29,Delhi,merchant_payment,DEV201,0
TXN101348,USER1982,167178.55,2025-02-24 01:25:29,Kolkata,receive,DEV247,1
TXN101349,USER3418,78265.74,2025-02-28 09:32:29,Hyderabad,merchant_payment,DEV749,0
TXN101350,USER5853,115864.29,2025-02-09 23:28:29,Hyderabad,send,DEV857,0
TXN101351,USER4214,102377.93,2025-04-03 02:53:29,Jaipur,merchant_payment,DEV869,1
TXN101352,USER8650,104430.66,2025-04-05 04:07:29,Mumbai,send,DEV601,0
TXN101353,USER1377,86931.15,2025-02-06 10:01:29,Jaipur,self_transfer,DEV533,0
TXN101354,USER7569,40822.08,2025-03-13 22:21:29,Chennai,send,DEV106,0
TXN101355,USER6654,97612.82,2025-03-26 13:40:29,Bangalore,send,DEV690,0
TXN101356,USER6651,86740.63,2025-01-15 17:02:29,Chennai,bill_payment,DEV961,0
TXN101357,USER5699,80540.53,2025-01-07 22:03:29,Bangalore,receive,DEV203,0
TXN101358,USER2010,114602.53,2025-03-03 13:34:29,Pune,receive,DEV137,0
TXN101359,USER2862,109549.18,2025-02-25 18:30:29,Pune,send,DEV569,0
TXN101360,USER7689,146156.77,2025-02-24 05:43:29,Delhi,bill_payment,DEV662,0
TXN101361,USER7148,166742.36,2025-02-24 07:23:29,Mumbai,self_transfer,DEV689,0
TXN101362,USER4940,74404.56,2025-03-08 07:12:29,Pune,send,DEV774,0
TXN101363,USER4963,122368.44,2025-01-30 22:47:29,Chennai,merchant_payment,DEV691,0
TXN101364,USER8253,190331.46,2025-03-06 17:18:29,Kolkata,bill_payment,DEV364,0
TXN101365,USER5574,35355.09,2025-01-19 01:45:29,Kolkata,self_transfer,DEV406,0
TXN101366,USER3666,57409.13,2025-03-21 11:53:29,Delhi,bill_payment,DEV974,0
TXN101367,USER2812,162631.53,2025-02-23 10:03:29,Ahmedabad,receive,DEV344,0
TXN101368,USER8310,48263.46,2025-03-20 02:15:29,Chennai,self_transfer,DEV559,0
TXN101369,USER8146,100970.69,2025-01-15 23:25:29,Hyderabad,receive,DEV701,0
TXN101370,USER7433,127682.86,2025-02-17 12:19:29,Pune,merchant_payment,DEV283,0
TXN101371,USER1421,179613.41,2025-01-18 09:08:29,Delhi,bill_payment,DEV838,0
TXN101372,USER5011,62350.25,2025-03-18 09:21:29,Kolkata,merchant_payment,DEV215,0
TXN101373,USER3606,23775.64,2025-03-12 01:42:29,Jaipur,self_transfer,DEV411,0
TXN101374,USER2290,176636.88,2025-02-05 11:48:29,Chennai,bill_payment,DEV580,0
TXN101375,USER7118,146143.76,2025-03-12 16:34:29,Pune,self_transfer,DEV495,0
TXN101376,USER1440,24835.64,2025-01-29 02:49:29,Delhi,send,DEV887,0
TXN101377,USER3920,11789.98,2025-03-01 10:09:29,Delhi,receive,DEV682,0
TXN101378,USER1115,90616.79,2025-03-16 07:03:29,Pune,send,DEV119,0
TXN101379,USER5020,103397.89,2025-03-26 07:43:29,Hyderabad,send,DEV195,0
TXN101380,USER2460,185745.26,2025-03-09 22:16:29,Bangalore,receive,DEV590,0
TXN101381,USER4944,30887.64,2025-01-17 06:38:29,Bangalore,self_transfer,DEV350,0
TXN101382,USER8111,183733.85,2025-01-11 08:34:29,Bangalore,send,DEV869,0
TXN101383,USER1462,134801.57,2025-04-05 03:02:29,Mumbai,merchant_payment,DEV750,1
TXN101384,USER4913,111119.17,2025-03-14 09:23:29,Kolkata,bill_payment,DEV571,0
TXN101385,USER5300,126932.96,2025-01-15 23:58:29,Pune,self_transfer,DEV108,0
TXN101386,USER9277,7011.48,2025-01-14 03:26:29,Pune,merchant_payment,DEV378,0
TXN101387,USER5957,104430.71,2025-02-06 20:35:29,Mumbai,send,DEV210,0
TXN101388,USER9694,78174.42,2025-01-27 17:49:29,Jaipur,receive,DEV254,0
TXN101389,USER6945,151144.42,2025-04-06 21:12:29,Pune,receive,DEV488,0
TXN101390,USER7115,34340.23,2025-01-16 10:49:29,Ahmedabad,self_transfer,DEV548,0
TXN101391,USER7450,90203.33,2025-02-20 07:48:29,Chennai,send,DEV246,0
TXN101392,USER7378,61014.89,2025-01-27 12:02:29,Delhi,self_transfer,DEV187,0
TXN101393,USER9976,140892.51,2025-03-19 08:09:29,Ahmedabad,self_transfer,DEV983,0
TXN101394,USER9900,169935.88,2025-02-27 11:42:29,Hyderabad,send,DEV188,0
TXN101395,USER6374,108808.8,2025-01-12 21:26:29,Delhi,send,DEV780,0
TXN101396,USER8181,180944.06,2025-03-27 05:31:29,Chennai,send,DEV730,0
TXN101397,USER9182,66895.03,2025-01-24 14:50:29,Pune,receive,DEV708,0
TXN101398,USER7821,36682.22,2025-02-20 03:14:29,Hyderabad,receive,DEV836,0
TXN101399,USER9037,196467.29,2025-01-22 20:34:29,Hyderabad,bill_payment,DEV701,0
TXN101400,USER2432,21090.46,2025-03-21 17:01:29,Ahmedabad,receive,DEV739,0
TXN101401,USER3797,163897.32,2025-01-27 11:05:29,Pune,merchant_payment,DEV515,0
TXN101402,USER5399,97650.41,2025-03-21 07:12:29,Kolkata,send,DEV351,0
TXN101403,USER4682,183839.97,2025-02-14 05:56:29,Chennai,send,DEV303,0
TXN101404,USER8183,19950.28,2025-03-22 19:14:29,Ahmedabad,merchant_payment,DEV277,0
TXN101405,USER2679,74452.39,2025-02-26 20:22:29,Chennai,send,DEV998,0
TXN101406,USER2361,79700.79,2025-03-12 01:18:29,Pune,bill_payment,DEV864,1
TXN101407,USER9239,28794.19,2025-02-24 21:19:29,Delhi,self_transfer,DEV904,0
TXN101408,USER6413,25137.59,2025-04-05 10:02:29,Mumbai,receive,DEV511,0
TXN101409,USER9743,36426.92,2025-03-13 10:49:29,Pune,merchant_payment,DEV285,0
TXN101410,USER8563,71011.97,2025-02-12 08:29:29,Mumbai,bill_payment,DEV215,1
TXN101411,USER3190,100996.29,2025-03-02 01:48:29,Delhi,receive,DEV992,1
TXN101412,USER8434,149553.15,2025-01-30 00:44:29,Chennai,receive,DEV996,0
TXN101413,USER3923,95281.28,2025-02-27 15:46:29,Hyderabad,self_transfer,DEV276,0
TXN101414,USER1964,168798.81,2025-02-12 21:49:29,Ahmedabad,merchant_payment,DEV206,0
TXN101415,USER6545,171510.58,2025-03-06 06:38:29,Pune,bill_payment,DEV955,0
TXN101416,USER6467,40684.71,2025-01-28 21:55:29,Jaipur,merchant_payment,DEV315,0
TXN101417,USER2244,131468.11,2025-02-05 02:55:29,Ahmedabad,bill_payment,DEV575,1
TXN101418,USER1020,162161.37,2025-03-16 05:26:29,Ahmedabad,self_transfer,DEV195,0
TXN101419,USER4724,133375.47,2025-03-09 18:03:29,Delhi,self_transfer,DEV688,0
TXN101420,USER3707,10341.63,2025-02-17 19:47:29,Bangalore,self_transfer,DEV720,0
TXN101421,USER4661,149482.21,2025-04-04 18:34:29,Ahmedabad,self_transfer,DEV509,0
TXN101422,USER4693,155593.62,2025-02-15 08:47:29,Kolkata,send,DEV656,0
TXN101423,USER1112,128494.02,2025-02-19 04:26:29,Delhi,send,DEV349,0
TXN101424,USER1732,19301.75,2025-03-12 09:46:29,Mumbai,bill_payment,DEV147,0
TXN101425,USER5858,45111.15,2025-02-11 10:17:29,Ahmedabad,merchant_payment,DEV923,0
TXN101426,USER4552,133995.31,2025-02-16 14:02:29,Delhi,bill_payment,DEV568,0
TXN101427,USER3074,192613.72,2025-02-25 21:00:29,Delhi,send,DEV393,0
TXN101428,USER2099,112242.71,2025-03-24 22:53:29,Bangalore,merchant_payment,DEV619,0
TXN101429,USER8106,184318.77,2025-03-01 07:47:29,Mumbai,bill_payment,DEV356,0
TXN101430,USER4896,158529.19,2025-01-15 08:17:29,Pune,bill_payment,DEV135,0
TXN101431,USER3118,171939.24,2025-03-30 10:41:29,Kolkata,bill_payment,DEV593,0
TXN101432,USER6153,116896.16,2025-01-23 05:15:29,Delhi,send,DEV120,0
TXN101433,USER1180,92259.56,2025-02-03 12:07:29,Chennai,bill_payment,DEV452,0
TXN101434,USER1049,28905.85,2025-02-16 22:12:29,Mumbai,receive,DEV381,0
TXN101435,USER1407,11229.32,2025-03-25 08:20:29,Ahmedabad,send,DEV392,0
TXN101436,USER7221,189140.51,2025-02-03 00:37:29,Pune,send,DEV193,0
TXN101437,USER8504,97199.15,2025-03-29 13:20:29,Kolkata,merchant_payment,DEV724,0
TXN101438,USER3878,12743.96,2025-02-04 06:17:29,Bangalore,bill_payment,DEV592,0
TXN101439,USER5216,14014.39,2025-03-01 00:11:29,Mumbai,self_transfer,DEV451,0
TXN101440,USER8942,30743.93,2025-02-15 05:34:29,Ahmedabad,self_transfer,DEV896,0
TXN101441,USER4615,195486.67,2025-01-19 05:46:29,Jaipur,receive,DEV424,0
TXN101442,USER7062,149818.98,2025-01-13 04:35:29,Chennai,self_transfer,DEV934,0
TXN101443,USER3203,136006.73,2025-02-06 07:38:29,Jaipur,send,DEV219,0
TXN101444,USER3620,60372.1,2025-01-10 05:56:29,Mumbai,receive,DEV669,0
TXN101445,USER1639,44279.82,2025-02-11 10:20:29,Chennai,self_transfer,DEV780,0
TXN101446,USER3255,185065.05,2025-01-31 15:19:29,Ahmedabad,bill_payment,DEV825,0
TXN101447,USER3203,158500.3,2025-01-27 05:05:29,Kolkata,bill_payment,DEV669,0
TXN101448,USER8951,127262.59,2025-02-04 11:13:29,Chennai,self_transfer,DEV606,0
TXN101449,USER5052,62577.39,2025-02-16 23:13:29,Ahmedabad,self_transfer,DEV757,0
TXN101450,USER3157,50706.19,2025-03-30 08:51:29,Jaipur,receive,DEV918,0
TXN101451,USER4819,162619.13,2025-02-25 10:26:29,Delhi,send,DEV690,0
TXN101452,USER6778,140719.72,2025-03-07 19:18:29,Mumbai,bill_payment,DEV889,0
TXN101453,USER1541,10384.73,2025-02-17 16:11:29,Jaipur,merchant_payment,DEV794,0
TXN101454,USER9825,70129.15,2025-04-05 00:52:29,Mumbai,merchant_payment,DEV713,0
TXN101455,USER4619,119870.1,2025-03-01 15:08:29,Kolkata,merchant_payment,DEV355,0
TXN101456,USER5886,132199.24,2025-03-21 23:37:29,Bangalore,receive,DEV379,0
TXN101457,USER9615,27180.92,2025-02-17 06:46:29,Chennai,self_transfer,DEV504,0
TXN101458,USER5170,102579.07,2025-03-27 06:39:29,Jaipur,merchant_payment,DEV482,0
TXN101459,USER1920,174285.15,2025-03-15 17:11:29,Bangalore,send,DEV353,0
TXN101460,USER7155,21945.64,2025-02-04 23:24:29,Hyderabad,self_transfer,DEV332,0
TXN101461,USER7986,145653.71,2025-02-16 02:40:29,Bangalore,receive,DEV824,1
TXN101462,USER4651,89750.61,2025-01-08 00:58:29,Chennai,merchant_payment,DEV352,0
TXN101463,USER1148,183840.92,2025-02-16 15:37:29,Bangalore,self_transfer,DEV437,0
TXN101464,USER3576,111327.44,2025-01-11 08:15:29,Pune,self_transfer,DEV902,0
TXN101465,USER2216,104852.92,2025-03-22 11:04:29,Delhi,self_transfer,DEV103,0
TXN101466,USER1303,11351.68,2025-02-02 13:59:29,Ahmedabad,merchant_payment,DEV233,0
TXN101467,USER2594,106103.73,2025-01-23 13:06:29,Mumbai,receive,DEV492,0
TXN101468,USER7125,150001.35,2025-03-21 19:18:29,Bangalore,bill_payment,DEV426,0
TXN101469,USER7382,140824.58,2025-04-01 23:20:29,Bangalore,receive,DEV617,0
TXN101470,USER9242,124150.52,2025-02-05 23:16:29,Hyderabad,send,DEV954,0
TXN101471,USER7173,117942.76,2025-03-24 17:16:29,Jaipur,merchant_payment,DEV669,0
TXN101472,USER3835,128964.4,2025-03-03 22:55:29,Ahmedabad,merchant_payment,DEV256,0
TXN101473,USER5407,25514.25,2025-03-28 05:54:29,Pune,self_transfer,DEV667,1
TXN101474,USER7108,73770.77,2025-03-13 13:01:29,Chennai,bill_payment,DEV514,0
TXN101475,USER7749,163386.78,2025-02-12 02:56:29,Delhi,bill_payment,DEV805,1
TXN101476,USER7346,185279.99,2025-03-08 16:10:29,Kolkata,receive,DEV533,0
TXN101477,USER2204,69151.8,2025-02-05 04:55:29,Chennai,merchant_payment,DEV565,0
TXN101478,USER8583,175331.69,2025-02-15 21:18:29,Delhi,bill_payment,DEV364,0
TXN101479,USER7186,140464.24,2025-03-12 18:02:29,Kolkata,send,DEV231,0
TXN101480,USER7544,49445.32,2025-04-05 13:31:29,Chennai,merchant_payment,DEV961,0
TXN101481,USER3221,9501.53,2025-03-09 05:07:29,Chennai,self_transfer,DEV893,0
TXN101482,USER3954,20157.63,2025-02-03 01:41:29,Chennai,receive,DEV224,0
TXN101483,USER2140,184084.28,2025-01-10 07:57:29,Bangalore,bill_payment,DEV521,0
TXN101484,USER6321,21793.38,2025-03-25 10:29:29,Bangalore,merchant_payment,DEV159,0
TXN101485,USER6670,34891.65,2025-02-04 05:34:29,Jaipur,send,DEV713,0
TXN101486,USER8729,92452.13,2025-03-09 13:15:29,Delhi,self_transfer,DEV252,0
TXN101487,USER7782,164844.65,2025-02-26 05:42:29,Kolkata,receive,DEV438,0
TXN101488,USER6440,142772.61,2025-03-11 04:22:29,Kolkata,self_transfer,DEV381,0
TXN101489,USER6058,162074.08,2025-02-13 05:06:29,Delhi,bill_payment,DEV154,0
TXN101490,USER3883,166081.35,2025-01-09 18:38:29,Ahmedabad,send,DEV100,0
TXN101491,USER9051,14380.65,2025-03-03 03:01:29,Hyderabad,merchant_payment,DEV331,0
TXN101492,USER3643,197726.75,2025-01-11 04:16:29,Mumbai,bill_payment,DEV111,0
TXN101493,USER9330,4335.88,2025-03-20 05:26:29,Kolkata,send,DEV931,0
TXN101494,USER7791,10768.74,2025-02-01 15:14:29,Ahmedabad,merchant_payment,DEV449,0
TXN101495,USER8598,91526.83,2025-01-12 09:47:29,Kolkata,self_transfer,DEV716,0
TXN101496,USER2669,20819.29,2025-02-10 03:51:29,Bangalore,bill_payment,DEV795,0
TXN101497,USER1712,144970.34,2025-03-29 06:45:29,Kolkata,merchant_payment,DEV286,0
TXN101498,USER6095,97309.41,2025-02-24 20:13:29,Kolkata,bill_payment,DEV952,0
TXN101499,USER5218,144944.22,2025-01-08 20:14:29,Chennai,send,DEV730,0
TXN101500,USER4180,59347.15,2025-01-31 05:54:29,Bangalore,merchant_payment,DEV798,0
TXN101501,USER1597,130961.21,2025-03-20 06:09:29,Jaipur,self_transfer,DEV673,0
TXN101502,USER6179,42856.67,2025-01-28 07:17:29,Bangalore,receive,DEV911,0
TXN101503,USER1405,166890.86,2025-01-18 12:15:29,Mumbai,bill_payment,DEV479,0
TXN101504,USER8832,39438.86,2025-03-23 23:52:29,Chennai,send,DEV137,0
TXN101505,USER3885,103213.23,2025-01-17 12:16:29,Bangalore,receive,DEV115,0
TXN101506,USER5823,35166.6,2025-01-13 16:32:29,Bangalore,send,DEV974,0
TXN101507,USER5664,61215.18,2025-01-09 14:40:29,Pune,bill_payment,DEV547,0
TXN101508,USER1115,68704.69,2025-03-13 04:34:29,Kolkata,merchant_payment,DEV528,0
TXN101509,USER3669,93730.67,2025-03-25 21:22:29,Chennai,merchant_payment,DEV536,0
TXN101510,USER3615,142614.56,2025-03-09 22:14:29,Delhi,receive,DEV522,0
TXN101511,USER8797,137005.99,2025-01-24 11:30:29,Kolkata,merchant_payment,DEV513,0
TXN101512,USER4534,112728.68,2025-01-22 04:26:29,Bangalore,send,DEV211,0
TXN101513,USER9720,145565.8,2025-03-25 12:45:29,Mumbai,self_transfer,DEV951,0
TXN101514,USER7250,120322.02,2025-02-03 01:20:29,Chennai,bill_payment,DEV167,1
TXN101515,USER6062,136688.35,2025-02-13 20:05:29,Kolkata,self_transfer,DEV494,0
TXN101516,USER5756,180080.69,2025-03-17 07:14:29,Bangalore,send,DEV627,0
TXN101517,USER2370,103524.85,2025-03-30 18:50:29,Kolkata,send,DEV796,0
TXN101518,USER4287,66192.36,2025-02-11 09:54:29,Ahmedabad,receive,DEV231,0
TXN101519,USER8432,64837.17,2025-02-24 14:09:29,Ahmedabad,receive,DEV191,0
TXN101520,USER2685,144743.86,2025-03-17 01:00:29,Kolkata,self_transfer,DEV444,1
TXN101521,USER4713,110070.76,2025-02-23 03:21:29,Delhi,bill_payment,DEV948,1
TXN101522,USER7133,116089.15,2025-01-10 15:58:29,Bangalore,receive,DEV750,0
TXN101523,USER1998,45170.31,2025-01-25 02:14:29,Mumbai,receive,DEV337,0
TXN101524,USER8874,31136.76,2025-04-07 03:50:29,Hyderabad,bill_payment,DEV209,0
TXN101525,USER8349,142208.79,2025-03-22 12:21:29,Jaipur,bill_payment,DEV475,0
TXN101526,USER3464,11191.02,2025-01-07 06:31:29,Bangalore,self_transfer,DEV477,0
TXN101527,USER7688,164369.07,2025-02-19 20:24:29,Jaipur,self_transfer,DEV539,0
TXN101528,USER8878,139213.88,2025-03-05 14:25:29,Delhi,receive,DEV548,0
TXN101529,USER2045,183657.05,2025-01-20 15:36:29,Mumbai,merchant_payment,DEV185,0
TXN101530,USER7551,190501.0,2025-01-29 02:48:29,Jaipur,merchant_payment,DEV586,1
TXN101531,USER7633,80525.98,2025-01-12 07:29:29,Chennai,send,DEV334,0
TXN101532,USER5430,98486.64,2025-03-31 19:13:29,Mumbai,send,DEV840,0
TXN101533,USER7589,189759.81,2025-01-08 19:23:29,Hyderabad,self_transfer,DEV480,0
TXN101534,USER9789,62933.29,2025-03-18 16:25:29,Ahmedabad,self_transfer,DEV635,0
TXN101535,USER8731,11860.06,2025-03-16 11:42:29,Chennai,merchant_payment,DEV153,0
TXN101536,USER9196,170757.07,2025-03-15 04:15:29,Bangalore,send,DEV717,0
TXN101537,USER3417,27898.19,2025-04-06 21:19:29,Bangalore,self_transfer,DEV986,0
TXN101538,USER7134,71452.23,2025-03-30 12:30:29,Chennai,merchant_payment,DEV666,0
TXN101539,USER6700,79144.07,2025-02-01 22:12:29,Bangalore,self_transfer,DEV879,0
TXN101540,USER8240,27125.94,2025-03-29 02:05:29,Bangalore,bill_payment,DEV344,0
TXN101541,USER3729,7105.44,2025-03-12 03:05:29,Kolkata,receive,DEV247,0
TXN101542,USER9078,67053.99,2025-01-21 20:15:29,Chennai,merchant_payment,DEV783,0
TXN101543,USER9357,185694.51,2025-01-23 23:20:29,Ahmedabad,receive,DEV759,0
TXN101544,USER7648,67293.9,2025-01-16 03:57:29,Delhi,self_transfer,DEV514,0
TXN101545,USER6902,46325.09,2025-01-30 15:05:29,Hyderabad,send,DEV420,0
TXN101546,USER3860,169513.71,2025-02-14 18:18:29,Mumbai,receive,DEV396,0
TXN101547,USER5444,160097.49,2025-04-04 12:18:29,Hyderabad,self_transfer,DEV257,0
TXN101548,USER8261,47631.05,2025-02-13 07:57:29,Mumbai,merchant_payment,DEV821,0
TXN101549,USER7348,140413.21,2025-01-12 05:44:29,Ahmedabad,merchant_payment,DEV833,0
TXN101550,USER4334,149744.68,2025-03-23 02:55:29,Delhi,self_transfer,DEV816,1
TXN101551,USER5958,126691.59,2025-03-08 20:23:29,Bangalore,receive,DEV884,0
TXN101552,USER2331,53273.81,2025-02-16 01:36:29,Hyderabad,bill_payment,DEV903,0
TXN101553,USER7296,10858.83,2025-03-02 01:12:29,Hyderabad,merchant_payment,DEV647,0
TXN101554,USER5689,5246.8,2025-03-29 14:00:29,Ahmedabad,bill_payment,DEV123,0
TXN101555,USER9236,62602.71,2025-02-12 13:45:29,Mumbai,self_transfer,DEV177,0
TXN101556,USER6584,109166.81,2025-03-19 21:50:29,Bangalore,send,DEV173,0
TXN101557,USER9476,199261.09,2025-02-23 16:37:29,Delhi,receive,DEV203,0
TXN101558,USER2079,111986.67,2025-03-12 05:21:29,Delhi,send,DEV821,0
TXN101559,USER3560,118130.29,2025-02-13 07:32:29,Jaipur,self_transfer,DEV114,0
TXN101560,USER9880,165881.17,2025-03-04 02:00:29,Chennai,receive,DEV185,1
TXN101561,USER8943,34475.51,2025-02-25 18:46:29,Delhi,self_transfer,DEV730,0
TXN101562,USER6236,168628.42,2025-02-07 17:36:29,Hyderabad,receive,DEV146,0
TXN101563,USER7315,121664.81,2025-02-24 03:52:29,Hyderabad,send,DEV415,1
TXN101564,USER5170,121400.44,2025-02-06 05:54:29,Jaipur,send,DEV870,0
TXN101565,USER8225,134908.81,2025-02-07 09:45:29,Pune,send,DEV993,0
TXN101566,USER2016,196266.75,2025-02-02 20:08:29,Hyderabad,merchant_payment,DEV545,0
TXN101567,USER2307,44372.92,2025-02-03 20:53:29,Kolkata,bill_payment,DEV128,0
TXN101568,USER1257,175941.74,2025-04-04 21:55:29,Kolkata,send,DEV429,0
TXN101569,USER7726,115872.36,2025-02-03 03:14:29,Delhi,receive,DEV635,1
TXN101570,USER5428,118304.36,2025-03-21 00:05:29,Hyderabad,merchant_payment,DEV945,0
TXN101571,USER3713,70789.11,2025-02-05 20:16:29,Pune,bill_payment,DEV461,0
TXN101572,USER3975,11518.83,2025-01-07 01:40:29,Mumbai,bill_payment,DEV712,0
TXN101573,USER1483,70342.64,2025-03-20 04:16:29,Ahmedabad,receive,DEV727,0
TXN101574,USER9099,117039.99,2025-03-10 21:41:29,Delhi,send,DEV162,0
TXN101575,USER4553,145751.16,2025-04-04 17:13:29,Kolkata,send,DEV208,0
TXN101576,USER2020,86728.89,2025-03-08 08:13:29,Chennai,receive,DEV604,0
TXN101577,USER6245,32599.67,2025-02-09 06:59:29,Pune,receive,DEV828,1
TXN101578,USER2880,154902.17,2025-04-02 06:54:29,Mumbai,send,DEV890,0
TXN101579,USER9725,28990.71,2025-03-30 00:45:29,Hyderabad,receive,DEV626,0
TXN101580,USER8692,46822.04,2025-02-27 14:41:29,Kolkata,self_transfer,DEV620,0
TXN101581,USER8781,17527.68,2025-04-06 14:44:29,Bangalore,bill_payment,DEV719,0
TXN101582,USER2664,66206.49,2025-03-08 02:51:29,Hyderabad,self_transfer,DEV777,0
TXN101583,USER4320,116021.45,2025-03-10 21:48:29,Kolkata,receive,DEV736,0
TXN101584,USER2974,50124.27,2025-01-08 09:37:29,Bangalore,self_transfer,DEV157,0
TXN101585,USER7792,14952.56,2025-02-23 17:22:29,Delhi,bill_payment,DEV464,0
TXN101586,USER5278,152871.21,2025-02-11 18:25:29,Hyderabad,merchant_payment,DEV425,0
TXN101587,USER7169,186002.32,2025-01-15 07:21:29,Bangalore,receive,DEV449,0
TXN101588,USER2614,151941.26,2025-03-29 11:17:29,Kolkata,merchant_payment,DEV711,0
TXN101589,USER4327,18457.16,2025-02-21 22:51:29,Chennai,send,DEV371,0
TXN101590,USER7811,30996.92,2025-01-29 07:19:29,Delhi,bill_payment,DEV471,0
TXN101591,USER1509,131376.08,2025-02-20 12:09:29,Hyderabad,send,DEV588,0
TXN101592,USER2793,106497.37,2025-02-20 12:37:29,Ahmedabad,merchant_payment,DEV846,0
TXN101593,USER6064,106105.81,2025-04-07 09:28:29,Hyderabad,merchant_payment,DEV313,0
TXN101594,USER5821,132972.78,2025-02-13 20:46:29,Delhi,receive,DEV197,0
TXN101595,USER9784,42750.94,2025-03-21 16:42:29,Mumbai,receive,DEV793,0
TXN101596,USER8165,12123.23,2025-03-29 02:30:29,Delhi,self_transfer,DEV920,0
TXN101597,USER6844,167076.49,2025-03-27 09:01:29,Bangalore,send,DEV715,0
TXN101598,USER8181,52432.81,2025-02-14 05:39:29,Bangalore,receive,DEV490,0
TXN101599,USER3956,176797.55,2025-04-03 07:15:29,Mumbai,receive,DEV102,0
TXN101600,USER8686,59605.18,2025-03-13 14:09:29,Jaipur,self_transfer,DEV952,0
TXN101601,USER8442,174482.01,2025-01-18 15:10:29,Hyderabad,send,DEV189,0
TXN101602,USER2603,59955.59,2025-02-03 10:47:29,Kolkata,send,DEV460,0
TXN101603,USER1939,110427.4,2025-03-26 05:30:29,Mumbai,bill_payment,DEV241,0
TXN101604,USER2686,84202.67,2025-01-13 00:02:29,Jaipur,bill_payment,DEV202,0
TXN101605,USER9908,84601.34,2025-03-20 04:05:29,Delhi,receive,DEV741,0
TXN101606,USER2637,125079.06,2025-04-05 02:03:29,Kolkata,receive,DEV603,1
TXN101607,USER8193,167241.56,2025-01-21 03:18:29,Kolkata,bill_payment,DEV962,1
TXN101608,USER3996,101169.32,2025-02-04 15:35:29,Mumbai,self_transfer,DEV198,0
TXN101609,USER3949,92448.07,2025-02-02 01:30:29,Jaipur,merchant_payment,DEV265,0
TXN101610,USER6425,51000.49,2025-01-20 03:09:29,Mumbai,bill_payment,DEV111,0
TXN101611,USER9645,180570.28,2025-02-09 01:39:29,Chennai,merchant_payment,DEV933,1
TXN101612,USER7612,30478.48,2025-02-12 01:48:29,Bangalore,self_transfer,DEV527,0
TXN101613,USER3112,196633.77,2025-01-19 12:33:29,Chennai,self_transfer,DEV937,0
TXN101614,USER1141,187196.08,2025-02-19 17:28:29,Bangalore,merchant_payment,DEV522,0
TXN101615,USER9646,95948.96,2025-03-21 02:39:29,Hyderabad,send,DEV296,0
TXN101616,USER2679,2821.46,2025-03-25 05:39:29,Chennai,self_transfer,DEV698,0
TXN101617,USER6678,98281.93,2025-02-02 12:37:29,Ahmedabad,bill_payment,DEV807,0
TXN101618,USER2691,37028.25,2025-03-11 22:35:29,Ahmedabad,bill_payment,DEV548,0
TXN101619,USER4857,118481.02,2025-04-04 06:43:29,Chennai,self_transfer,DEV928,0
TXN101620,USER1931,117275.5,2025-03-24 09:38:29,Mumbai,self_transfer,DEV902,0
TXN101621,USER5198,169486.81,2025-03-21 04:32:29,Delhi,send,DEV802,0
TXN101622,USER9723,181257.67,2025-01-27 22:34:29,Ahmedabad,receive,DEV184,0
TXN101623,USER3759,5278.76,2025-02-22 12:59:29,Mumbai,receive,DEV954,0
TXN101624,USER8411,108817.75,2025-01-12 04:35:29,Chennai,send,DEV693,0
TXN101625,USER1625,129920.53,2025-03-28 03:27:29,Delhi,receive,DEV452,1
TXN101626,USER2756,76892.29,2025-01-10 13:06:29,Mumbai,merchant_payment,DEV824,0
TXN101627,USER1442,3286.35,2025-03-18 15:33:29,Delhi,receive,DEV100,0
TXN101628,USER6409,128020.26,2025-03-02 18:55:29,Delhi,bill_payment,DEV948,0
TXN101629,USER9067,13824.25,2025-03-04 19:49:29,Delhi,send,DEV958,0
TXN101630,USER1318,151965.13,2025-01-14 06:47:29,Bangalore,bill_payment,DEV736,0
TXN101631,USER9545,67906.93,2025-03-14 05:01:29,Bangalore,merchant_payment,DEV838,0
TXN101632,USER5803,38024.78,2025-01-20 15:40:29,Kolkata,receive,DEV799,0
TXN101633,USER1787,97255.31,2025-02-28 08:47:29,Ahmedabad,self_transfer,DEV104,0
TXN101634,USER9478,30306.21,2025-03-27 06:05:29,Mumbai,merchant_payment,DEV526,0
TXN101635,USER2612,42254.51,2025-02-24 01:13:29,Hyderabad,self_transfer,DEV929,0
TXN101636,USER5829,134253.36,2025-03-08 08:59:29,Bangalore,bill_payment,DEV468,0
TXN101637,USER3221,33287.81,2025-02-04 12:23:29,Chennai,merchant_payment,DEV836,0
TXN101638,USER9060,118703.53,2025-04-01 18:12:29,Bangalore,bill_payment,DEV884,0
TXN101639,USER7022,113328.86,2025-03-10 00:42:29,Hyderabad,receive,DEV312,0
TXN101640,USER6328,54697.46,2025-03-29 15:01:29,Mumbai,self_transfer,DEV323,0
TXN101641,USER5809,40602.32,2025-01-20 21:17:29,Jaipur,receive,DEV828,0
TXN101642,USER7608,31023.86,2025-02-04 04:44:29,Kolkata,send,DEV414,0
TXN101643,USER1700,118781.55,2025-02-25 19:52:29,Jaipur,merchant_payment,DEV638,0
TXN101644,USER5957,62360.07,2025-03-09 07:44:29,Delhi,receive,DEV545,0
TXN101645,USER9601,131709.21,2025-02-14 03:28:29,Kolkata,self_transfer,DEV922,1
TXN101646,USER2800,143183.56,2025-02-22 07:38:29,Ahmedabad,merchant_payment,DEV768,0
TXN101647,USER2445,54360.41,2025-02-05 02:34:29,Kolkata,merchant_payment,DEV154,0
TXN101648,USER7348,88321.28,2025-03-24 11:46:29,Hyderabad,send,DEV792,0
TXN101649,USER8158,198821.67,2025-03-22 22:46:29,Bangalore,receive,DEV532,0
TXN101650,USER8384,102164.4,2025-01-13 00:03:29,Delhi,send,DEV969,0
TXN101651,USER2965,139222.0,2025-02-11 10:46:29,Ahmedabad,send,DEV984,0
TXN101652,USER5375,52345.64,2025-01-13 02:03:29,Chennai,merchant_payment,DEV348,0
TXN101653,USER7184,70874.84,2025-03-01 17:40:29,Hyderabad,bill_payment,DEV810,0
TXN101654,USER3218,20539.53,2025-02-07 08:37:29,Mumbai,merchant_payment,DEV265,0
TXN101655,USER7041,175144.49,2025-01-14 23:27:29,Pune,self_transfer,DEV180,0
TXN101656,USER5933,104127.89,2025-03-07 21:46:29,Hyderabad,self_transfer,DEV132,0
TXN101657,USER1663,126709.46,2025-03-16 02:25:29,Chennai,self_transfer,DEV754,1
TXN101658,USER1639,103077.45,2025-03-15 15:56:29,Bangalore,send,DEV840,0
TXN101659,USER5490,146349.78,2025-03-07 17:44:29,Ahmedabad,self_transfer,DEV953,0
TXN101660,USER5529,77011.67,2025-02-05 00:07:29,Hyderabad,receive,DEV297,0
TXN101661,USER7388,91196.63,2025-01-12 17:07:29,Chennai,self_transfer,DEV142,0
TXN101662,USER9660,13477.49,2025-04-04 13:14:29,Kolkata,bill_payment,DEV796,0
TXN101663,USER3717,10618.86,2025-03-31 13:29:29,Ahmedabad,send,DEV901,0
TXN101664,USER4420,43163.71,2025-03-04 19:16:29,Kolkata,send,DEV378,0
TXN101665,USER4860,56575.93,2025-02-03 07:51:29,Pune,merchant_payment,DEV829,0
TXN101666,USER5091,11975.11,2025-03-23 15:46:29,Hyderabad,bill_payment,DEV410,0
TXN101667,USER4986,51238.54,2025-02-03 23:20:29,Ahmedabad,bill_payment,DEV960,0
TXN101668,USER8394,6949.12,2025-03-20 15:12:29,Mumbai,send,DEV284,0
TXN101669,USER1880,99326.64,2025-01-12 14:40:29,Mumbai,send,DEV668,0
TXN101670,USER7368,14418.89,2025-02-12 20:05:29,Pune,self_transfer,DEV661,0
TXN101671,USER5176,128410.11,2025-02-22 04:54:29,Bangalore,receive,DEV127,0
TXN101672,USER2485,70919.18,2025-01-11 14:30:29,Pune,send,DEV968,0
TXN101673,USER4673,180081.56,2025-01-10 18:42:29,Hyderabad,bill_payment,DEV801,0
TXN101674,USER2276,25949.28,2025-03-24 14:44:29,Jaipur,send,DEV809,0
TXN101675,USER9838,88885.28,2025-01-08 11:23:29,Chennai,send,DEV249,0
TXN101676,USER9002,167669.48,2025-03-24 01:45:29,Chennai,bill_payment,DEV222,1
TXN101677,USER2641,64618.63,2025-03-11 07:41:29,Mumbai,receive,DEV635,0
TXN101678,USER3219,31700.1,2025-03-23 23:24:29,Jaipur,receive,DEV448,0
TXN101679,USER4408,175813.52,2025-04-05 08:27:29,Ahmedabad,self_transfer,DEV612,0
TXN101680,USER9897,184935.59,2025-02-22 14:25:29,Pune,send,DEV628,0
TXN101681,USER3115,112566.47,2025-04-01 09:48:29,Bangalore,self_transfer,DEV638,0
TXN101682,USER6929,89518.7,2025-03-09 06:09:29,Delhi,merchant_payment,DEV419,0
TXN101683,USER3667,138493.29,2025-03-06 08:44:29,Ahmedabad,bill_payment,DEV745,0
TXN101684,USER7882,120497.86,2025-03-31 00:24:29,Hyderabad,self_transfer,DEV389,0
TXN101685,USER1087,19664.76,2025-02-12 12:54:29,Pune,bill_payment,DEV464,0
TXN101686,USER5433,153550.67,2025-03-06 07:17:29,Pune,send,DEV974,0
TXN101687,USER2126,62848.77,2025-03-29 17:17:29,Pune,bill_payment,DEV849,0
TXN101688,USER1659,76430.53,2025-01-11 06:37:29,Mumbai,bill_payment,DEV692,0
TXN101689,USER1547,127552.99,2025-01-30 11:47:29,Jaipur,self_transfer,DEV779,0
TXN101690,USER1467,30008.44,2025-03-11 20:51:29,Ahmedabad,bill_payment,DEV528,0
TXN101691,USER7031,93170.53,2025-01-30 20:12:29,Hyderabad,self_transfer,DEV938,0
TXN101692,USER9876,189024.85,2025-02-24 01:56:29,Delhi,send,DEV173,1
TXN101693,USER1137,45139.06,2025-04-03 06:08:29,Ahmedabad,merchant_payment,DEV651,0
TXN101694,USER1666,10255.04,2025-01-31 04:29:29,Delhi,receive,DEV571,0
TXN101695,USER3331,145083.19,2025-02-03 07:10:29,Jaipur,merchant_payment,DEV635,0
TXN101696,USER3231,106576.66,2025-02-07 03:32:29,Chennai,receive,DEV325,1
TXN101697,USER6555,46431.97,2025-03-05 20:54:29,Mumbai,send,DEV475,0
TXN101698,USER6538,23656.41,2025-02-12 21:55:29,Hyderabad,receive,DEV782,0
TXN101699,USER7595,98047.81,2025-02-01 05:51:29,Ahmedabad,send,DEV650,0
TXN101700,USER7344,175488.83,2025-02-21 15:26:29,Ahmedabad,send,DEV494,0
TXN101701,USER8194,74976.65,2025-02-06 10:25:29,Kolkata,bill_payment,DEV533,0
TXN101702,USER1149,4985.53,2025-02-09 20:19:29,Ahmedabad,merchant_payment,DEV283,0
TXN101703,USER8847,100271.76,2025-02-10 06:38:29,Pune,send,DEV948,0
TXN101704,USER8219,25554.01,2025-03-26 04:13:29,Pune,send,DEV401,0
TXN101705,USER8322,187277.37,2025-01-20 19:29:29,Mumbai,self_transfer,DEV256,0
TXN101706,USER2076,8720.48,2025-02-20 15:57:29,Delhi,self_transfer,DEV107,0
TXN101707,USER1768,104901.16,2025-03-19 07:52:29,Mumbai,receive,DEV837,0
TXN101708,USER5751,160091.55,2025-02-06 19:47:29,Chennai,merchant_payment,DEV976,0
TXN101709,USER5387,156555.81,2025-02-24 07:55:29,Mumbai,receive,DEV674,0
TXN101710,USER1756,3173.05,2025-02-22 10:54:29,Bangalore,receive,DEV421,0
TXN101711,USER6265,149988.97,2025-02-09 13:52:29,Chennai,merchant_payment,DEV949,0
TXN101712,USER2522,152841.34,2025-01-26 11:08:29,Mumbai,bill_payment,DEV273,0
TXN101713,USER1913,149896.85,2025-02-10 07:18:29,Hyderabad,receive,DEV870,0
TXN101714,USER6054,182754.39,2025-04-03 23:13:29,Pune,send,DEV737,0
TXN101715,USER5870,187832.3,2025-01-15 19:41:29,Kolkata,send,DEV746,0
TXN101716,USER9151,74109.53,2025-03-08 17:22:29,Mumbai,merchant_payment,DEV135,0
TXN101717,USER9075,37520.34,2025-02-26 16:21:29,Jaipur,receive,DEV368,0
TXN101718,USER6851,15587.31,2025-01-11 17:46:29,Hyderabad,send,DEV111,0
TXN101719,USER5010,101382.45,2025-03-25 20:33:29,Bangalore,bill_payment,DEV136,0
TXN101720,USER7004,65506.71,2025-03-03 00:49:29,Bangalore,receive,DEV962,0
TXN101721,USER5619,104383.72,2025-02-18 10:36:29,Jaipur,send,DEV159,0
TXN101722,USER1963,1807.57,2025-03-06 21:21:29,Kolkata,bill_payment,DEV503,0
TXN101723,USER1108,133369.19,2025-03-22 09:19:29,Delhi,merchant_payment,DEV807,0
TXN101724,USER1299,47013.91,2025-03-31 01:33:29,Hyderabad,self_transfer,DEV481,0
TXN101725,USER5733,17980.14,2025-01-13 17:26:29,Mumbai,bill_payment,DEV450,0
TXN101726,USER2500,144197.56,2025-03-19 12:26:29,Mumbai,bill_payment,DEV912,0
TXN101727,USER3104,76500.6,2025-01-14 10:08:29,Pune,send,DEV591,0
TXN101728,USER8845,47000.0,2025-02-02 09:27:29,Ahmedabad,receive,DEV936,0
TXN101729,USER6955,5142.71,2025-02-10 02:08:29,Delhi,receive,DEV290,0
TXN101730,USER5751,118926.04,2025-01-30 04:17:29,Ahmedabad,bill_payment,DEV511,0
TXN101731,USER6335,106468.65,2025-02-10 18:02:29,Ahmedabad,self_transfer,DEV347,0
TXN101732,USER2396,23309.27,2025-03-05 05:53:29,Pune,self_transfer,DEV238,0
TXN101733,USER4333,171908.34,2025-02-08 11:09:29,Chennai,bill_payment,DEV466,0
TXN101734,USER8290,92675.82,2025-01-07 11:49:29,Hyderabad,send,DEV270,0
TXN101735,USER5134,165554.36,2025-01-15 06:18:29,Bangalore,bill_payment,DEV445,0
TXN101736,USER9680,135434.72,2025-01-11 07:29:29,Chennai,merchant_payment,DEV225,0
TXN101737,USER7666,41731.47,2025-03-12 09:52:29,Jaipur,send,DEV547,0
TXN101738,USER7516,128566.7,2025-03-21 15:08:29,Jaipur,merchant_payment,DEV471,0
TXN101739,USER5388,92934.73,2025-03-01 11:13:29,Pune,bill_payment,DEV583,0
TXN101740,USER4915,187606.26,2025-01-29 11:53:29,Chennai,receive,DEV946,0
TXN101741,USER2856,196066.31,2025-01-23 06:12:29,Pune,self_transfer,DEV487,0
TXN101742,USER8285,61093.31,2025-04-02 18:14:29,Bangalore,bill_payment,DEV332,0
TXN101743,USER9552,24075.18,2025-03-17 10:53:29,Pune,bill_payment,DEV749,0
TXN101744,USER9153,42941.84,2025-03-18 12:55:29,Chennai,bill_payment,DEV852,0
TXN101745,USER9630,64123.72,2025-03-19 17:49:29,Bangalore,receive,DEV566,0
TXN101746,USER6509,8361.12,2025-02-06 14:04:29,Ahmedabad,send,DEV617,0
TXN101747,USER2237,9098.16,2025-02-02 23:37:29,Mumbai,merchant_payment,DEV919,0
TXN101748,USER6773,34368.29,2025-03-23 11:28:29,Delhi,receive,DEV357,0
TXN101749,USER9023,171662.56,2025-03-08 17:04:29,Pune,bill_payment,DEV231,0
TXN101750,USER4381,130179.49,2025-02-02 10:43:29,Delhi,bill_payment,DEV352,0
TXN101751,USER7840,157014.11,2025-03-19 06:44:29,Delhi,merchant_payment,DEV703,0
TXN101752,USER8702,35748.84,2025-01-23 07:42:29,Chennai,bill_payment,DEV796,0
TXN101753,USER4927,27443.32,2025-04-05 19:40:29,Mumbai,receive,DEV526,0
TXN101754,USER5893,150415.66,2025-03-16 05:56:29,Delhi,receive,DEV560,0
TXN101755,USER7306,30050.91,2025-01-17 20:42:29,Mumbai,merchant_payment,DEV304,0
TXN101756,USER9631,7511.89,2025-01-18 02:33:29,Kolkata,bill_payment,DEV501,0
TXN101757,USER3881,88238.81,2025-03-15 04:53:29,Kolkata,self_transfer,DEV537,0
TXN101758,USER4173,131307.46,2025-01-29 23:28:29,Mumbai,send,DEV593,0
TXN101759,USER1955,59685.37,2025-03-05 10:43:29,Delhi,merchant_payment,DEV288,0
TXN101760,USER9996,21584.6,2025-02-25 02:27:29,Bangalore,send,DEV143,0
TXN101761,USER6263,55572.82,2025-01-21 02:40:29,Ahmedabad,send,DEV991,0
TXN101762,USER3298,195669.82,2025-02-03 08:44:29,Delhi,bill_payment,DEV431,0
TXN101763,USER8716,81683.13,2025-02-27 02:47:29,Chennai,send,DEV585,0
TXN101764,USER7613,147689.07,2025-03-21 17:37:29,Mumbai,receive,DEV342,0
TXN101765,USER8676,6163.7,2025-01-13 01:42:29,Pune,send,DEV364,0
TXN101766,USER1251,119949.44,2025-01-07 22:49:29,Chennai,send,DEV611,0
TXN101767,USER6465,28349.66,2025-04-04 01:59:29,Hyderabad,bill_payment,DEV516,0
TXN101768,USER3883,11227.24,2025-03-18 20:50:29,Hyderabad,bill_payment,DEV350,0
TXN101769,USER6229,20920.99,2025-02-10 02:49:29,Bangalore,receive,DEV403,0
TXN101770,USER9051,47153.98,2025-02-03 08:27:29,Jaipur,bill_payment,DEV635,0
TXN101771,USER7900,7163.02,2025-02-17 19:50:29,Jaipur,receive,DEV954,0
TXN101772,USER2643,99516.85,2025-04-05 09:16:29,Kolkata,merchant_payment,DEV127,0
TXN101773,USER2415,56439.22,2025-03-25 11:14:29,Bangalore,merchant_payment,DEV367,0
TXN101774,USER1893,121263.34,2025-01-30 10:12:29,Ahmedabad,self_transfer,DEV982,0
TXN101775,USER2192,171946.06,2025-02-25 06:14:29,Chennai,bill_payment,DEV172,0
TXN101776,USER1095,142693.79,2025-03-04 03:28:29,Jaipur,receive,DEV880,1
TXN101777,USER6732,63974.51,2025-01-24 05:44:29,Pune,receive,DEV725,0
TXN101778,USER4479,189996.27,2025-01-15 02:22:29,Bangalore,merchant_payment,DEV924,1
TXN101779,USER1420,177966.73,2025-04-06 15:17:29,Hyderabad,send,DEV657,0
TXN101780,USER6971,42181.42,2025-02-27 15:34:29,Chennai,bill_payment,DEV946,0
TXN101781,USER7847,79102.68,2025-01-14 06:33:29,Bangalore,receive,DEV465,0
TXN101782,USER7244,76244.22,2025-04-01 18:11:29,Delhi,send,DEV179,0
TXN101783,USER3643,45345.9,2025-02-13 13:14:29,Pune,merchant_payment,DEV971,0
TXN101784,USER6987,136876.28,2025-02-13 04:52:29,Hyderabad,self_transfer,DEV848,0
TXN101785,USER1713,48275.86,2025-01-09 11:43:29,Mumbai,receive,DEV415,0
TXN101786,USER9011,9590.21,2025-02-03 12:53:29,Pune,receive,DEV480,0
TXN101787,USER7544,190294.85,2025-02-25 03:43:29,Pune,merchant_payment,DEV587,1
TXN101788,USER7617,47524.0,2025-03-15 12:01:29,Mumbai,send,DEV160,0
TXN101789,USER5059,141291.59,2025-03-20 02:15:29,Mumbai,self_transfer,DEV493,1
TXN101790,USER5717,172675.51,2025-02-20 04:08:29,Jaipur,send,DEV247,0
TXN101791,USER4593,38263.66,2025-02-11 16:52:29,Ahmedabad,self_transfer,DEV517,0
TXN101792,USER3478,179233.54,2025-01-30 03:02:29,Delhi,bill_payment,DEV547,1
TXN101793,USER3368,42910.79,2025-01-13 23:10:29,Jaipur,self_transfer,DEV745,0
TXN101794,USER4226,74814.92,2025-03-02 13:35:29,Kolkata,bill_payment,DEV725,0
TXN101795,USER9886,11856.23,2025-04-06 23:17:29,Mumbai,self_transfer,DEV449,0
TXN101796,USER4214,146842.16,2025-02-09 01:33:29,Ahmedabad,receive,DEV938,1
TXN101797,USER2924,67540.3,2025-03-30 12:49:29,Mumbai,send,DEV203,0
TXN101798,USER4435,85984.38,2025-03-06 12:58:29,Bangalore,merchant_payment,DEV819,0
TXN101799,USER7736,131360.32,2025-02-09 02:01:29,Ahmedabad,self_transfer,DEV717,1
TXN101800,USER1904,163192.74,2025-02-12 15:14:29,Jaipur,bill_payment,DEV778,0
TXN101801,USER1555,82687.52,2025-01-06 18:42:29,Delhi,self_transfer,DEV349,0
TXN101802,USER8608,177131.07,2025-01-20 21:36:29,Hyderabad,self_transfer,DEV500,0
TXN101803,USER5628,155775.1,2025-02-23 03:08:29,Chennai,self_transfer,DEV683,1
TXN101804,USER1819,16659.06,2025-02-03 15:51:29,Delhi,self_transfer,DEV178,0
TXN101805,USER2755,135883.92,2025-01-18 15:15:29,Hyderabad,send,DEV645,0
TXN101806,USER6293,120068.84,2025-01-25 13:42:29,Mumbai,merchant_payment,DEV781,0
TXN101807,USER5148,99946.22,2025-02-28 01:43:29,Bangalore,bill_payment,DEV122,0
TXN101808,USER3736,10312.32,2025-02-06 21:13:29,Delhi,merchant_payment,DEV818,0
TXN101809,USER2637,54091.73,2025-02-04 02:04:29,Hyderabad,merchant_payment,DEV160,0
TXN101810,USER8193,41827.57,2025-03-31 05:57:29,Mumbai,receive,DEV478,0
TXN101811,USER6256,196589.55,2025-04-01 02:07:29,Mumbai,send,DEV140,1
TXN101812,USER1243,63683.19,2025-02-28 15:52:29,Kolkata,self_transfer,DEV968,0
TXN101813,USER1944,152406.14,2025-02-06 05:21:29,Ahmedabad,bill_payment,DEV108,0
TXN101814,USER6931,199659.88,2025-02-12 01:25:29,Mumbai,self_transfer,DEV214,1
TXN101815,USER1790,130851.17,2025-02-13 22:22:29,Bangalore,bill_payment,DEV795,0
TXN101816,USER8924,8027.37,2025-03-04 03:38:29,Chennai,merchant_payment,DEV986,0
TXN101817,USER5793,65434.66,2025-02-20 15:07:29,Hyderabad,receive,DEV886,0
TXN101818,USER5641,11469.94,2025-03-17 05:08:29,Kolkata,bill_payment,DEV901,0
TXN101819,USER1656,142041.94,2025-03-29 08:55:29,Hyderabad,bill_payment,DEV345,0
TXN101820,USER5305,110870.71,2025-02-15 08:07:29,Ahmedabad,bill_payment,DEV981,0
TXN101821,USER1500,35681.05,2025-02-01 14:20:29,Delhi,merchant_payment,DEV723,0
TXN101822,USER7855,188062.15,2025-01-31 23:23:29,Hyderabad,bill_payment,DEV799,0
TXN101823,USER4033,77951.69,2025-01-26 21:50:29,Delhi,merchant_payment,DEV936,0
TXN101824,USER8278,186482.55,2025-03-12 03:52:29,Kolkata,send,DEV817,1
TXN101825,USER4799,141453.16,2025-02-05 13:36:29,Jaipur,merchant_payment,DEV729,0
TXN101826,USER2649,177254.17,2025-03-12 01:53:29,Bangalore,receive,DEV661,1
TXN101827,USER9457,82863.45,2025-02-13 03:20:29,Chennai,receive,DEV252,0
TXN101828,USER4769,176651.95,2025-01-26 12:27:29,Chennai,merchant_payment,DEV272,0
TXN101829,USER6793,39076.35,2025-01-20 05:47:29,Pune,merchant_payment,DEV399,0
TXN101830,USER9426,14738.26,2025-03-23 11:03:29,Pune,send,DEV622,0
TXN101831,USER6400,177094.24,2025-01-31 20:08:29,Jaipur,send,DEV386,0
TXN101832,USER6609,181421.94,2025-03-20 05:16:29,Kolkata,receive,DEV874,0
TXN101833,USER4688,27275.27,2025-03-18 19:58:29,Pune,receive,DEV784,0
TXN101834,USER3614,23967.72,2025-01-07 10:35:29,Ahmedabad,merchant_payment,DEV498,0
TXN101835,USER9274,55191.79,2025-01-10 08:01:29,Kolkata,bill_payment,DEV177,0
TXN101836,USER5525,96241.34,2025-01-27 06:52:29,Ahmedabad,send,DEV145,0
TXN101837,USER6309,128125.41,2025-03-05 05:31:29,Delhi,receive,DEV361,0
TXN101838,USER3402,56350.94,2025-03-25 02:39:29,Jaipur,send,DEV764,0
TXN101839,USER8071,42623.19,2025-01-11 18:39:29,Mumbai,receive,DEV914,0
TXN101840,USER6734,172472.83,2025-03-28 07:54:29,Mumbai,bill_payment,DEV519,0
TXN101841,USER3608,91494.02,2025-02-07 11:18:29,Pune,merchant_payment,DEV831,0
TXN101842,USER3042,149942.19,2025-03-05 04:41:29,Bangalore,merchant_payment,DEV215,0
TXN101843,USER5558,37832.62,2025-02-22 10:22:29,Hyderabad,receive,DEV822,0
TXN101844,USER3161,15710.87,2025-01-26 03:55:29,Pune,bill_payment,DEV171,0
TXN101845,USER3539,11443.57,2025-03-15 01:43:29,Hyderabad,bill_payment,DEV361,0
TXN101846,USER5836,115267.94,2025-02-10 17:30:29,Kolkata,receive,DEV471,0
TXN101847,USER6563,120043.47,2025-02-27 23:35:29,Chennai,bill_payment,DEV320,0
TXN101848,USER3613,17223.61,2025-03-09 01:59:29,Hyderabad,merchant_payment,DEV305,0
TXN101849,USER4137,48333.48,2025-02-12 07:53:29,Jaipur,receive,DEV918,0
TXN101850,USER3809,42402.67,2025-02-18 02:55:29,Ahmedabad,send,DEV291,0
TXN101851,USER4686,198357.58,2025-02-26 13:55:29,Jaipur,self_transfer,DEV804,0
TXN101852,USER8230,166281.98,2025-03-07 16:37:29,Ahmedabad,merchant_payment,DEV258,0
TXN101853,USER6554,149997.46,2025-01-30 06:39:29,Bangalore,receive,DEV100,0
TXN101854,USER6421,93265.56,2025-02-19 21:42:29,Ahmedabad,receive,DEV803,0
TXN101855,USER8480,189092.54,2025-01-09 05:27:29,Mumbai,send,DEV421,0
TXN101856,USER4057,122205.38,2025-01-17 09:26:29,Pune,merchant_payment,DEV489,0
TXN101857,USER2722,148598.74,2025-03-07 01:33:29,Hyderabad,merchant_payment,DEV277,1
TXN101858,USER7546,151065.13,2025-03-16 16:25:29,Delhi,bill_payment,DEV750,0
TXN101859,USER1832,69333.15,2025-01-27 15:21:29,Ahmedabad,receive,DEV447,0
TXN101860,USER4406,91992.34,2025-04-07 03:31:29,Hyderabad,self_transfer,DEV493,0
TXN101861,USER3367,174181.92,2025-01-15 23:49:29,Mumbai,receive,DEV608,0
TXN101862,USER3635,181546.4,2025-02-27 16:38:29,Bangalore,send,DEV193,0
TXN101863,USER3819,147801.96,2025-01-29 15:59:29,Chennai,receive,DEV232,0
TXN101864,USER4593,161938.73,2025-02-07 13:46:29,Bangalore,bill_payment,DEV958,0
TXN101865,USER4707,27721.19,2025-03-24 07:25:29,Delhi,merchant_payment,DEV939,0
TXN101866,USER7909,15652.13,2025-02-06 17:51:29,Hyderabad,self_transfer,DEV103,0
TXN101867,USER7942,15980.6,2025-03-24 06:07:29,Chennai,send,DEV791,0
TXN101868,USER3390,110405.42,2025-03-17 16:37:29,Delhi,merchant_payment,DEV744,0
TXN101869,USER3643,151722.2,2025-02-06 09:25:29,Kolkata,self_transfer,DEV551,0
TXN101870,USER4317,122302.0,2025-03-11 10:46:29,Bangalore,self_transfer,DEV101,0
TXN101871,USER8875,178054.78,2025-02-04 15:31:29,Mumbai,receive,DEV930,0
TXN101872,USER4773,122572.7,2025-03-05 11:58:29,Mumbai,bill_payment,DEV956,0
TXN101873,USER6262,114834.4,2025-02-08 14:43:29,Jaipur,bill_payment,DEV950,0
TXN101874,USER6574,5989.16,2025-02-07 13:04:29,Delhi,send,DEV904,0
TXN101875,USER8708,108069.64,2025-03-29 09:05:29,Hyderabad,send,DEV802,0
TXN101876,USER8739,177882.8,2025-03-03 11:53:29,Chennai,bill_payment,DEV164,0
TXN101877,USER5782,18068.98,2025-01-13 16:04:29,Kolkata,send,DEV434,0
TXN101878,USER8967,193199.54,2025-03-08 22:41:29,Delhi,send,DEV107,0
TXN101879,USER4230,178236.21,2025-03-29 12:06:29,Bangalore,bill_payment,DEV645,0
TXN101880,USER3854,146757.48,2025-02-25 11:38:29,Jaipur,send,DEV384,0
TXN101881,USER6538,43484.83,2025-04-02 17:47:29,Ahmedabad,receive,DEV655,0
TXN101882,USER8193,1006.12,2025-01-15 09:26:29,Bangalore,send,DEV615,0
TXN101883,USER1857,90204.75,2025-03-25 05:21:29,Bangalore,merchant_payment,DEV116,0
TXN101884,USER3087,78753.18,2025-03-08 20:59:29,Jaipur,send,DEV304,0
TXN101885,USER7297,99293.91,2025-03-29 16:22:29,Chennai,receive,DEV680,0
TXN101886,USER5264,83367.54,2025-04-02 02:02:29,Jaipur,send,DEV681,0
TXN101887,USER5027,96367.2,2025-02-07 06:34:29,Delhi,bill_payment,DEV174,0
TXN101888,USER5329,85350.78,2025-03-10 19:35:29,Delhi,send,DEV736,0
TXN101889,USER8500,81320.15,2025-01-14 02:20:29,Chennai,self_transfer,DEV299,0
TXN101890,USER7091,152715.24,2025-02-11 06:08:29,Ahmedabad,receive,DEV624,0
TXN101891,USER7804,128335.89,2025-03-07 04:53:29,Pune,bill_payment,DEV163,0
TXN101892,USER4924,60169.7,2025-02-26 03:55:29,Chennai,bill_payment,DEV414,0
TXN101893,USER5336,39689.86,2025-01-29 12:12:29,Ahmedabad,merchant_payment,DEV526,0
TXN101894,USER6138,109160.23,2025-01-19 09:22:29,Delhi,send,DEV683,0
TXN101895,USER7779,126464.67,2025-01-20 17:04:29,Delhi,self_transfer,DEV599,0
TXN101896,USER7788,115421.07,2025-03-09 15:12:29,Ahmedabad,self_transfer,DEV600,0
TXN101897,USER8803,140390.75,2025-02-13 21:58:29,Delhi,receive,DEV599,0
TXN101898,USER7111,149336.69,2025-02-22 00:05:29,Chennai,send,DEV879,0
TXN101899,USER5398,97162.94,2025-03-02 06:55:29,Ahmedabad,send,DEV739,0
TXN101900,USER9452,158498.96,2025-03-17 09:10:29,Jaipur,send,DEV176,0
TXN101901,USER9443,15059.27,2025-03-21 23:17:29,Mumbai,self_transfer,DEV232,0
TXN101902,USER6598,106889.33,2025-03-01 05:32:29,Chennai,bill_payment,DEV491,0
TXN101903,USER2025,9550.05,2025-01-28 14:36:29,Jaipur,merchant_payment,DEV622,0
TXN101904,USER5255,96237.55,2025-03-13 21:34:29,Mumbai,merchant_payment,DEV321,0
TXN101905,USER6088,80164.11,2025-03-26 11:41:29,Jaipur,merchant_payment,DEV732,0
TXN101906,USER4539,136412.73,2025-02-17 17:57:29,Chennai,receive,DEV396,0
TXN101907,USER5072,136016.03,2025-03-06 04:41:29,Chennai,send,DEV703,0
TXN101908,USER2988,91342.07,2025-01-22 19:05:29,Kolkata,merchant_payment,DEV213,0
TXN101909,USER5676,20849.0,2025-01-16 11:28:29,Delhi,receive,DEV246,0
TXN101910,USER7012,32150.91,2025-03-01 23:40:29,Bangalore,bill_payment,DEV747,0
TXN101911,USER4718,176935.49,2025-03-24 23:51:29,Jaipur,merchant_payment,DEV420,0
TXN101912,USER1143,105259.6,2025-02-17 22:02:29,Hyderabad,bill_payment,DEV761,0
TXN101913,USER8722,64134.96,2025-02-02 11:21:29,Bangalore,bill_payment,DEV647,0
TXN101914,USER6447,2476.8,2025-03-29 06:34:29,Chennai,self_transfer,DEV478,0
TXN101915,USER9981,135157.91,2025-03-08 11:39:29,Chennai,receive,DEV586,0
TXN101916,USER3288,7122.32,2025-02-09 23:51:29,Kolkata,bill_payment,DEV215,0
TXN101917,USER1691,64202.38,2025-02-25 06:26:29,Kolkata,self_transfer,DEV356,0
TXN101918,USER8360,113093.2,2025-01-20 08:06:29,Mumbai,bill_payment,DEV784,0
TXN101919,USER5988,2426.88,2025-02-07 03:34:29,Pune,self_transfer,DEV610,0
TXN101920,USER9290,24472.82,2025-01-30 23:20:29,Jaipur,send,DEV205,0
TXN101921,USER1595,6196.33,2025-02-27 03:54:29,Bangalore,bill_payment,DEV449,0
TXN101922,USER7116,165867.4,2025-01-21 09:07:29,Delhi,bill_payment,DEV274,0
TXN101923,USER8146,129131.35,2025-04-05 11:11:29,Ahmedabad,bill_payment,DEV911,0
TXN101924,USER9809,43602.24,2025-02-07 04:29:29,Jaipur,bill_payment,DEV510,0
TXN101925,USER5428,114485.34,2025-02-13 18:25:29,Pune,merchant_payment,DEV607,0
TXN101926,USER5038,57344.17,2025-02-20 01:43:29,Chennai,merchant_payment,DEV630,1
TXN101927,USER8565,1843.23,2025-03-23 05:38:29,Bangalore,merchant_payment,DEV529,0
TXN101928,USER8074,155547.92,2025-02-22 11:19:29,Kolkata,receive,DEV937,0
TXN101929,USER7508,41111.09,2025-02-24 20:54:29,Kolkata,receive,DEV963,0
TXN101930,USER4271,19431.64,2025-03-01 18:12:29,Jaipur,send,DEV856,0
TXN101931,USER3753,16360.14,2025-01-22 01:07:29,Ahmedabad,receive,DEV198,0
TXN101932,USER7039,153200.44,2025-03-04 14:11:29,Chennai,bill_payment,DEV479,0
TXN101933,USER1610,193207.4,2025-01-14 08:47:29,Pune,receive,DEV339,0
TXN101934,USER8246,91358.87,2025-04-05 08:22:29,Kolkata,receive,DEV659,0
TXN101935,USER5632,71555.53,2025-01-26 00:29:29,Mumbai,bill_payment,DEV432,0
TXN101936,USER9589,167412.14,2025-02-17 19:31:29,Mumbai,self_transfer,DEV247,1
TXN101937,USER6637,36442.48,2025-01-13 23:07:29,Delhi,bill_payment,DEV878,0
TXN101938,USER5625,144458.82,2025-02-21 04:13:29,Pune,self_transfer,DEV662,0
TXN101939,USER9538,166879.11,2025-03-13 08:26:29,Mumbai,self_transfer,DEV376,0
TXN101940,USER9734,90237.66,2025-03-07 23:49:29,Bangalore,self_transfer,DEV954,0
TXN101941,USER9093,43371.71,2025-02-20 12:53:29,Ahmedabad,merchant_payment,DEV761,0
TXN101942,USER3608,5718.74,2025-02-15 00:12:29,Mumbai,send,DEV806,0
TXN101943,USER3555,594.92,2025-03-28 01:58:29,Chennai,merchant_payment,DEV153,0
TXN101944,USER1515,85955.22,2025-01-29 10:15:29,Mumbai,receive,DEV123,0
TXN101945,USER8884,42709.06,2025-03-21 12:23:29,Mumbai,self_transfer,DEV845,0
TXN101946,USER5317,6077.59,2025-03-09 15:25:29,Mumbai,self_transfer,DEV968,0
TXN101947,USER4013,126945.27,2025-03-17 23:41:29,Chennai,receive,DEV361,0
TXN101948,USER7481,131154.0,2025-03-05 02:09:29,Mumbai,send,DEV506,1
TXN101949,USER1638,95845.36,2025-02-19 12:32:29,Hyderabad,bill_payment,DEV640,0
TXN101950,USER3667,97489.36,2025-02-18 07:25:29,Kolkata,merchant_payment,DEV956,0
TXN101951,USER9921,186333.86,2025-03-13 06:49:29,Pune,send,DEV427,0
TXN101952,USER2586,167364.61,2025-03-15 11:48:29,Kolkata,self_transfer,DEV299,0
TXN101953,USER6760,149739.19,2025-01-31 14:29:29,Kolkata,send,DEV261,0
TXN101954,USER9000,158064.34,2025-01-20 02:21:29,Delhi,send,DEV574,1
TXN101955,USER4576,176324.82,2025-03-27 23:40:29,Pune,receive,DEV918,0
TXN101956,USER7547,185863.49,2025-03-07 20:30:29,Bangalore,merchant_payment,DEV289,0
TXN101957,USER5019,117349.94,2025-02-21 11:10:29,Delhi,send,DEV743,0
TXN101958,USER8517,84065.31,2025-03-29 08:25:29,Chennai,self_transfer,DEV984,0
TXN101959,USER7672,154688.75,2025-03-28 13:53:29,Ahmedabad,bill_payment,DEV150,0
TXN101960,USER9248,18006.26,2025-03-24 13:51:29,Jaipur,receive,DEV158,0
TXN101961,USER6188,487.77,2025-02-23 13:01:29,Pune,self_transfer,DEV106,0
TXN101962,USER6828,162557.74,2025-01-09 22:50:29,Pune,receive,DEV950,0
TXN101963,USER9885,112689.76,2025-02-18 21:17:29,Mumbai,merchant_payment,DEV392,0
TXN101964,USER8126,170904.34,2025-01-20 07:20:29,Kolkata,bill_payment,DEV958,0
TXN101965,USER1983,42663.31,2025-03-09 15:36:29,Pune,receive,DEV469,0
TXN101966,USER6039,28265.92,2025-04-01 22:33:29,Pune,send,DEV299,0
TXN101967,USER1855,147388.02,2025-02-14 20:34:29,Ahmedabad,self_transfer,DEV301,0
TXN101968,USER9825,143488.84,2025-02-03 03:11:29,Bangalore,bill_payment,DEV109,1
TXN101969,USER1107,60399.43,2025-01-22 16:01:29,Hyderabad,receive,DEV389,0
TXN101970,USER9491,7359.71,2025-02-27 01:28:29,Mumbai,self_transfer,DEV210,0
TXN101971,USER2258,136849.06,2025-01-11 20:43:29,Kolkata,receive,DEV805,0
TXN101972,USER5165,83673.98,2025-02-26 11:06:29,Mumbai,receive,DEV552,0
TXN101973,USER8351,195864.78,2025-03-12 16:06:29,Mumbai,bill_payment,DEV409,0
TXN101974,USER5915,91625.43,2025-01-09 14:57:29,Chennai,send,DEV403,0
TXN101975,USER3033,7254.82,2025-03-20 15:12:29,Delhi,bill_payment,DEV837,0
TXN101976,USER7394,38599.17,2025-01-18 21:50:29,Bangalore,receive,DEV937,0
TXN101977,USER4917,69685.88,2025-01-15 09:16:29,Bangalore,self_transfer,DEV559,0
TXN101978,USER9389,50308.34,2025-02-08 08:03:29,Bangalore,send,DEV942,0
TXN101979,USER3204,187678.69,2025-04-03 22:23:29,Pune,receive,DEV282,0
TXN101980,USER3880,179010.23,2025-01-19 08:58:29,Mumbai,merchant_payment,DEV750,0
TXN101981,USER9325,4499.2,2025-03-19 19:15:29,Pune,merchant_payment,DEV411,0
TXN101982,USER8419,140659.68,2025-02-12 11:58:29,Delhi,send,DEV690,0
TXN101983,USER1704,77339.35,2025-02-19 17:59:29,Delhi,send,DEV457,0
TXN101984,USER4835,90820.66,2025-02-04 10:44:29,Delhi,bill_payment,DEV817,0
TXN101985,USER8914,79853.3,2025-02-03 07:54:29,Hyderabad,send,DEV187,0
TXN101986,USER1937,73227.66,2025-03-31 04:31:29,Delhi,merchant_payment,DEV690,0
TXN101987,USER6279,61680.88,2025-03-09 09:42:29,Pune,merchant_payment,DEV497,0
TXN101988,USER3079,16983.53,2025-02-20 23:45:29,Hyderabad,receive,DEV177,0
TXN101989,USER6098,197198.99,2025-02-05 21:50:29,Ahmedabad,receive,DEV839,0
TXN101990,USER2785,34897.65,2025-02-12 20:20:29,Bangalore,send,DEV248,0
TXN101991,USER9225,176603.14,2025-02-04 17:41:29,Hyderabad,self_transfer,DEV761,0
TXN101992,USER2501,18890.51,2025-03-03 03:10:29,Jaipur,send,DEV315,0
TXN101993,USER9595,110799.99,2025-01-22 12:01:29,Kolkata,receive,DEV882,0
TXN101994,USER8495,54234.33,2025-03-17 05:27:29,Bangalore,self_transfer,DEV405,0
TXN101995,USER3044,67807.61,2025-01-25 09:14:29,Ahmedabad,send,DEV277,0
TXN101996,USER7812,194192.91,2025-02-05 07:13:29,Ahmedabad,send,DEV226,0
TXN101997,USER1944,106749.45,2025-03-08 14:02:29,Hyderabad,send,DEV250,0
TXN101998,USER3224,163668.52,2025-01-24 16:52:29,Bangalore,self_transfer,DEV664,0
TXN101999,USER9132,141810.85,2025-02-08 14:46:29,Hyderabad,send,DEV286,0
TXN102000,USER5138,88071.38,2025-03-24 19:29:29,Hyderabad,receive,DEV987,0
TXN102001,USER3750,34901.89,2025-03-17 06:49:29,Pune,merchant_payment,DEV570,0
TXN102002,USER8849,7275.33,2025-03-25 21:15:29,Bangalore,send,DEV869,0
TXN102003,USER7223,18683.84,2025-03-23 10:49:29,Jaipur,send,DEV200,0
TXN102004,USER1481,81129.23,2025-02-01 03:36:29,Pune,self_transfer,DEV323,0
TXN102005,USER5985,73708.84,2025-02-23 21:40:29,Delhi,receive,DEV983,0
TXN102006,USER2669,24352.68,2025-03-27 22:56:29,Mumbai,receive,DEV430,0
TXN102007,USER1014,71185.99,2025-02-05 16:42:29,Ahmedabad,merchant_payment,DEV143,0
TXN102008,USER9203,181.07,2025-01-25 11:39:29,Delhi,merchant_payment,DEV856,0
TXN102009,USER3551,136207.04,2025-02-26 22:54:29,Delhi,self_transfer,DEV553,0
TXN102010,USER8816,140720.65,2025-03-21 05:50:29,Ahmedabad,bill_payment,DEV348,0
TXN102011,USER9332,151546.66,2025-03-25 04:33:29,Hyderabad,receive,DEV928,0
TXN102012,USER3181,134879.25,2025-04-05 07:30:29,Ahmedabad,self_transfer,DEV640,0
TXN102013,USER4247,89570.67,2025-03-26 19:39:29,Kolkata,self_transfer,DEV147,0
TXN102014,USER4182,31008.4,2025-01-15 09:20:29,Chennai,receive,DEV798,0
TXN102015,USER9567,103180.6,2025-01-17 00:56:29,Mumbai,receive,DEV695,0
TXN102016,USER8247,192726.52,2025-02-12 18:35:29,Chennai,self_transfer,DEV684,0
TXN102017,USER7327,37826.32,2025-03-22 08:45:29,Pune,send,DEV147,0
TXN102018,USER1510,192735.93,2025-02-09 23:12:29,Kolkata,receive,DEV618,0
TXN102019,USER3322,177408.08,2025-02-08 18:19:29,Hyderabad,receive,DEV401,0
TXN102020,USER6208,101889.33,2025-01-13 18:57:29,Hyderabad,bill_payment,DEV863,0
TXN102021,USER9196,178289.44,2025-02-15 18:32:29,Delhi,self_transfer,DEV346,0
TXN102022,USER2587,4910.79,2025-03-19 23:41:29,Kolkata,send,DEV544,0
TXN102023,USER3356,53205.03,2025-02-24 18:54:29,Pune,receive,DEV544,0
TXN102024,USER4467,11913.78,2025-02-17 21:37:29,Bangalore,merchant_payment,DEV642,0
TXN102025,USER3719,40468.44,2025-01-19 12:39:29,Hyderabad,receive,DEV932,0
TXN102026,USER3681,181949.74,2025-03-24 15:01:29,Jaipur,receive,DEV964,0
TXN102027,USER6234,137869.46,2025-03-27 18:27:29,Jaipur,send,DEV305,0
TXN102028,USER2860,75246.25,2025-03-24 08:46:29,Ahmedabad,self_transfer,DEV489,0
TXN102029,USER1254,196054.14,2025-01-24 14:10:29,Mumbai,self_transfer,DEV301,0
TXN102030,USER4393,177007.42,2025-03-18 13:35:29,Hyderabad,receive,DEV891,0
TXN102031,USER5258,91711.88,2025-01-11 18:07:29,Delhi,bill_payment,DEV805,0
TXN102032,USER1627,30134.85,2025-02-12 09:36:29,Kolkata,receive,DEV287,0
TXN102033,USER5271,195333.31,2025-02-16 23:13:29,Delhi,merchant_payment,DEV968,0
TXN102034,USER8792,76920.59,2025-01-16 22:23:29,Hyderabad,self_transfer,DEV898,0
TXN102035,USER7567,16140.07,2025-02-13 21:15:29,Chennai,merchant_payment,DEV557,0
TXN102036,USER8885,90210.92,2025-03-12 10:30:29,Kolkata,merchant_payment,DEV243,0
TXN102037,USER2142,187191.14,2025-02-23 23:02:29,Hyderabad,send,DEV783,0
TXN102038,USER9266,152611.57,2025-02-25 03:37:29,Kolkata,receive,DEV931,1
TXN102039,USER6455,191981.78,2025-03-16 13:46:29,Chennai,merchant_payment,DEV606,0
TXN102040,USER6758,136516.41,2025-01-25 01:41:29,Ahmedabad,receive,DEV921,1
TXN102041,USER3051,173829.47,2025-01-31 07:49:29,Ahmedabad,merchant_payment,DEV472,0
TXN102042,USER5873,69361.93,2025-03-27 22:20:29,Mumbai,merchant_payment,DEV662,0
TXN102043,USER7282,164837.99,2025-03-10 11:18:29,Mumbai,send,DEV350,0
TXN102044,USER7125,46847.88,2025-03-19 18:02:29,Bangalore,merchant_payment,DEV499,0
TXN102045,USER3010,32110.85,2025-02-22 23:45:29,Bangalore,bill_payment,DEV238,0
TXN102046,USER7717,102546.54,2025-01-25 12:59:29,Mumbai,self_transfer,DEV895,0
TXN102047,USER5107,24959.14,2025-02-22 18:45:29,Mumbai,merchant_payment,DEV445,0
TXN102048,USER2292,156856.69,2025-03-03 22:41:29,Delhi,bill_payment,DEV269,0
TXN102049,USER7277,83613.84,2025-02-08 16:03:29,Mumbai,send,DEV797,0
TXN102050,USER2673,101162.18,2025-03-01 03:21:29,Chennai,self_transfer,DEV517,1
TXN102051,USER7892,94368.2,2025-03-26 17:18:29,Pune,merchant_payment,DEV920,0
TXN102052,USER3137,34745.02,2025-02-19 05:16:29,Ahmedabad,bill_payment,DEV852,0
TXN102053,USER3851,102.04,2025-02-19 08:17:29,Ahmedabad,merchant_payment,DEV396,0
TXN102054,USER4804,23640.49,2025-01-23 09:00:29,Delhi,send,DEV928,0
TXN102055,USER6897,125526.12,2025-01-19 18:17:29,Jaipur,bill_payment,DEV993,0
TXN102056,USER5637,160349.04,2025-01-28 00:12:29,Ahmedabad,merchant_payment,DEV686,0
TXN102057,USER9152,46834.45,2025-02-04 19:42:29,Pune,self_transfer,DEV264,0
TXN102058,USER1661,28061.07,2025-03-23 22:40:29,Delhi,receive,DEV724,1
TXN102059,USER4125,76802.98,2025-02-17 18:36:29,Pune,self_transfer,DEV995,0
TXN102060,USER5863,13167.56,2025-03-31 08:42:29,Ahmedabad,self_transfer,DEV459,0
TXN102061,USER5487,25145.88,2025-02-26 13:18:29,Ahmedabad,bill_payment,DEV568,0
TXN102062,USER6048,197379.39,2025-02-06 09:52:29,Delhi,receive,DEV295,0
TXN102063,USER1955,28118.95,2025-02-25 03:05:29,Jaipur,send,DEV387,0
TXN102064,USER9751,22306.76,2025-01-12 05:15:29,Chennai,merchant_payment,DEV547,0
TXN102065,USER4296,15662.88,2025-04-06 23:32:29,Kolkata,send,DEV554,0
TXN102066,USER6472,9090.29,2025-03-04 20:02:29,Kolkata,merchant_payment,DEV449,0
TXN102067,USER2310,55222.19,2025-02-14 18:03:29,Chennai,merchant_payment,DEV198,0
TXN102068,USER3258,173575.1,2025-03-13 06:11:29,Ahmedabad,send,DEV209,0
TXN102069,USER8432,175808.13,2025-02-04 04:03:29,Pune,self_transfer,DEV233,0
TXN102070,USER5619,111897.7,2025-02-22 16:41:29,Ahmedabad,merchant_payment,DEV199,0
TXN102071,USER6837,20391.04,2025-02-25 19:41:29,Jaipur,bill_payment,DEV940,0
TXN102072,USER6045,152732.45,2025-04-06 06:10:29,Jaipur,merchant_payment,DEV104,0
TXN102073,USER8078,171199.74,2025-01-17 15:29:29,Mumbai,merchant_payment,DEV908,0
TXN102074,USER8570,5640.1,2025-01-22 23:54:29,Chennai,merchant_payment,DEV999,0
TXN102075,USER7276,181941.99,2025-03-07 08:27:29,Delhi,merchant_payment,DEV892,0
TXN102076,USER5957,3107.05,2025-03-21 11:34:29,Chennai,merchant_payment,DEV444,0
TXN102077,USER7399,52247.37,2025-01-11 19:44:29,Jaipur,self_transfer,DEV419,0
TXN102078,USER6364,196621.98,2025-01-24 16:26:29,Pune,bill_payment,DEV394,0
TXN102079,USER2464,197964.84,2025-02-03 08:00:29,Hyderabad,self_transfer,DEV357,0
TXN102080,USER9058,36503.64,2025-03-07 09:38:29,Pune,send,DEV954,0
TXN102081,USER5297,19570.05,2025-03-21 16:10:29,Jaipur,send,DEV320,0
TXN102082,USER7899,159304.95,2025-03-31 16:42:29,Chennai,merchant_payment,DEV594,0
TXN102083,USER3725,69323.51,2025-01-11 04:39:29,Jaipur,receive,DEV547,0
TXN102084,USER2081,180157.08,2025-04-07 04:59:29,Ahmedabad,send,DEV193,0
TXN102085,USER9394,197712.33,2025-01-20 15:45:29,Kolkata,bill_payment,DEV451,0
TXN102086,USER9015,184883.53,2025-01-15 08:37:29,Bangalore,self_transfer,DEV634,0
TXN102087,USER1474,42844.62,2025-03-30 23:47:29,Hyderabad,self_transfer,DEV746,0
TXN102088,USER3143,116623.63,2025-03-26 20:05:29,Hyderabad,merchant_payment,DEV178,0
TXN102089,USER1387,67598.61,2025-03-17 10:56:29,Chennai,merchant_payment,DEV691,0
TXN102090,USER7647,66888.38,2025-02-03 02:47:29,Delhi,receive,DEV112,0
TXN102091,USER6828,38441.64,2025-01-29 18:21:29,Ahmedabad,send,DEV635,0
TXN102092,USER5925,88778.19,2025-03-18 14:53:29,Delhi,merchant_payment,DEV450,0
TXN102093,USER6098,32364.46,2025-03-13 11:05:29,Hyderabad,receive,DEV785,0
TXN102094,USER5832,74405.97,2025-01-10 02:21:29,Delhi,merchant_payment,DEV911,0
TXN102095,USER7276,133528.12,2025-03-23 10:51:29,Delhi,bill_payment,DEV758,0
TXN102096,USER1034,116102.03,2025-04-04 09:48:29,Mumbai,merchant_payment,DEV117,0
TXN102097,USER8371,178212.38,2025-03-25 17:18:29,Hyderabad,self_transfer,DEV109,0
TXN102098,USER3533,49961.33,2025-02-22 04:06:29,Hyderabad,self_transfer,DEV389,0
TXN102099,USER9735,53794.57,2025-01-22 07:08:29,Hyderabad,self_transfer,DEV999,0
TXN102100,USER8660,31379.79,2025-01-10 16:31:29,Chennai,bill_payment,DEV922,0
TXN102101,USER5960,74197.37,2025-02-09 01:45:29,Ahmedabad,self_transfer,DEV826,0
TXN102102,USER2310,173913.38,2025-03-30 05:21:29,Chennai,receive,DEV846,0
TXN102103,USER6307,31376.33,2025-03-25 16:32:29,Mumbai,merchant_payment,DEV742,0
TXN102104,USER3531,25641.6,2025-02-09 03:00:29,Hyderabad,self_transfer,DEV315,0
TXN102105,USER6927,132916.16,2025-02-21 22:53:29,Mumbai,receive,DEV724,0
TXN102106,USER6341,28142.42,2025-04-05 01:01:29,Jaipur,merchant_payment,DEV724,0
TXN102107,USER8987,61161.97,2025-04-07 08:10:29,Chennai,receive,DEV930,0
TXN102108,USER9200,115102.93,2025-02-19 22:48:29,Ahmedabad,send,DEV689,0
TXN102109,USER2900,133447.84,2025-02-28 13:26:29,Mumbai,merchant_payment,DEV944,0
TXN102110,USER9382,11680.98,2025-04-04 03:55:29,Hyderabad,merchant_payment,DEV322,0
TXN102111,USER8821,129825.41,2025-02-14 23:04:29,Kolkata,bill_payment,DEV821,0
TXN102112,USER1131,184779.12,2025-03-30 03:43:29,Mumbai,bill_payment,DEV115,1
TXN102113,USER1316,99135.12,2025-02-22 16:01:29,Bangalore,receive,DEV224,0
TXN102114,USER3690,96414.58,2025-03-16 17:15:29,Kolkata,bill_payment,DEV684,0
TXN102115,USER4067,57610.97,2025-01-26 04:54:29,Mumbai,self_transfer,DEV950,0
TXN102116,USER1954,31816.21,2025-04-06 22:08:29,Ahmedabad,receive,DEV852,0
TXN102117,USER8549,14819.65,2025-04-01 00:56:29,Hyderabad,bill_payment,DEV308,0
TXN102118,USER8142,128254.68,2025-01-11 07:32:29,Mumbai,send,DEV489,0
TXN102119,USER7109,54665.67,2025-02-05 19:44:29,Mumbai,receive,DEV189,0
TXN102120,USER6388,65479.67,2025-03-26 17:36:29,Mumbai,merchant_payment,DEV252,0
TXN102121,USER3768,28931.19,2025-03-19 04:11:29,Bangalore,bill_payment,DEV676,0
TXN102122,USER6063,145445.75,2025-01-19 12:59:29,Bangalore,bill_payment,DEV967,0
TXN102123,USER2644,123505.32,2025-02-04 21:28:29,Bangalore,bill_payment,DEV254,0
TXN102124,USER1424,90931.92,2025-03-21 16:04:29,Mumbai,receive,DEV221,0
TXN102125,USER7218,170453.74,2025-01-31 13:55:29,Kolkata,receive,DEV611,0
TXN102126,USER2715,89374.92,2025-01-17 21:40:29,Delhi,receive,DEV797,0
TXN102127,USER3227,110108.13,2025-02-27 10:50:29,Ahmedabad,receive,DEV354,0
TXN102128,USER5281,85595.52,2025-04-05 10:12:29,Jaipur,send,DEV348,0
TXN102129,USER7158,81041.78,2025-01-27 20:04:29,Pune,send,DEV174,0
TXN102130,USER8098,35411.74,2025-03-05 10:43:29,Delhi,merchant_payment,DEV523,0
TXN102131,USER5445,47187.33,2025-02-16 06:58:29,Ahmedabad,bill_payment,DEV310,0
TXN102132,USER2233,30818.21,2025-03-09 13:35:29,Chennai,self_transfer,DEV359,0
TXN102133,USER6806,16322.12,2025-02-27 15:57:29,Ahmedabad,send,DEV396,0
TXN102134,USER6485,192395.86,2025-01-20 22:18:29,Hyderabad,self_transfer,DEV423,0
TXN102135,USER9152,65703.08,2025-02-02 14:20:29,Delhi,receive,DEV521,0
TXN102136,USER2245,133498.18,2025-02-22 23:18:29,Jaipur,bill_payment,DEV467,0
TXN102137,USER5308,7658.89,2025-02-22 15:21:29,Jaipur,self_transfer,DEV510,0
TXN102138,USER2595,74592.52,2025-03-14 08:04:29,Jaipur,send,DEV103,0
TXN102139,USER9423,154530.22,2025-01-16 12:34:29,Ahmedabad,receive,DEV716,0
TXN102140,USER8760,182212.66,2025-02-04 15:37:29,Mumbai,bill_payment,DEV659,0
TXN102141,USER4924,31538.38,2025-01-14 21:33:29,Mumbai,send,DEV870,0
TXN102142,USER6110,6730.49,2025-03-18 01:50:29,Jaipur,bill_payment,DEV499,0
TXN102143,USER4009,195010.73,2025-03-18 13:31:29,Kolkata,self_transfer,DEV223,0
TXN102144,USER9063,188564.82,2025-01-18 07:56:29,Ahmedabad,merchant_payment,DEV242,0
TXN102145,USER5341,182675.21,2025-02-07 14:38:29,Chennai,bill_payment,DEV693,0
TXN102146,USER3859,184885.01,2025-03-05 13:03:29,Jaipur,merchant_payment,DEV748,0
TXN102147,USER6679,70696.76,2025-03-03 10:02:29,Delhi,merchant_payment,DEV910,0
TXN102148,USER5763,84917.98,2025-01-16 05:31:29,Chennai,send,DEV927,0
TXN102149,USER8351,174668.98,2025-02-26 02:42:29,Kolkata,receive,DEV497,1
TXN102150,USER8807,34039.14,2025-03-20 14:21:29,Kolkata,merchant_payment,DEV854,0
TXN102151,USER8312,187136.63,2025-01-17 07:50:29,Hyderabad,receive,DEV752,0
TXN102152,USER4309,94606.56,2025-01-11 01:41:29,Jaipur,merchant_payment,DEV693,0
TXN102153,USER7640,135792.88,2025-03-18 14:10:29,Mumbai,merchant_payment,DEV163,0
TXN102154,USER4749,172030.63,2025-03-19 04:40:29,Kolkata,receive,DEV262,0
TXN102155,USER2040,30044.68,2025-03-26 21:27:29,Mumbai,merchant_payment,DEV466,0
TXN102156,USER1375,14721.57,2025-01-27 10:27:29,Pune,merchant_payment,DEV794,0
TXN102157,USER4434,48777.39,2025-01-13 08:39:29,Ahmedabad,merchant_payment,DEV197,0
TXN102158,USER6491,98697.09,2025-03-31 02:21:29,Jaipur,receive,DEV992,0
TXN102159,USER3178,54703.91,2025-01-26 03:41:29,Pune,self_transfer,DEV740,0
TXN102160,USER8511,188663.58,2025-02-26 05:54:29,Jaipur,receive,DEV381,0
TXN102161,USER4775,123161.33,2025-02-08 09:54:29,Hyderabad,receive,DEV780,0
TXN102162,USER3532,187303.36,2025-02-07 07:32:29,Jaipur,self_transfer,DEV275,0
TXN102163,USER6896,90314.73,2025-01-30 03:03:29,Mumbai,bill_payment,DEV905,0
TXN102164,USER7902,140503.8,2025-03-18 22:08:29,Delhi,self_transfer,DEV281,0
TXN102165,USER7064,101493.49,2025-01-20 19:12:29,Jaipur,merchant_payment,DEV138,0
TXN102166,USER3310,87547.3,2025-03-18 11:01:29,Jaipur,send,DEV309,0
TXN102167,USER2268,119804.51,2025-03-11 06:09:29,Bangalore,self_transfer,DEV700,0
TXN102168,USER9556,58197.73,2025-03-16 16:28:29,Hyderabad,bill_payment,DEV575,0
TXN102169,USER6808,116186.51,2025-03-04 00:32:29,Delhi,send,DEV417,0
TXN102170,USER8737,130602.53,2025-01-16 09:29:29,Ahmedabad,bill_payment,DEV765,0
TXN102171,USER7013,163239.12,2025-02-24 04:15:29,Kolkata,merchant_payment,DEV757,0
TXN102172,USER9416,69892.55,2025-02-28 11:36:29,Pune,bill_payment,DEV268,0
TXN102173,USER3104,199457.53,2025-04-02 07:18:29,Ahmedabad,send,DEV133,0
TXN102174,USER4302,101855.38,2025-03-04 21:50:29,Mumbai,merchant_payment,DEV335,0
TXN102175,USER8246,20345.17,2025-04-04 17:30:29,Chennai,merchant_payment,DEV767,0
TXN102176,USER5539,107452.16,2025-02-26 13:47:29,Bangalore,send,DEV658,0
TXN102177,USER5247,60931.77,2025-04-05 22:07:29,Pune,merchant_payment,DEV235,0
TXN102178,USER3920,161592.3,2025-03-24 06:51:29,Delhi,bill_payment,DEV157,0
TXN102179,USER6004,5784.82,2025-01-28 01:48:29,Ahmedabad,merchant_payment,DEV683,0
TXN102180,USER3538,31099.77,2025-03-22 13:57:29,Kolkata,bill_payment,DEV919,0
TXN102181,USER9586,77141.21,2025-04-05 08:18:29,Mumbai,self_transfer,DEV569,0
TXN102182,USER1820,87495.57,2025-03-06 13:55:29,Delhi,receive,DEV614,0
TXN102183,USER3678,46539.95,2025-03-26 05:23:29,Chennai,self_transfer,DEV674,0
TXN102184,USER3871,144710.84,2025-03-18 00:36:29,Kolkata,receive,DEV463,0
TXN102185,USER4746,139636.79,2025-01-14 19:24:29,Bangalore,merchant_payment,DEV708,0
TXN102186,USER4342,180452.45,2025-02-22 16:13:29,Delhi,receive,DEV898,0
TXN102187,USER2682,149705.54,2025-03-17 16:18:29,Jaipur,bill_payment,DEV130,0
TXN102188,USER9389,197939.74,2025-01-30 07:44:29,Ahmedabad,bill_payment,DEV926,0
TXN102189,USER1669,199313.74,2025-02-14 22:39:29,Jaipur,receive,DEV861,0
TXN102190,USER9139,162818.94,2025-01-29 10:16:29,Mumbai,receive,DEV376,0
TXN102191,USER6890,162031.93,2025-03-17 13:00:29,Mumbai,send,DEV176,0
TXN102192,USER4926,135147.42,2025-03-08 18:38:29,Bangalore,merchant_payment,DEV661,0
TXN102193,USER6989,152256.33,2025-02-19 10:24:29,Bangalore,self_transfer,DEV253,0
TXN102194,USER9508,58586.1,2025-01-19 11:41:29,Chennai,send,DEV494,0
TXN102195,USER1166,181169.97,2025-02-21 13:38:29,Pune,receive,DEV707,0
TXN102196,USER9421,15396.8,2025-02-02 11:30:29,Ahmedabad,self_transfer,DEV394,0
TXN102197,USER6084,105902.75,2025-01-10 02:37:29,Chennai,receive,DEV767,1
TXN102198,USER4566,54117.13,2025-04-05 00:58:29,Jaipur,merchant_payment,DEV868,0
TXN102199,USER8878,190633.33,2025-03-12 15:21:29,Chennai,send,DEV686,0
TXN102200,USER8921,42889.15,2025-01-20 16:03:29,Kolkata,merchant_payment,DEV210,0
TXN102201,USER4461,18764.95,2025-02-07 16:39:29,Hyderabad,merchant_payment,DEV667,0
TXN102202,USER3793,23002.13,2025-02-21 02:57:29,Mumbai,merchant_payment,DEV161,0
TXN102203,USER7902,71912.77,2025-01-28 13:16:29,Hyderabad,bill_payment,DEV302,0
TXN102204,USER3657,7481.95,2025-01-15 11:42:29,Bangalore,bill_payment,DEV279,0
TXN102205,USER4818,15267.74,2025-03-06 17:45:29,Hyderabad,send,DEV969,0
TXN102206,USER9384,143433.67,2025-02-04 23:32:29,Hyderabad,merchant_payment,DEV471,0
TXN102207,USER9561,181043.3,2025-03-27 17:39:29,Delhi,receive,DEV393,0
TXN102208,USER7463,72642.45,2025-03-02 14:34:29,Mumbai,self_transfer,DEV451,0
TXN102209,USER3273,185559.89,2025-02-22 05:59:29,Mumbai,send,DEV876,0
TXN102210,USER1019,88308.7,2025-01-18 14:37:29,Chennai,receive,DEV527,0
TXN102211,USER6162,102487.85,2025-01-10 11:48:29,Delhi,send,DEV666,0
TXN102212,USER7473,54689.58,2025-01-11 03:28:29,Kolkata,receive,DEV249,0
TXN102213,USER9650,149612.21,2025-02-12 16:05:29,Bangalore,send,DEV392,0
TXN102214,USER7831,136183.15,2025-03-22 04:01:29,Pune,send,DEV959,0
TXN102215,USER3677,83044.75,2025-02-09 13:49:29,Bangalore,receive,DEV866,0
TXN102216,USER5815,37497.13,2025-02-03 11:48:29,Mumbai,bill_payment,DEV568,0
TXN102217,USER7763,15517.1,2025-03-19 22:37:29,Ahmedabad,receive,DEV357,0
TXN102218,USER5072,103276.75,2025-01-20 04:57:29,Kolkata,merchant_payment,DEV442,0
TXN102219,USER2446,98956.34,2025-03-21 12:46:29,Hyderabad,self_transfer,DEV497,0
TXN102220,USER5385,27161.58,2025-01-26 20:56:29,Jaipur,merchant_payment,DEV891,0
TXN102221,USER4754,193487.26,2025-02-01 23:22:29,Bangalore,merchant_payment,DEV716,0
TXN102222,USER5350,105619.82,2025-01-26 10:32:29,Ahmedabad,merchant_payment,DEV612,0
TXN102223,USER8249,193939.25,2025-02-26 16:51:29,Jaipur,receive,DEV852,0
TXN102224,USER9077,183110.09,2025-02-28 11:09:29,Delhi,self_transfer,DEV634,0
TXN102225,USER1200,177065.34,2025-02-27 22:47:29,Pune,merchant_payment,DEV712,0
TXN102226,USER6083,78180.73,2025-03-05 13:06:29,Pune,receive,DEV221,0
TXN102227,USER2433,80084.23,2025-02-06 14:18:29,Hyderabad,self_transfer,DEV288,0
TXN102228,USER7082,107696.86,2025-04-05 08:36:29,Pune,bill_payment,DEV923,0
TXN102229,USER8143,118531.06,2025-03-08 03:19:29,Kolkata,self_transfer,DEV806,1
TXN102230,USER4864,147641.24,2025-01-20 04:42:29,Kolkata,merchant_payment,DEV214,0
TXN102231,USER7577,162861.42,2025-01-14 15:38:29,Chennai,receive,DEV924,0
TXN102232,USER1661,20621.18,2025-01-10 03:25:29,Delhi,send,DEV175,0
TXN102233,USER6229,64545.49,2025-01-26 16:47:29,Jaipur,receive,DEV848,0
TXN102234,USER3700,121100.73,2025-03-17 22:05:29,Hyderabad,self_transfer,DEV827,0
TXN102235,USER3976,96186.32,2025-03-23 15:07:29,Pune,bill_payment,DEV946,0
TXN102236,USER5751,59024.95,2025-02-19 07:30:29,Hyderabad,receive,DEV300,0
TXN102237,USER1922,84992.71,2025-01-25 05:44:29,Ahmedabad,bill_payment,DEV132,0
TXN102238,USER7300,94483.01,2025-01-14 05:20:29,Bangalore,self_transfer,DEV368,0
TXN102239,USER9280,197934.19,2025-03-11 21:21:29,Hyderabad,send,DEV630,0
TXN102240,USER4030,63512.75,2025-04-02 16:20:29,Jaipur,merchant_payment,DEV321,0
TXN102241,USER8833,95292.94,2025-02-16 13:15:29,Delhi,receive,DEV893,0
TXN102242,USER3984,144207.45,2025-01-23 22:20:29,Bangalore,bill_payment,DEV106,0
TXN102243,USER9141,145960.71,2025-02-17 04:11:29,Bangalore,merchant_payment,DEV706,0
TXN102244,USER4704,65793.6,2025-03-01 16:12:29,Delhi,receive,DEV230,0
TXN102245,USER4633,76049.81,2025-01-19 03:21:29,Ahmedabad,send,DEV513,0
TXN102246,USER4601,55484.1,2025-02-11 06:15:29,Kolkata,receive,DEV251,0
TXN102247,USER5554,5878.28,2025-02-10 11:32:29,Mumbai,self_transfer,DEV251,0
TXN102248,USER2357,177110.55,2025-02-15 10:33:29,Jaipur,bill_payment,DEV834,0
TXN102249,USER7194,182579.12,2025-02-22 16:07:29,Mumbai,self_transfer,DEV994,0
TXN102250,USER6461,104186.9,2025-02-04 22:27:29,Pune,self_transfer,DEV490,0
TXN102251,USER8587,96016.83,2025-01-22 18:22:29,Ahmedabad,receive,DEV225,0
TXN102252,USER1798,161583.03,2025-03-19 00:41:29,Kolkata,merchant_payment,DEV897,0
TXN102253,USER1355,160080.26,2025-03-07 05:11:29,Delhi,merchant_payment,DEV420,0
TXN102254,USER6151,109364.87,2025-01-11 17:20:29,Kolkata,self_transfer,DEV612,0
TXN102255,USER1384,84134.0,2025-02-08 01:41:29,Bangalore,bill_payment,DEV987,0
TXN102256,USER5501,179693.21,2025-03-12 08:19:29,Mumbai,self_transfer,DEV239,0
TXN102257,USER2282,194163.12,2025-03-13 21:50:29,Bangalore,merchant_payment,DEV614,0
TXN102258,USER7272,1832.49,2025-04-04 19:08:29,Delhi,self_transfer,DEV605,0
TXN102259,USER3553,103548.2,2025-01-18 22:26:29,Hyderabad,send,DEV372,0
TXN102260,USER9241,89264.54,2025-01-17 14:57:29,Chennai,send,DEV112,0
TXN102261,USER3518,32961.37,2025-01-14 00:46:29,Bangalore,self_transfer,DEV475,0
TXN102262,USER5315,185355.3,2025-02-25 17:33:29,Bangalore,merchant_payment,DEV993,0
TXN102263,USER2731,47362.17,2025-02-01 08:37:29,Ahmedabad,send,DEV932,0
TXN102264,USER2129,1648.13,2025-03-28 05:20:29,Bangalore,receive,DEV259,0
TXN102265,USER8744,14852.43,2025-03-24 19:00:29,Kolkata,bill_payment,DEV303,0
TXN102266,USER3582,196214.94,2025-03-28 05:15:29,Kolkata,bill_payment,DEV305,0
TXN102267,USER5758,30771.24,2025-03-06 11:47:29,Delhi,send,DEV588,0
TXN102268,USER6763,127598.48,2025-01-12 16:20:29,Kolkata,bill_payment,DEV739,0
TXN102269,USER4077,107118.18,2025-03-14 23:00:29,Mumbai,merchant_payment,DEV844,0
TXN102270,USER7807,100455.81,2025-01-11 16:03:29,Pune,self_transfer,DEV789,0
TXN102271,USER8047,130375.74,2025-03-22 00:41:29,Ahmedabad,bill_payment,DEV920,0
TXN102272,USER1629,141396.66,2025-03-01 11:09:29,Pune,bill_payment,DEV697,0
TXN102273,USER5654,132472.34,2025-01-30 11:24:29,Chennai,receive,DEV221,0
TXN102274,USER2121,152273.7,2025-03-19 01:34:29,Ahmedabad,send,DEV202,1
TXN102275,USER7586,10025.58,2025-04-04 00:01:29,Mumbai,send,DEV617,0
TXN102276,USER5843,122564.66,2025-03-27 15:13:29,Hyderabad,receive,DEV517,0
TXN102277,USER8432,43971.31,2025-03-18 12:57:29,Delhi,bill_payment,DEV424,0
TXN102278,USER8972,192580.23,2025-03-11 19:52:29,Bangalore,bill_payment,DEV203,0
TXN102279,USER6405,199543.2,2025-02-24 20:58:29,Bangalore,self_transfer,DEV340,0
TXN102280,USER8899,61439.11,2025-03-15 12:19:29,Ahmedabad,bill_payment,DEV144,0
TXN102281,USER6897,73538.46,2025-02-16 15:30:29,Kolkata,send,DEV356,0
TXN102282,USER9837,97072.4,2025-01-17 01:51:29,Pune,receive,DEV880,0
TXN102283,USER7591,11593.9,2025-03-26 01:51:29,Pune,merchant_payment,DEV438,0
TXN102284,USER9791,192975.83,2025-01-25 11:45:29,Ahmedabad,bill_payment,DEV279,0
TXN102285,USER2241,129299.21,2025-03-06 03:45:29,Kolkata,send,DEV325,1
TXN102286,USER4572,129213.76,2025-01-21 23:39:29,Jaipur,merchant_payment,DEV681,0
TXN102287,USER7827,173781.76,2025-03-07 18:27:29,Chennai,receive,DEV410,1
TXN102288,USER5656,64258.69,2025-02-26 11:29:29,Chennai,receive,DEV738,0
TXN102289,USER7429,71843.81,2025-02-12 12:35:29,Ahmedabad,self_transfer,DEV649,0
TXN102290,USER4103,983.55,2025-01-29 16:45:29,Delhi,self_transfer,DEV177,0
TXN102291,USER2908,97586.94,2025-02-20 20:43:29,Kolkata,receive,DEV759,0
TXN102292,USER1370,154290.17,2025-02-04 09:29:29,Bangalore,bill_payment,DEV531,0
TXN102293,USER3428,65999.74,2025-02-24 15:31:29,Kolkata,receive,DEV722,0
TXN102294,USER5358,159156.12,2025-03-15 09:42:29,Hyderabad,send,DEV966,0
TXN102295,USER1183,117613.57,2025-02-21 14:33:29,Ahmedabad,receive,DEV992,0
TXN102296,USER5502,42499.05,2025-04-04 07:17:29,Jaipur,bill_payment,DEV292,0
TXN102297,USER4614,68199.22,2025-01-16 09:43:29,Jaipur,self_transfer,DEV940,0
TXN102298,USER5914,80017.0,2025-02-18 21:22:29,Delhi,merchant_payment,DEV256,0
TXN102299,USER3627,175086.2,2025-03-01 05:59:29,Kolkata,bill_payment,DEV661,0
TXN102300,USER7092,162755.5,2025-01-15 01:25:29,Delhi,self_transfer,DEV431,1
TXN102301,USER6361,181763.1,2025-03-10 08:34:29,Chennai,bill_payment,DEV302,0
TXN102302,USER1127,80874.1,2025-04-05 08:20:29,Kolkata,merchant_payment,DEV160,0
TXN102303,USER5021,68313.63,2025-01-27 17:30:29,Jaipur,receive,DEV355,0
TXN102304,USER8366,132258.2,2025-02-24 06:29:29,Pune,self_transfer,DEV989,0
TXN102305,USER7795,78701.86,2025-01-18 17:29:29,Hyderabad,self_transfer,DEV639,0
TXN102306,USER8421,120246.38,2025-02-12 01:29:29,Delhi,bill_payment,DEV703,1
TXN102307,USER4396,20105.36,2025-03-04 09:56:29,Ahmedabad,send,DEV154,0
TXN102308,USER1057,195203.07,2025-01-08 09:11:29,Hyderabad,send,DEV998,0
TXN102309,USER3903,157377.34,2025-01-17 04:45:29,Hyderabad,self_transfer,DEV325,0
TXN102310,USER1640,43709.19,2025-03-28 23:28:29,Bangalore,send,DEV855,0
TXN102311,USER8289,128967.03,2025-01-11 07:54:29,Mumbai,receive,DEV283,0
TXN102312,USER6069,47811.31,2025-01-26 12:48:29,Chennai,merchant_payment,DEV176,0
TXN102313,USER8980,177989.73,2025-04-05 13:45:29,Mumbai,merchant_payment,DEV230,0
TXN102314,USER5274,180982.33,2025-01-27 07:16:29,Hyderabad,bill_payment,DEV143,0
TXN102315,USER7083,76741.27,2025-02-22 11:12:29,Kolkata,bill_payment,DEV302,0
TXN102316,USER8750,49933.69,2025-02-07 05:25:29,Delhi,self_transfer,DEV333,0
TXN102317,USER1747,189673.77,2025-03-05 06:06:29,Jaipur,receive,DEV615,0
TXN102318,USER5585,122115.38,2025-02-19 17:04:29,Ahmedabad,receive,DEV168,0
TXN102319,USER9545,79609.52,2025-03-02 10:54:29,Kolkata,merchant_payment,DEV601,0
TXN102320,USER3008,94672.81,2025-03-26 10:02:29,Kolkata,merchant_payment,DEV997,0
TXN102321,USER6153,199369.72,2025-03-21 21:54:29,Chennai,merchant_payment,DEV427,0
TXN102322,USER1490,173222.32,2025-03-04 07:58:29,Kolkata,merchant_payment,DEV830,0
TXN102323,USER3370,126827.55,2025-03-04 20:39:29,Chennai,merchant_payment,DEV315,0
TXN102324,USER9493,164143.33,2025-04-04 00:41:29,Kolkata,self_transfer,DEV387,0
TXN102325,USER1819,32109.22,2025-02-25 02:03:29,Chennai,send,DEV357,0
TXN102326,USER4227,144065.53,2025-03-23 06:38:29,Mumbai,merchant_payment,DEV616,0
TXN102327,USER5868,136973.0,2025-03-26 22:16:29,Pune,send,DEV161,0
TXN102328,USER6276,25958.24,2025-03-20 22:23:29,Hyderabad,bill_payment,DEV613,0
TXN102329,USER3428,67858.84,2025-02-11 04:00:29,Mumbai,send,DEV224,0
TXN102330,USER9420,49272.12,2025-02-22 08:59:29,Mumbai,receive,DEV483,0
TXN102331,USER6394,141778.06,2025-03-04 15:57:29,Chennai,merchant_payment,DEV523,0
TXN102332,USER5028,182243.61,2025-02-25 22:37:29,Mumbai,receive,DEV793,0
TXN102333,USER5224,30974.27,2025-03-09 22:32:29,Chennai,send,DEV892,0
TXN102334,USER3836,134652.96,2025-02-27 16:32:29,Kolkata,send,DEV780,0
TXN102335,USER8130,181375.82,2025-03-30 20:53:29,Pune,bill_payment,DEV407,0
TXN102336,USER2298,98650.31,2025-02-18 17:09:29,Mumbai,send,DEV189,0
TXN102337,USER3089,5621.06,2025-02-09 20:15:29,Kolkata,send,DEV327,0
TXN102338,USER4470,34117.23,2025-02-05 11:03:29,Chennai,self_transfer,DEV310,0
TXN102339,USER3052,21710.97,2025-01-31 23:32:29,Jaipur,send,DEV103,0
TXN102340,USER9415,136548.91,2025-01-12 06:08:29,Pune,send,DEV275,0
TXN102341,USER8436,64205.47,2025-02-24 09:44:29,Kolkata,merchant_payment,DEV998,0
TXN102342,USER8978,114505.35,2025-01-22 17:21:29,Chennai,receive,DEV892,0
TXN102343,USER3221,88169.97,2025-03-01 00:30:29,Ahmedabad,receive,DEV653,0
TXN102344,USER7708,162392.33,2025-03-17 07:43:29,Hyderabad,merchant_payment,DEV443,0
TXN102345,USER4055,129442.97,2025-01-21 18:51:29,Chennai,merchant_payment,DEV895,0
TXN102346,USER2997,156624.65,2025-02-12 16:42:29,Hyderabad,receive,DEV424,0
TXN102347,USER6408,164213.27,2025-03-05 06:48:29,Pune,bill_payment,DEV380,0
TXN102348,USER5171,194961.62,2025-04-02 16:43:29,Jaipur,receive,DEV761,0
TXN102349,USER4302,4641.26,2025-03-08 11:34:29,Pune,merchant_payment,DEV138,0
TXN102350,USER8075,113463.66,2025-03-13 14:52:29,Jaipur,send,DEV389,0
TXN102351,USER5718,85424.11,2025-02-17 08:49:29,Kolkata,bill_payment,DEV400,0
TXN102352,USER4597,119068.59,2025-03-19 13:02:29,Mumbai,bill_payment,DEV435,0
TXN102353,USER4658,90903.74,2025-04-05 13:45:29,Jaipur,merchant_payment,DEV280,0
TXN102354,USER1483,141773.71,2025-01-31 08:19:29,Pune,receive,DEV611,0
TXN102355,USER9720,147865.64,2025-02-17 18:01:29,Jaipur,receive,DEV801,0
TXN102356,USER6702,56912.79,2025-02-19 11:51:29,Chennai,self_transfer,DEV684,0
TXN102357,USER1539,122818.87,2025-01-17 10:51:29,Kolkata,bill_payment,DEV474,0
TXN102358,USER8294,138631.23,2025-02-11 11:24:29,Kolkata,receive,DEV870,0
TXN102359,USER2088,174557.51,2025-03-27 06:40:29,Jaipur,send,DEV847,0
TXN102360,USER3091,155065.55,2025-01-28 10:02:29,Kolkata,receive,DEV273,0
TXN102361,USER7926,132772.86,2025-02-03 00:10:29,Jaipur,receive,DEV314,1
TXN102362,USER7476,144435.15,2025-02-25 12:50:29,Chennai,self_transfer,DEV393,0
TXN102363,USER1369,112199.86,2025-01-17 10:03:29,Jaipur,self_transfer,DEV700,0
TXN102364,USER7509,185754.75,2025-03-14 13:17:29,Ahmedabad,send,DEV687,0
TXN102365,USER5262,193058.0,2025-01-23 21:50:29,Jaipur,send,DEV771,0
TXN102366,USER3929,96579.17,2025-01-27 02:23:29,Mumbai,send,DEV252,0
TXN102367,USER8018,63153.34,2025-03-02 17:36:29,Jaipur,self_transfer,DEV374,0
TXN102368,USER5783,6796.86,2025-02-04 05:46:29,Jaipur,merchant_payment,DEV721,0
TXN102369,USER4882,197792.04,2025-03-21 05:20:29,Mumbai,receive,DEV135,0
TXN102370,USER7330,116179.5,2025-02-09 17:54:29,Kolkata,merchant_payment,DEV405,0
TXN102371,USER7641,199696.13,2025-03-27 12:03:29,Delhi,receive,DEV983,0
TXN102372,USER4779,130131.86,2025-01-25 13:59:29,Jaipur,self_transfer,DEV465,0
TXN102373,USER3923,124765.98,2025-03-12 09:38:29,Kolkata,receive,DEV397,0
TXN102374,USER5364,6265.24,2025-03-17 04:19:29,Delhi,bill_payment,DEV886,0
TXN102375,USER5485,122705.43,2025-04-05 04:15:29,Ahmedabad,self_transfer,DEV293,0
TXN102376,USER4010,77719.89,2025-01-25 15:50:29,Hyderabad,send,DEV731,0
TXN102377,USER3706,126188.64,2025-02-15 23:02:29,Jaipur,self_transfer,DEV227,0
TXN102378,USER3975,43472.01,2025-01-17 07:54:29,Jaipur,self_transfer,DEV995,0
TXN102379,USER1213,21601.4,2025-01-29 03:28:29,Delhi,send,DEV524,0
TXN102380,USER5263,186081.87,2025-02-16 00:11:29,Mumbai,merchant_payment,DEV748,0
TXN102381,USER9631,13979.05,2025-03-28 18:58:29,Bangalore,send,DEV985,0
TXN102382,USER6784,84033.11,2025-01-10 07:03:29,Pune,send,DEV377,0
TXN102383,USER2249,159129.83,2025-01-07 22:26:29,Ahmedabad,merchant_payment,DEV504,0
TXN102384,USER5389,180490.84,2025-04-03 02:58:29,Delhi,self_transfer,DEV886,1
TXN102385,USER5433,13030.78,2025-03-09 19:12:29,Pune,bill_payment,DEV725,0
TXN102386,USER6783,141776.24,2025-02-10 22:04:29,Pune,merchant_payment,DEV204,0
TXN102387,USER4758,165430.92,2025-03-04 17:55:29,Mumbai,receive,DEV889,0
TXN102388,USER2999,136506.68,2025-01-07 20:50:29,Ahmedabad,send,DEV657,1
TXN102389,USER9585,120518.15,2025-02-01 23:27:29,Kolkata,merchant_payment,DEV433,0
TXN102390,USER7336,55192.91,2025-04-02 18:06:29,Pune,receive,DEV883,0
TXN102391,USER8016,189289.81,2025-01-21 14:54:29,Mumbai,merchant_payment,DEV618,0
TXN102392,USER6636,163597.36,2025-03-06 17:55:29,Mumbai,receive,DEV370,0
TXN102393,USER7262,20505.52,2025-02-20 08:09:29,Kolkata,send,DEV937,0
TXN102394,USER3929,104641.67,2025-02-28 16:56:29,Ahmedabad,receive,DEV773,0
TXN102395,USER1196,154624.86,2025-01-12 05:45:29,Bangalore,self_transfer,DEV294,0
TXN102396,USER7209,83810.19,2025-02-22 01:33:29,Mumbai,self_transfer,DEV465,0
TXN102397,USER2588,133922.94,2025-03-11 05:09:29,Chennai,self_transfer,DEV246,0
TXN102398,USER8583,186606.35,2025-03-22 15:28:29,Delhi,self_transfer,DEV689,0
TXN102399,USER1612,154698.38,2025-04-05 01:44:29,Bangalore,bill_payment,DEV263,1
TXN102400,USER6923,8448.49,2025-01-19 21:14:29,Kolkata,bill_payment,DEV305,0
TXN102401,USER8390,149593.51,2025-02-12 00:44:29,Delhi,bill_payment,DEV192,0
TXN102402,USER7596,5056.9,2025-03-22 03:32:29,Hyderabad,receive,DEV229,0
TXN102403,USER5796,109117.27,2025-04-01 09:04:29,Kolkata,self_transfer,DEV423,0
TXN102404,USER1270,139465.15,2025-01-20 16:31:29,Bangalore,send,DEV488,0
TXN102405,USER6117,130084.75,2025-01-14 15:33:29,Bangalore,send,DEV267,0
TXN102406,USER7055,74957.14,2025-04-07 07:29:29,Delhi,send,DEV955,0
TXN102407,USER3290,148411.98,2025-02-22 21:31:29,Kolkata,receive,DEV650,0
TXN102408,USER4902,82160.58,2025-02-03 08:58:29,Bangalore,merchant_payment,DEV799,0
TXN102409,USER2668,95197.97,2025-03-05 14:29:29,Hyderabad,send,DEV243,0
TXN102410,USER2125,190283.61,2025-01-09 10:57:29,Mumbai,receive,DEV449,0
TXN102411,USER5485,55270.13,2025-02-03 18:05:29,Hyderabad,merchant_payment,DEV235,0
TXN102412,USER8868,148878.05,2025-02-17 00:41:29,Bangalore,bill_payment,DEV474,0
TXN102413,USER6416,107068.11,2025-01-29 10:56:29,Kolkata,bill_payment,DEV304,0
TXN102414,USER8322,154538.38,2025-03-11 16:54:29,Hyderabad,merchant_payment,DEV606,0
TXN102415,USER7104,159451.84,2025-03-18 21:56:29,Delhi,self_transfer,DEV495,0
TXN102416,USER2962,5153.86,2025-01-10 12:36:29,Jaipur,send,DEV824,0
TXN102417,USER2302,193213.47,2025-01-13 05:32:29,Kolkata,send,DEV755,0
TXN102418,USER4938,28211.12,2025-03-22 21:48:29,Hyderabad,self_transfer,DEV634,0
TXN102419,USER4790,174224.97,2025-01-13 22:47:29,Pune,bill_payment,DEV933,0
TXN102420,USER2464,103848.33,2025-02-10 19:30:29,Jaipur,merchant_payment,DEV157,0
TXN102421,USER5186,75069.67,2025-03-25 20:49:29,Kolkata,bill_payment,DEV108,0
TXN102422,USER3566,72721.9,2025-02-16 08:22:29,Hyderabad,bill_payment,DEV391,0
TXN102423,USER4981,36049.72,2025-01-28 22:44:29,Mumbai,merchant_payment,DEV429,0
TXN102424,USER6477,35827.13,2025-02-19 12:47:29,Ahmedabad,receive,DEV387,0
TXN102425,USER6670,43002.74,2025-04-02 07:39:29,Jaipur,self_transfer,DEV330,0
TXN102426,USER8219,51480.34,2025-02-08 21:34:29,Ahmedabad,send,DEV813,0
TXN102427,USER7272,70866.32,2025-02-05 22:07:29,Ahmedabad,merchant_payment,DEV875,0
TXN102428,USER5275,45802.85,2025-04-02 18:14:29,Mumbai,self_transfer,DEV192,0
TXN102429,USER9417,157731.75,2025-02-18 17:16:29,Jaipur,bill_payment,DEV989,0
TXN102430,USER9079,70409.46,2025-03-21 07:14:29,Chennai,send,DEV335,0
TXN102431,USER2402,61891.41,2025-03-15 17:06:29,Pune,self_transfer,DEV582,0
TXN102432,USER2280,72966.9,2025-03-27 05:27:29,Pune,send,DEV974,0
TXN102433,USER9516,77080.71,2025-03-25 10:09:29,Ahmedabad,receive,DEV652,0
TXN102434,USER5140,152273.67,2025-04-04 17:11:29,Kolkata,bill_payment,DEV701,0
TXN102435,USER9086,41800.68,2025-03-24 11:33:29,Mumbai,bill_payment,DEV798,0
TXN102436,USER8045,121163.94,2025-02-09 06:48:29,Mumbai,self_transfer,DEV537,1
TXN102437,USER7281,68150.97,2025-01-08 03:24:29,Pune,merchant_payment,DEV561,0
TXN102438,USER3991,125933.8,2025-03-17 22:50:29,Hyderabad,send,DEV456,0
TXN102439,USER5310,125477.73,2025-03-17 06:21:29,Mumbai,self_transfer,DEV147,0
TXN102440,USER9503,155265.04,2025-02-15 22:24:29,Jaipur,merchant_payment,DEV572,0
TXN102441,USER1417,9760.63,2025-03-14 14:36:29,Jaipur,receive,DEV968,0
TXN102442,USER6238,7592.85,2025-01-26 17:08:29,Ahmedabad,bill_payment,DEV655,0
TXN102443,USER5414,19513.93,2025-02-05 21:01:29,Pune,merchant_payment,DEV638,0
TXN102444,USER7603,184048.24,2025-02-14 09:25:29,Hyderabad,self_transfer,DEV568,0
TXN102445,USER5018,139969.81,2025-01-21 01:02:29,Bangalore,bill_payment,DEV444,1
TXN102446,USER6318,93059.66,2025-03-14 02:38:29,Bangalore,send,DEV380,0
TXN102447,USER7952,28928.24,2025-04-06 03:17:29,Pune,send,DEV518,0
TXN102448,USER3723,137886.55,2025-02-25 23:26:29,Delhi,self_transfer,DEV263,0
TXN102449,USER6904,147064.19,2025-03-10 03:35:29,Jaipur,bill_payment,DEV919,1
TXN102450,USER2010,73814.04,2025-01-12 00:11:29,Pune,merchant_payment,DEV443,0
TXN102451,USER1747,141936.72,2025-01-19 20:48:29,Kolkata,bill_payment,DEV997,0
TXN102452,USER5961,39580.89,2025-01-08 02:28:29,Pune,bill_payment,DEV433,0
TXN102453,USER3815,189973.72,2025-04-05 23:39:29,Mumbai,send,DEV866,0
TXN102454,USER2395,151265.58,2025-03-04 07:01:29,Mumbai,send,DEV318,0
TXN102455,USER2128,194695.57,2025-02-06 10:22:29,Mumbai,self_transfer,DEV699,0
TXN102456,USER1477,128145.88,2025-03-06 06:33:29,Delhi,receive,DEV717,0
TXN102457,USER4004,22204.3,2025-02-14 19:41:29,Delhi,receive,DEV917,0
TXN102458,USER2789,89509.7,2025-03-23 05:30:29,Delhi,send,DEV137,0
TXN102459,USER3235,125820.25,2025-01-31 04:21:29,Kolkata,self_transfer,DEV402,0
TXN102460,USER8309,180958.35,2025-01-14 21:46:29,Jaipur,merchant_payment,DEV401,0
TXN102461,USER4457,89242.91,2025-01-21 04:11:29,Jaipur,send,DEV918,0
TXN102462,USER2530,72603.33,2025-01-09 11:25:29,Ahmedabad,merchant_payment,DEV465,0
TXN102463,USER9035,163255.8,2025-03-15 05:28:29,Pune,receive,DEV327,0
TXN102464,USER3261,197377.76,2025-02-21 01:01:29,Mumbai,self_transfer,DEV611,1
TXN102465,USER1533,22691.21,2025-03-27 16:51:29,Bangalore,receive,DEV177,0
TXN102466,USER5995,177026.11,2025-02-27 15:33:29,Jaipur,receive,DEV425,0
TXN102467,USER3701,161495.83,2025-01-19 12:18:29,Jaipur,send,DEV574,0
TXN102468,USER5594,126234.84,2025-03-13 13:24:29,Chennai,self_transfer,DEV220,0
TXN102469,USER3303,29718.62,2025-02-17 06:50:29,Ahmedabad,self_transfer,DEV896,0
TXN102470,USER8292,105755.35,2025-03-06 11:11:29,Jaipur,receive,DEV956,0
TXN102471,USER6901,35069.91,2025-01-15 07:19:29,Ahmedabad,bill_payment,DEV533,0
TXN102472,USER5940,131232.36,2025-01-12 23:15:29,Chennai,self_transfer,DEV159,0
TXN102473,USER7352,60103.16,2025-01-28 03:56:29,Ahmedabad,receive,DEV193,0
TXN102474,USER1161,35219.43,2025-02-13 03:58:29,Chennai,merchant_payment,DEV420,0
TXN102475,USER7196,32590.46,2025-03-15 22:11:29,Delhi,bill_payment,DEV805,0
TXN102476,USER7991,15729.09,2025-02-21 16:46:29,Ahmedabad,send,DEV144,0
TXN102477,USER6296,111993.14,2025-01-30 16:55:29,Bangalore,bill_payment,DEV404,0
TXN102478,USER7739,43669.57,2025-02-16 00:46:29,Kolkata,receive,DEV535,0
TXN102479,USER6963,42354.14,2025-03-26 19:08:29,Hyderabad,receive,DEV428,0
TXN102480,USER8652,109826.45,2025-03-29 23:10:29,Bangalore,receive,DEV294,0
TXN102481,USER1231,128937.96,2025-02-01 08:49:29,Bangalore,receive,DEV186,0
TXN102482,USER5408,72627.76,2025-01-17 09:07:29,Chennai,bill_payment,DEV991,0
TXN102483,USER2959,36391.47,2025-02-19 04:38:29,Kolkata,bill_payment,DEV900,0
TXN102484,USER5310,187385.28,2025-03-08 14:19:29,Delhi,bill_payment,DEV781,0
TXN102485,USER9608,55958.05,2025-03-13 04:45:29,Delhi,send,DEV172,0
TXN102486,USER2231,100112.72,2025-03-30 11:07:29,Bangalore,self_transfer,DEV368,0
TXN102487,USER3159,56974.15,2025-02-02 11:28:29,Ahmedabad,send,DEV849,0
TXN102488,USER3337,27479.88,2025-02-28 14:12:29,Mumbai,send,DEV833,0
TXN102489,USER7977,35691.45,2025-02-14 12:17:29,Kolkata,self_transfer,DEV527,0
TXN102490,USER5882,50483.15,2025-04-01 07:33:29,Bangalore,receive,DEV303,0
TXN102491,USER8925,84881.82,2025-02-22 17:25:29,Kolkata,bill_payment,DEV920,0
TXN102492,USER1963,2413.82,2025-03-20 22:22:29,Bangalore,self_transfer,DEV283,0
TXN102493,USER6806,89133.29,2025-02-27 23:16:29,Bangalore,receive,DEV841,0
TXN102494,USER6498,69257.18,2025-01-21 21:36:29,Pune,self_transfer,DEV649,0
TXN102495,USER6123,134328.03,2025-01-17 00:32:29,Bangalore,send,DEV612,0
TXN102496,USER4082,153691.0,2025-03-31 14:05:29,Mumbai,receive,DEV702,0
TXN102497,USER7328,119258.65,2025-03-31 20:26:29,Chennai,send,DEV816,0
TXN102498,USER3701,79037.58,2025-03-13 15:02:29,Bangalore,bill_payment,DEV990,0
TXN102499,USER7583,11240.93,2025-02-22 11:00:29,Hyderabad,merchant_payment,DEV914,0
TXN102500,USER2805,26289.46,2025-04-05 13:50:29,Delhi,bill_payment,DEV284,0
TXN102501,USER6874,40450.17,2025-03-11 15:56:29,Kolkata,receive,DEV938,0
TXN102502,USER8736,81345.65,2025-02-02 08:14:29,Chennai,self_transfer,DEV837,0
TXN102503,USER2825,46291.64,2025-01-13 09:49:29,Mumbai,send,DEV594,0
TXN102504,USER6856,44452.89,2025-03-31 11:21:29,Mumbai,merchant_payment,DEV833,0
TXN102505,USER9438,109407.89,2025-04-01 20:43:29,Kolkata,receive,DEV188,0
TXN102506,USER1210,15142.8,2025-01-30 23:07:29,Hyderabad,send,DEV581,0
TXN102507,USER5129,143031.6,2025-02-22 03:55:29,Hyderabad,merchant_payment,DEV366,1
TXN102508,USER5388,12016.63,2025-01-09 19:21:29,Jaipur,receive,DEV640,0
TXN102509,USER7986,61350.81,2025-03-02 03:24:29,Mumbai,receive,DEV814,0
TXN102510,USER3781,199404.06,2025-01-12 06:02:29,Delhi,merchant_payment,DEV235,0
TXN102511,USER8323,146768.87,2025-02-06 13:14:29,Hyderabad,receive,DEV420,0
TXN102512,USER5967,76519.22,2025-04-07 10:54:29,Hyderabad,receive,DEV340,0
TXN102513,USER5026,11749.69,2025-02-07 07:55:29,Kolkata,merchant_payment,DEV114,0
TXN102514,USER8569,86413.95,2025-02-21 10:38:29,Chennai,send,DEV962,0
TXN102515,USER3664,42547.14,2025-04-01 13:48:29,Ahmedabad,merchant_payment,DEV418,0
TXN102516,USER7677,14619.49,2025-01-26 17:50:29,Pune,merchant_payment,DEV918,0
TXN102517,USER7687,195158.76,2025-03-22 23:23:29,Jaipur,send,DEV511,0
TXN102518,USER3464,146466.41,2025-03-09 19:58:29,Kolkata,merchant_payment,DEV895,0
TXN102519,USER3064,181120.72,2025-02-09 22:18:29,Jaipur,merchant_payment,DEV375,0
TXN102520,USER1593,195817.98,2025-02-10 13:40:29,Bangalore,self_transfer,DEV303,0
TXN102521,USER3253,64508.97,2025-02-07 01:13:29,Mumbai,self_transfer,DEV803,0
TXN102522,USER5082,35717.5,2025-01-17 22:32:29,Hyderabad,merchant_payment,DEV268,0
TXN102523,USER4978,132784.07,2025-03-11 16:12:29,Pune,receive,DEV621,0
TXN102524,USER3725,75616.87,2025-02-04 19:01:29,Delhi,send,DEV613,0
TXN102525,USER6878,108876.95,2025-03-31 19:38:29,Kolkata,merchant_payment,DEV953,0
TXN102526,USER5414,156205.39,2025-03-07 05:28:29,Ahmedabad,send,DEV730,0
TXN102527,USER3653,182270.32,2025-04-06 04:28:29,Chennai,merchant_payment,DEV810,0
TXN102528,USER5031,102429.37,2025-02-21 09:08:29,Delhi,merchant_payment,DEV795,0
TXN102529,USER2003,160754.09,2025-02-26 06:00:29,Kolkata,self_transfer,DEV686,0
TXN102530,USER9830,186400.64,2025-01-29 12:11:29,Ahmedabad,send,DEV956,0
TXN102531,USER2416,100079.02,2025-01-28 05:48:29,Chennai,self_transfer,DEV822,0
TXN102532,USER7722,148662.88,2025-01-19 23:33:29,Kolkata,send,DEV875,0
TXN102533,USER6980,38217.75,2025-02-21 15:36:29,Chennai,receive,DEV764,0
TXN102534,USER8155,85883.88,2025-03-01 11:51:29,Bangalore,send,DEV948,0
TXN102535,USER6860,113767.69,2025-02-14 09:27:29,Chennai,self_transfer,DEV536,0
TXN102536,USER1284,125341.66,2025-03-22 12:41:29,Pune,bill_payment,DEV151,0
TXN102537,USER1470,53035.07,2025-03-20 02:39:29,Ahmedabad,receive,DEV183,0
TXN102538,USER1942,1292.39,2025-02-24 08:17:29,Jaipur,self_transfer,DEV350,0
TXN102539,USER3471,27731.35,2025-04-04 11:42:29,Chennai,merchant_payment,DEV683,0
TXN102540,USER9439,194480.07,2025-01-07 14:07:29,Chennai,self_transfer,DEV150,0
TXN102541,USER3399,42696.86,2025-03-13 14:32:29,Hyderabad,receive,DEV159,0
TXN102542,USER2288,19670.85,2025-03-29 15:19:29,Chennai,bill_payment,DEV386,0
TXN102543,USER2392,120122.85,2025-03-25 10:37:29,Pune,receive,DEV611,0
TXN102544,USER2498,81571.87,2025-03-04 22:09:29,Bangalore,merchant_payment,DEV172,0
TXN102545,USER2999,185710.94,2025-02-07 00:54:29,Mumbai,send,DEV458,0
TXN102546,USER8659,17256.94,2025-02-07 05:56:29,Jaipur,send,DEV562,0
TXN102547,USER9363,60260.53,2025-01-25 20:20:29,Mumbai,bill_payment,DEV305,0
TXN102548,USER1164,187528.66,2025-03-15 01:04:29,Pune,bill_payment,DEV735,1
TXN102549,USER7244,135260.35,2025-03-28 23:44:29,Delhi,send,DEV770,0
TXN102550,USER5071,122585.9,2025-02-10 05:31:29,Jaipur,receive,DEV402,0
TXN102551,USER2249,41507.31,2025-01-28 18:06:29,Hyderabad,bill_payment,DEV182,0
TXN102552,USER3925,79941.67,2025-03-05 05:49:29,Chennai,self_transfer,DEV620,0
TXN102553,USER3485,116585.98,2025-02-27 04:39:29,Hyderabad,receive,DEV522,0
TXN102554,USER4898,185593.75,2025-01-30 22:58:29,Pune,merchant_payment,DEV633,0
TXN102555,USER1116,81766.68,2025-02-25 21:29:29,Delhi,receive,DEV903,0
TXN102556,USER5154,68445.62,2025-02-08 16:33:29,Ahmedabad,self_transfer,DEV163,0
TXN102557,USER2995,180022.18,2025-01-22 05:20:29,Bangalore,merchant_payment,DEV506,0
TXN102558,USER4683,36362.92,2025-02-11 03:56:29,Mumbai,send,DEV961,0
TXN102559,USER6268,151445.36,2025-02-24 00:41:29,Kolkata,send,DEV710,0
TXN102560,USER6682,51804.85,2025-03-05 09:48:29,Pune,receive,DEV430,0
TXN102561,USER2163,26963.29,2025-03-22 12:06:29,Bangalore,merchant_payment,DEV554,0
TXN102562,USER9770,26483.5,2025-02-05 16:05:29,Chennai,self_transfer,DEV219,0
TXN102563,USER1545,68754.83,2025-01-17 22:24:29,Delhi,self_transfer,DEV285,0
TXN102564,USER5677,70334.51,2025-02-28 04:06:29,Mumbai,receive,DEV196,1
TXN102565,USER3956,183553.28,2025-03-24 06:12:29,Chennai,receive,DEV744,0
TXN102566,USER4746,175270.82,2025-03-31 13:13:29,Chennai,merchant_payment,DEV666,0
TXN102567,USER4624,61475.95,2025-03-09 08:26:29,Hyderabad,bill_payment,DEV849,0
TXN102568,USER7419,67154.09,2025-01-20 23:01:29,Chennai,send,DEV987,0
TXN102569,USER9458,140591.31,2025-03-21 20:13:29,Chennai,send,DEV516,0
TXN102570,USER4944,179720.55,2025-03-22 16:39:29,Kolkata,merchant_payment,DEV393,0
TXN102571,USER6405,110872.04,2025-03-01 23:53:29,Bangalore,merchant_payment,DEV863,0
TXN102572,USER8428,45894.05,2025-02-05 08:59:29,Chennai,bill_payment,DEV511,0
TXN102573,USER7619,96098.1,2025-03-18 21:11:29,Chennai,send,DEV934,0
TXN102574,USER1614,29146.11,2025-03-25 00:48:29,Mumbai,self_transfer,DEV187,0
TXN102575,USER7227,129653.24,2025-04-01 03:42:29,Delhi,receive,DEV519,1
TXN102576,USER2779,177234.9,2025-03-25 15:02:29,Hyderabad,receive,DEV793,0
TXN102577,USER9371,83466.23,2025-02-02 19:53:29,Ahmedabad,merchant_payment,DEV889,0
TXN102578,USER3974,61160.31,2025-01-25 04:54:29,Chennai,bill_payment,DEV481,0
TXN102579,USER6277,179574.98,2025-03-16 06:58:29,Kolkata,merchant_payment,DEV483,0
TXN102580,USER3733,94538.32,2025-01-08 06:14:29,Jaipur,send,DEV561,0
TXN102581,USER6917,169347.42,2025-01-27 02:56:29,Chennai,self_transfer,DEV285,1
TXN102582,USER4560,67546.64,2025-02-08 20:22:29,Mumbai,send,DEV191,0
TXN102583,USER2943,17923.3,2025-03-16 17:55:29,Ahmedabad,send,DEV811,0
TXN102584,USER7103,39981.29,2025-02-26 04:43:29,Pune,receive,DEV471,0
TXN102585,USER3434,82055.91,2025-03-14 23:35:29,Pune,self_transfer,DEV306,0
TXN102586,USER6373,32001.02,2025-03-02 23:59:29,Hyderabad,receive,DEV370,0
TXN102587,USER2267,127675.67,2025-03-23 06:03:29,Kolkata,receive,DEV398,0
TXN102588,USER1178,181318.99,2025-01-30 10:50:29,Bangalore,self_transfer,DEV165,0
TXN102589,USER3109,153669.44,2025-01-08 14:02:29,Kolkata,receive,DEV791,0
TXN102590,USER5491,193784.63,2025-03-31 10:00:29,Delhi,self_transfer,DEV276,0
TXN102591,USER1018,7107.35,2025-01-10 14:40:29,Chennai,receive,DEV279,0
TXN102592,USER5820,133207.72,2025-01-20 15:33:29,Pune,merchant_payment,DEV836,0
TXN102593,USER6561,41467.55,2025-01-24 04:26:29,Pune,send,DEV679,0
TXN102594,USER4694,13201.28,2025-02-13 15:33:29,Jaipur,self_transfer,DEV515,0
TXN102595,USER9526,164409.15,2025-02-18 19:54:29,Delhi,receive,DEV987,0
TXN102596,USER6388,114024.13,2025-03-23 02:26:29,Jaipur,bill_payment,DEV362,1
TXN102597,USER6037,154050.53,2025-02-21 13:12:29,Hyderabad,send,DEV320,0
TXN102598,USER3290,125381.2,2025-01-09 19:52:29,Mumbai,send,DEV129,0
TXN102599,USER1719,126283.48,2025-01-08 20:36:29,Hyderabad,bill_payment,DEV659,0
TXN102600,USER2158,180583.03,2025-03-12 03:14:29,Delhi,bill_payment,DEV543,1
TXN102601,USER4175,40046.78,2025-03-17 21:32:29,Kolkata,self_transfer,DEV925,0
TXN102602,USER6800,101752.47,2025-03-13 23:18:29,Jaipur,receive,DEV702,0
TXN102603,USER7199,17127.67,2025-03-21 03:53:29,Chennai,receive,DEV740,1
TXN102604,USER5241,134658.39,2025-01-19 19:56:29,Ahmedabad,send,DEV454,0
TXN102605,USER9840,152882.63,2025-03-21 09:03:29,Chennai,bill_payment,DEV489,0
TXN102606,USER2192,2154.14,2025-01-20 13:59:29,Chennai,bill_payment,DEV965,0
TXN102607,USER7687,133545.14,2025-01-08 22:12:29,Mumbai,self_transfer,DEV961,0
TXN102608,USER1388,157374.8,2025-02-10 13:27:29,Chennai,merchant_payment,DEV618,0
TXN102609,USER1729,165549.41,2025-03-02 06:26:29,Chennai,receive,DEV570,0
TXN102610,USER4014,196163.78,2025-03-01 01:44:29,Ahmedabad,merchant_payment,DEV917,1
TXN102611,USER8269,61255.71,2025-02-24 07:42:29,Pune,bill_payment,DEV975,0
TXN102612,USER2077,172771.32,2025-01-27 18:45:29,Delhi,self_transfer,DEV291,0
TXN102613,USER3488,186105.3,2025-03-24 08:35:29,Chennai,receive,DEV551,0
TXN102614,USER3238,158450.27,2025-01-25 16:20:29,Bangalore,self_transfer,DEV358,0
TXN102615,USER1396,68621.46,2025-04-03 14:36:29,Mumbai,self_transfer,DEV857,0
TXN102616,USER1452,79053.9,2025-02-15 10:46:29,Hyderabad,bill_payment,DEV500,0
TXN102617,USER7259,41967.41,2025-04-03 21:50:29,Jaipur,merchant_payment,DEV416,0
TXN102618,USER3879,121554.72,2025-01-19 05:56:29,Jaipur,merchant_payment,DEV160,0
TXN102619,USER4674,101185.77,2025-03-10 07:38:29,Ahmedabad,send,DEV956,0
TXN102620,USER5549,68603.22,2025-03-19 12:43:29,Hyderabad,bill_payment,DEV380,0
TXN102621,USER8345,1778.71,2025-02-04 22:52:29,Mumbai,merchant_payment,DEV106,0
TXN102622,USER2340,122501.63,2025-02-16 11:04:29,Kolkata,self_transfer,DEV341,0
TXN102623,USER1308,189005.24,2025-04-01 15:54:29,Mumbai,merchant_payment,DEV929,0
TXN102624,USER6533,18327.42,2025-02-08 12:48:29,Jaipur,self_transfer,DEV419,0
TXN102625,USER9946,191102.6,2025-02-05 20:19:29,Chennai,send,DEV559,0
TXN102626,USER5544,158540.21,2025-02-07 06:40:29,Delhi,self_transfer,DEV458,0
TXN102627,USER5992,123377.41,2025-01-10 01:08:29,Mumbai,receive,DEV110,1
TXN102628,USER4428,189606.08,2025-03-09 08:30:29,Chennai,merchant_payment,DEV143,0
TXN102629,USER2222,59369.43,2025-01-18 10:46:29,Pune,self_transfer,DEV889,0
TXN102630,USER1839,172425.65,2025-02-22 10:24:29,Delhi,self_transfer,DEV933,0
TXN102631,USER5842,84513.74,2025-03-29 05:51:29,Kolkata,send,DEV823,0
TXN102632,USER3872,105621.49,2025-03-12 15:39:29,Mumbai,bill_payment,DEV788,0
TXN102633,USER6394,163322.76,2025-01-25 02:25:29,Pune,receive,DEV629,1
TXN102634,USER7674,73833.1,2025-01-17 01:59:29,Mumbai,bill_payment,DEV858,0
TXN102635,USER7115,12158.79,2025-01-20 01:03:29,Pune,receive,DEV204,0
TXN102636,USER1757,6773.69,2025-01-19 01:53:29,Ahmedabad,bill_payment,DEV626,0
TXN102637,USER8772,13323.09,2025-01-26 16:54:29,Jaipur,merchant_payment,DEV300,0
TXN102638,USER9711,66079.88,2025-02-13 19:36:29,Chennai,bill_payment,DEV745,0
TXN102639,USER1635,156491.07,2025-02-01 08:08:29,Chennai,receive,DEV815,0
TXN102640,USER3059,179966.38,2025-01-12 16:11:29,Ahmedabad,send,DEV921,0
TXN102641,USER3606,157234.33,2025-01-20 21:20:29,Hyderabad,self_transfer,DEV943,0
TXN102642,USER1660,55794.43,2025-03-15 00:10:29,Hyderabad,send,DEV778,0
TXN102643,USER5763,29456.5,2025-02-01 22:09:29,Pune,send,DEV953,0
TXN102644,USER7615,2928.66,2025-01-19 19:46:29,Ahmedabad,receive,DEV402,0
TXN102645,USER4206,79942.47,2025-01-17 19:09:29,Mumbai,receive,DEV928,0
TXN102646,USER6609,163845.15,2025-01-20 03:34:29,Bangalore,merchant_payment,DEV803,1
TXN102647,USER3832,24564.01,2025-02-06 02:16:29,Delhi,bill_payment,DEV771,0
TXN102648,USER5445,161599.0,2025-03-25 18:22:29,Kolkata,bill_payment,DEV345,0
TXN102649,USER9469,14587.49,2025-01-21 01:30:29,Chennai,self_transfer,DEV506,0
TXN102650,USER1793,185748.26,2025-01-22 04:49:29,Ahmedabad,self_transfer,DEV689,0
TXN102651,USER6615,80814.67,2025-03-13 22:45:29,Kolkata,send,DEV289,0
TXN102652,USER3609,36839.78,2025-03-26 00:57:29,Pune,bill_payment,DEV952,0
TXN102653,USER6500,126294.79,2025-04-04 01:35:29,Bangalore,send,DEV913,1
TXN102654,USER6164,47969.81,2025-01-21 21:05:29,Kolkata,receive,DEV871,0
TXN102655,USER4617,110418.25,2025-02-22 00:35:29,Mumbai,send,DEV335,0
TXN102656,USER2461,141717.19,2025-02-14 16:59:29,Ahmedabad,self_transfer,DEV862,0
TXN102657,USER1548,177724.24,2025-03-14 04:41:29,Delhi,self_transfer,DEV661,0
TXN102658,USER1510,144365.73,2025-02-06 03:24:29,Delhi,send,DEV580,1
TXN102659,USER2197,98249.61,2025-03-31 01:27:29,Kolkata,merchant_payment,DEV224,0
TXN102660,USER9435,64058.93,2025-02-24 17:14:29,Bangalore,merchant_payment,DEV342,0
TXN102661,USER9257,174250.15,2025-03-30 02:04:29,Mumbai,receive,DEV631,1
TXN102662,USER4973,47852.67,2025-03-30 17:12:29,Delhi,receive,DEV406,0
TXN102663,USER4810,63986.09,2025-02-12 01:46:29,Hyderabad,self_transfer,DEV876,0
TXN102664,USER3392,30763.87,2025-01-12 17:44:29,Ahmedabad,self_transfer,DEV444,0
TXN102665,USER5780,107393.27,2025-03-07 19:03:29,Bangalore,send,DEV799,0
TXN102666,USER6372,88766.3,2025-03-06 16:14:29,Hyderabad,send,DEV287,1
TXN102667,USER9715,71053.6,2025-02-03 08:29:29,Mumbai,self_transfer,DEV627,0
TXN102668,USER5258,55511.03,2025-01-25 17:20:29,Pune,receive,DEV967,0
TXN102669,USER8977,171035.16,2025-01-16 01:41:29,Mumbai,send,DEV317,1
TXN102670,USER8326,29056.83,2025-01-15 12:02:29,Ahmedabad,bill_payment,DEV290,0
TXN102671,USER9978,42757.72,2025-01-30 20:36:29,Ahmedabad,bill_payment,DEV888,0
TXN102672,USER8124,59687.49,2025-02-14 12:56:29,Bangalore,self_transfer,DEV791,0
TXN102673,USER8346,144938.17,2025-02-27 02:30:29,Delhi,merchant_payment,DEV743,1
TXN102674,USER7722,48893.9,2025-03-24 06:23:29,Kolkata,receive,DEV686,0
TXN102675,USER3794,12135.29,2025-02-21 13:29:29,Chennai,bill_payment,DEV177,0
TXN102676,USER9724,104341.01,2025-01-21 07:35:29,Bangalore,self_transfer,DEV611,0
TXN102677,USER7427,13814.9,2025-04-02 15:55:29,Kolkata,receive,DEV447,0
TXN102678,USER5526,29802.33,2025-03-22 14:46:29,Ahmedabad,receive,DEV922,0
TXN102679,USER7984,4456.43,2025-01-13 06:52:29,Bangalore,bill_payment,DEV425,0
TXN102680,USER6574,36646.86,2025-01-28 15:39:29,Ahmedabad,bill_payment,DEV971,0
TXN102681,USER2694,129982.23,2025-02-25 00:19:29,Kolkata,self_transfer,DEV661,0
TXN102682,USER6423,143305.87,2025-03-09 19:20:29,Mumbai,self_transfer,DEV892,0
TXN102683,USER7281,32952.73,2025-01-13 12:52:29,Mumbai,send,DEV372,0
TXN102684,USER1256,28447.16,2025-02-27 23:21:29,Chennai,receive,DEV153,0
TXN102685,USER4697,2557.49,2025-01-25 17:13:29,Hyderabad,bill_payment,DEV583,0
TXN102686,USER5485,88493.34,2025-01-26 04:53:29,Pune,receive,DEV535,0
TXN102687,USER1256,154344.05,2025-01-15 15:35:29,Chennai,self_transfer,DEV267,0
TXN102688,USER5616,165996.55,2025-03-31 09:09:29,Jaipur,bill_payment,DEV754,0
TXN102689,USER4730,84152.54,2025-02-16 02:29:29,Pune,bill_payment,DEV802,0
TXN102690,USER5034,89816.12,2025-01-15 16:01:29,Mumbai,receive,DEV183,0
TXN102691,USER8751,60983.78,2025-02-22 04:28:29,Bangalore,receive,DEV753,0
TXN102692,USER8635,104638.28,2025-02-22 18:15:29,Ahmedabad,send,DEV855,0
TXN102693,USER4299,42751.18,2025-02-20 02:51:29,Ahmedabad,send,DEV520,0
TXN102694,USER3915,135009.81,2025-02-08 06:43:29,Mumbai,receive,DEV634,0
TXN102695,USER4500,23339.35,2025-02-24 21:59:29,Mumbai,self_transfer,DEV127,0
TXN102696,USER4815,21178.47,2025-01-14 23:37:29,Mumbai,bill_payment,DEV612,0
TXN102697,USER6922,64825.26,2025-03-31 17:11:29,Chennai,merchant_payment,DEV924,0
TXN102698,USER9412,142280.06,2025-04-06 22:28:29,Pune,receive,DEV231,0
TXN102699,USER9934,103172.08,2025-03-04 08:15:29,Hyderabad,merchant_payment,DEV752,0
TXN102700,USER1919,5922.13,2025-02-13 00:27:29,Kolkata,bill_payment,DEV783,0
TXN102701,USER2954,100724.87,2025-02-28 22:57:29,Bangalore,send,DEV350,0
TXN102702,USER5614,181799.91,2025-03-15 07:37:29,Mumbai,bill_payment,DEV768,0
TXN102703,USER7246,176911.82,2025-01-25 09:34:29,Kolkata,receive,DEV406,0
TXN102704,USER9354,98699.79,2025-03-14 21:00:29,Hyderabad,send,DEV500,0
TXN102705,USER2835,192025.74,2025-02-26 20:16:29,Ahmedabad,bill_payment,DEV854,0
TXN102706,USER8286,30995.32,2025-03-27 00:47:29,Pune,receive,DEV669,0
TXN102707,USER2258,163799.51,2025-02-13 07:55:29,Kolkata,receive,DEV511,0
TXN102708,USER5723,33025.63,2025-03-09 11:01:29,Kolkata,bill_payment,DEV361,0
TXN102709,USER8144,172583.8,2025-03-17 18:50:29,Jaipur,bill_payment,DEV904,0
TXN102710,USER3026,125930.39,2025-03-16 07:32:29,Mumbai,receive,DEV607,0
TXN102711,USER3766,99622.96,2025-02-09 14:49:29,Pune,merchant_payment,DEV221,0
TXN102712,USER8651,12521.14,2025-03-26 22:14:29,Kolkata,send,DEV433,0
TXN102713,USER4799,184480.94,2025-03-11 09:30:29,Bangalore,self_transfer,DEV821,0
TXN102714,USER5252,198248.34,2025-02-11 08:54:29,Chennai,merchant_payment,DEV909,0
TXN102715,USER8101,25678.66,2025-03-31 19:54:29,Delhi,send,DEV542,0
TXN102716,USER8200,11084.64,2025-02-02 05:14:29,Kolkata,merchant_payment,DEV826,0
TXN102717,USER5791,161134.5,2025-01-08 23:42:29,Pune,bill_payment,DEV462,0
TXN102718,USER5878,37782.44,2025-02-27 21:06:29,Kolkata,receive,DEV617,0
TXN102719,USER4259,106174.21,2025-02-03 13:14:29,Mumbai,merchant_payment,DEV745,0
TXN102720,USER9499,178717.49,2025-04-01 14:33:29,Kolkata,receive,DEV711,0
TXN102721,USER1132,28013.33,2025-02-18 05:15:29,Ahmedabad,receive,DEV286,0
TXN102722,USER9620,5754.83,2025-01-25 07:09:29,Mumbai,merchant_payment,DEV648,0
TXN102723,USER9634,1391.37,2025-02-03 16:42:29,Delhi,bill_payment,DEV932,0
TXN102724,USER5452,143176.03,2025-01-18 02:32:29,Pune,receive,DEV558,1
TXN102725,USER9990,11348.64,2025-01-10 20:31:29,Delhi,self_transfer,DEV929,0
TXN102726,USER5113,177656.85,2025-01-12 05:07:29,Chennai,send,DEV278,0
TXN102727,USER7756,96933.53,2025-01-26 08:53:29,Chennai,receive,DEV997,0
TXN102728,USER5978,110158.14,2025-04-04 10:01:29,Jaipur,receive,DEV414,0
TXN102729,USER6059,99440.21,2025-03-05 20:37:29,Kolkata,self_transfer,DEV259,0
TXN102730,USER6693,112772.57,2025-02-09 04:49:29,Ahmedabad,bill_payment,DEV151,0
TXN102731,USER5552,10692.08,2025-01-20 23:04:29,Delhi,merchant_payment,DEV685,0
TXN102732,USER5183,56487.64,2025-03-12 22:33:29,Jaipur,self_transfer,DEV288,0
TXN102733,USER2378,195020.43,2025-01-15 05:47:29,Hyderabad,receive,DEV317,0
TXN102734,USER6660,157813.8,2025-04-03 16:57:29,Delhi,receive,DEV708,0
TXN102735,USER3536,31169.08,2025-01-12 14:22:29,Kolkata,send,DEV792,0
TXN102736,USER5700,54682.59,2025-02-21 11:05:29,Chennai,self_transfer,DEV634,0
TXN102737,USER6221,169854.93,2025-04-01 05:42:29,Ahmedabad,receive,DEV126,0
TXN102738,USER9717,93350.93,2025-03-09 01:34:29,Hyderabad,receive,DEV405,0
TXN102739,USER9751,84860.58,2025-02-07 20:35:29,Chennai,merchant_payment,DEV363,0
TXN102740,USER3723,135472.59,2025-01-17 11:54:29,Pune,bill_payment,DEV666,0
TXN102741,USER7717,34324.04,2025-03-22 16:14:29,Pune,receive,DEV610,0
TXN102742,USER7997,51104.6,2025-03-05 05:14:29,Delhi,receive,DEV791,0
TXN102743,USER5064,8726.0,2025-02-14 01:58:29,Ahmedabad,receive,DEV360,0
TXN102744,USER4845,62337.61,2025-01-31 07:40:29,Hyderabad,self_transfer,DEV932,0
TXN102745,USER6194,143944.39,2025-02-19 15:30:29,Jaipur,self_transfer,DEV342,0
TXN102746,USER6425,48582.82,2025-02-19 05:38:29,Ahmedabad,bill_payment,DEV625,0
TXN102747,USER8153,196092.1,2025-02-21 14:32:29,Mumbai,receive,DEV583,0
TXN102748,USER8305,55616.59,2025-02-10 19:34:29,Kolkata,receive,DEV917,0
TXN102749,USER7914,27322.44,2025-03-12 19:50:29,Pune,bill_payment,DEV437,0
TXN102750,USER3336,3721.5,2025-02-22 03:17:29,Mumbai,self_transfer,DEV225,0
TXN102751,USER4474,29127.49,2025-02-25 03:31:29,Delhi,bill_payment,DEV498,0
TXN102752,USER4244,6910.21,2025-03-24 04:26:29,Ahmedabad,merchant_payment,DEV409,0
TXN102753,USER3037,59434.2,2025-03-05 04:26:29,Mumbai,merchant_payment,DEV871,0
TXN102754,USER3259,68598.9,2025-03-19 06:14:29,Ahmedabad,send,DEV802,0
TXN102755,USER1173,71597.48,2025-03-09 22:02:29,Bangalore,bill_payment,DEV507,0
TXN102756,USER2003,63481.36,2025-01-28 06:47:29,Bangalore,bill_payment,DEV116,0
TXN102757,USER5510,167947.7,2025-03-06 11:11:29,Pune,self_transfer,DEV547,0
TXN102758,USER6195,17374.2,2025-01-07 22:28:29,Pune,self_transfer,DEV440,0
TXN102759,USER3604,145757.09,2025-01-17 23:15:29,Pune,self_transfer,DEV395,0
TXN102760,USER2464,127975.89,2025-02-16 00:41:29,Ahmedabad,bill_payment,DEV799,0
TXN102761,USER5104,71955.68,2025-02-11 07:44:29,Bangalore,self_transfer,DEV765,0
TXN102762,USER3956,184698.27,2025-03-02 22:38:29,Mumbai,bill_payment,DEV252,0
TXN102763,USER4987,152736.82,2025-04-02 08:03:29,Kolkata,bill_payment,DEV247,0
TXN102764,USER5723,65428.0,2025-02-13 23:18:29,Pune,send,DEV624,0
TXN102765,USER5608,172553.47,2025-03-24 21:26:29,Bangalore,bill_payment,DEV968,0
TXN102766,USER1792,164310.61,2025-04-06 20:41:29,Mumbai,receive,DEV359,0
TXN102767,USER6177,11846.66,2025-02-25 00:05:29,Kolkata,receive,DEV980,0
TXN102768,USER5770,129883.97,2025-01-18 23:00:29,Chennai,receive,DEV427,1
TXN102769,USER7269,172009.55,2025-01-15 03:58:29,Bangalore,send,DEV802,1
TXN102770,USER9542,95395.8,2025-01-18 08:08:29,Bangalore,send,DEV541,0
TXN102771,USER7370,70999.35,2025-03-05 05:17:29,Ahmedabad,bill_payment,DEV278,0
TXN102772,USER7448,191060.38,2025-02-28 18:23:29,Chennai,receive,DEV560,0
TXN102773,USER5298,193569.74,2025-03-03 09:25:29,Hyderabad,send,DEV938,0
TXN102774,USER1381,94439.67,2025-01-15 01:25:29,Mumbai,self_transfer,DEV733,0
TXN102775,USER2666,53939.11,2025-02-08 15:33:29,Kolkata,self_transfer,DEV135,0
TXN102776,USER4368,160967.45,2025-01-19 13:03:29,Kolkata,self_transfer,DEV238,0
TXN102777,USER7220,131659.23,2025-03-27 16:10:29,Hyderabad,self_transfer,DEV471,0
TXN102778,USER5929,180031.06,2025-04-02 03:13:29,Hyderabad,merchant_payment,DEV478,1
TXN102779,USER5632,118745.46,2025-03-05 03:37:29,Kolkata,merchant_payment,DEV190,1
TXN102780,USER1786,40784.68,2025-02-12 14:27:29,Ahmedabad,receive,DEV991,0
TXN102781,USER9237,48749.12,2025-01-11 19:52:29,Ahmedabad,receive,DEV981,0
TXN102782,USER2406,78542.05,2025-03-17 09:01:29,Pune,receive,DEV382,0
TXN102783,USER1599,178219.54,2025-03-31 02:05:29,Delhi,self_transfer,DEV123,1
TXN102784,USER6984,194262.19,2025-03-21 00:47:29,Ahmedabad,self_transfer,DEV101,0
TXN102785,USER5868,153543.63,2025-03-08 18:01:29,Jaipur,receive,DEV467,0
TXN102786,USER5612,34823.9,2025-04-03 21:42:29,Mumbai,send,DEV383,0
TXN102787,USER5754,60575.56,2025-02-26 03:16:29,Bangalore,receive,DEV406,0
TXN102788,USER7117,147317.77,2025-02-16 02:59:29,Pune,bill_payment,DEV855,1
TXN102789,USER5315,15011.8,2025-02-22 20:49:29,Chennai,receive,DEV233,0
TXN102790,USER6771,118450.51,2025-02-05 07:40:29,Chennai,merchant_payment,DEV193,0
TXN102791,USER4637,88797.04,2025-02-23 20:01:29,Delhi,bill_payment,DEV398,0
TXN102792,USER7678,142557.45,2025-01-13 23:41:29,Ahmedabad,self_transfer,DEV617,0
TXN102793,USER8952,76050.91,2025-02-28 01:34:29,Jaipur,self_transfer,DEV253,0
TXN102794,USER7299,60458.4,2025-03-29 16:56:29,Kolkata,self_transfer,DEV875,0
TXN102795,USER2961,66474.18,2025-03-16 18:39:29,Kolkata,self_transfer,DEV563,0
TXN102796,USER4660,181430.52,2025-03-27 04:11:29,Bangalore,receive,DEV881,0
TXN102797,USER9756,78047.91,2025-02-23 13:29:29,Kolkata,bill_payment,DEV998,0
TXN102798,USER8492,130718.59,2025-03-06 15:53:29,Bangalore,merchant_payment,DEV948,0
TXN102799,USER9168,102564.12,2025-01-11 23:15:29,Kolkata,receive,DEV758,0
TXN102800,USER3003,163906.57,2025-02-16 05:52:29,Kolkata,self_transfer,DEV361,0
TXN102801,USER5866,75957.97,2025-03-22 09:33:29,Ahmedabad,self_transfer,DEV246,0
TXN102802,USER8334,153057.96,2025-03-29 19:00:29,Bangalore,send,DEV527,0
TXN102803,USER9554,127810.19,2025-03-27 00:20:29,Kolkata,receive,DEV597,0
TXN102804,USER5668,186091.82,2025-04-03 16:34:29,Hyderabad,self_transfer,DEV521,0
TXN102805,USER4836,21061.77,2025-01-29 04:44:29,Pune,bill_payment,DEV578,0
TXN102806,USER7542,100681.97,2025-02-10 15:52:29,Pune,send,DEV669,0
TXN102807,USER4133,6623.57,2025-03-28 14:45:29,Bangalore,self_transfer,DEV462,0
TXN102808,USER3523,160819.32,2025-03-01 23:53:29,Hyderabad,bill_payment,DEV239,0
TXN102809,USER4775,140814.51,2025-02-11 07:40:29,Chennai,send,DEV752,0
TXN102810,USER9356,178792.1,2025-02-23 05:48:29,Bangalore,self_transfer,DEV438,0
TXN102811,USER7681,25077.19,2025-02-22 02:54:29,Pune,send,DEV959,0
TXN102812,USER7828,96730.24,2025-03-05 09:35:29,Mumbai,merchant_payment,DEV778,0
TXN102813,USER4350,144598.21,2025-02-03 03:22:29,Hyderabad,send,DEV114,1
TXN102814,USER6821,41518.04,2025-03-04 10:21:29,Chennai,receive,DEV180,0
TXN102815,USER4133,119512.93,2025-03-10 14:23:29,Kolkata,send,DEV144,0
TXN102816,USER6286,116811.77,2025-01-14 01:34:29,Chennai,receive,DEV113,1
TXN102817,USER9497,112980.96,2025-03-06 12:37:29,Mumbai,bill_payment,DEV662,0
TXN102818,USER4154,67502.98,2025-03-06 16:48:29,Kolkata,send,DEV224,0
TXN102819,USER7848,22079.52,2025-02-10 17:33:29,Hyderabad,send,DEV899,0
TXN102820,USER9246,139078.67,2025-01-25 04:01:29,Bangalore,merchant_payment,DEV333,0
TXN102821,USER1212,157165.21,2025-02-17 00:31:29,Delhi,self_transfer,DEV734,0
TXN102822,USER8806,60030.29,2025-01-25 18:41:29,Jaipur,merchant_payment,DEV402,0
TXN102823,USER5206,153660.17,2025-01-22 06:24:29,Ahmedabad,merchant_payment,DEV877,0
TXN102824,USER3188,119166.15,2025-01-19 21:21:29,Hyderabad,send,DEV636,0
TXN102825,USER6571,174138.04,2025-04-03 09:44:29,Chennai,bill_payment,DEV586,0
TXN102826,USER1028,68952.88,2025-01-22 15:56:29,Delhi,receive,DEV475,0
TXN102827,USER5578,168696.52,2025-02-24 21:44:29,Hyderabad,bill_payment,DEV720,0
TXN102828,USER5920,94511.99,2025-03-27 06:46:29,Pune,send,DEV139,0
TXN102829,USER1594,50549.67,2025-02-26 00:07:29,Mumbai,send,DEV748,0
TXN102830,USER9203,112686.68,2025-03-22 02:13:29,Pune,self_transfer,DEV291,1
TXN102831,USER9367,55507.24,2025-01-11 11:51:29,Mumbai,self_transfer,DEV281,0
TXN102832,USER1959,1115.96,2025-03-10 23:17:29,Hyderabad,receive,DEV772,0
TXN102833,USER6498,141650.72,2025-03-25 23:43:29,Pune,bill_payment,DEV572,0
TXN102834,USER6449,128448.33,2025-03-12 05:32:29,Hyderabad,send,DEV246,0
TXN102835,USER8636,10286.45,2025-03-25 21:17:29,Hyderabad,send,DEV974,0
TXN102836,USER6463,192720.43,2025-02-02 11:11:29,Ahmedabad,merchant_payment,DEV529,0
TXN102837,USER3063,79332.95,2025-01-16 14:10:29,Ahmedabad,merchant_payment,DEV635,0
TXN102838,USER6349,127038.62,2025-01-21 15:55:29,Mumbai,send,DEV202,0
TXN102839,USER6717,139446.05,2025-03-18 22:27:29,Delhi,bill_payment,DEV143,0
TXN102840,USER1070,7623.43,2025-03-15 19:13:29,Jaipur,receive,DEV348,0
TXN102841,USER9661,111467.46,2025-01-26 19:02:29,Mumbai,bill_payment,DEV613,0
TXN102842,USER5349,107483.35,2025-03-08 19:11:29,Delhi,send,DEV362,0
TXN102843,USER4001,33795.03,2025-03-16 22:38:29,Mumbai,send,DEV503,0
TXN102844,USER2935,91431.15,2025-02-05 04:33:29,Ahmedabad,receive,DEV280,0
TXN102845,USER5909,34195.52,2025-01-30 12:03:29,Pune,merchant_payment,DEV202,0
TXN102846,USER5925,3773.96,2025-02-11 23:24:29,Hyderabad,self_transfer,DEV669,0
TXN102847,USER1978,73833.83,2025-02-04 23:40:29,Bangalore,self_transfer,DEV501,0
TXN102848,USER3377,72977.98,2025-01-26 14:38:29,Delhi,self_transfer,DEV488,0
TXN102849,USER2567,98497.54,2025-02-07 16:03:29,Hyderabad,receive,DEV923,0
TXN102850,USER2619,80668.69,2025-03-30 21:04:29,Pune,receive,DEV488,0
TXN102851,USER4174,78182.87,2025-01-28 23:00:29,Mumbai,send,DEV262,0
TXN102852,USER6749,110648.52,2025-02-17 02:55:29,Kolkata,merchant_payment,DEV265,1
TXN102853,USER6581,38200.86,2025-02-03 18:15:29,Hyderabad,self_transfer,DEV962,0
TXN102854,USER4035,23564.84,2025-02-07 10:17:29,Kolkata,send,DEV317,0
TXN102855,USER9596,109674.32,2025-02-07 05:00:29,Jaipur,bill_payment,DEV442,0
TXN102856,USER5183,40698.76,2025-03-17 15:15:29,Jaipur,self_transfer,DEV849,0
TXN102857,USER1733,83721.87,2025-02-23 08:42:29,Chennai,send,DEV603,0
TXN102858,USER6847,156147.62,2025-02-13 09:53:29,Kolkata,bill_payment,DEV473,0
TXN102859,USER1808,103992.18,2025-03-19 12:16:29,Ahmedabad,receive,DEV159,0
TXN102860,USER7095,52461.83,2025-01-18 02:40:29,Pune,receive,DEV744,0
TXN102861,USER5047,39883.06,2025-03-13 14:21:29,Hyderabad,bill_payment,DEV156,0
TXN102862,USER3379,59366.3,2025-03-27 14:38:29,Delhi,self_transfer,DEV553,0
TXN102863,USER7592,13332.91,2025-01-30 17:47:29,Hyderabad,receive,DEV911,0
TXN102864,USER3329,51416.22,2025-03-21 15:04:29,Ahmedabad,bill_payment,DEV124,0
TXN102865,USER7110,168488.56,2025-03-14 19:44:29,Bangalore,merchant_payment,DEV636,0
TXN102866,USER2430,85584.51,2025-02-07 01:37:29,Bangalore,bill_payment,DEV168,0
TXN102867,USER6689,182368.31,2025-03-26 04:39:29,Jaipur,bill_payment,DEV959,0
TXN102868,USER8754,95060.44,2025-03-04 12:40:29,Pune,receive,DEV991,0
TXN102869,USER6910,130002.83,2025-03-29 11:50:29,Kolkata,merchant_payment,DEV180,0
TXN102870,USER7083,178067.19,2025-01-09 07:43:29,Chennai,self_transfer,DEV119,0
TXN102871,USER3972,141835.42,2025-03-25 21:13:29,Kolkata,send,DEV416,0
TXN102872,USER9905,160393.8,2025-03-20 03:19:29,Delhi,self_transfer,DEV710,1
TXN102873,USER1431,95186.21,2025-02-13 19:51:29,Ahmedabad,self_transfer,DEV182,0
TXN102874,USER1370,72954.89,2025-03-08 08:25:29,Delhi,send,DEV649,0
TXN102875,USER6469,7382.64,2025-01-23 04:13:29,Chennai,bill_payment,DEV883,0
TXN102876,USER8459,6482.86,2025-03-27 08:06:29,Chennai,merchant_payment,DEV380,0
TXN102877,USER8259,174708.32,2025-02-23 05:37:29,Chennai,self_transfer,DEV887,0
TXN102878,USER4926,74359.61,2025-02-13 12:21:29,Mumbai,self_transfer,DEV757,0
TXN102879,USER7586,132122.09,2025-01-10 21:43:29,Jaipur,self_transfer,DEV947,0
TXN102880,USER6228,45227.77,2025-01-22 05:10:29,Hyderabad,merchant_payment,DEV513,0
TXN102881,USER7097,187404.27,2025-03-17 05:01:29,Ahmedabad,bill_payment,DEV776,0
TXN102882,USER7996,194773.57,2025-02-02 02:14:29,Ahmedabad,send,DEV567,1
TXN102883,USER4720,78905.01,2025-02-24 11:35:29,Delhi,bill_payment,DEV969,0
TXN102884,USER5938,5661.48,2025-01-27 01:18:29,Ahmedabad,bill_payment,DEV285,0
TXN102885,USER5488,116762.91,2025-02-04 09:04:29,Delhi,send,DEV202,0
TXN102886,USER8120,57900.15,2025-02-28 04:11:29,Chennai,receive,DEV520,0
TXN102887,USER3858,41641.51,2025-02-17 10:23:29,Bangalore,self_transfer,DEV740,0
TXN102888,USER4893,192664.22,2025-01-28 03:49:29,Chennai,merchant_payment,DEV139,1
TXN102889,USER1916,38656.07,2025-04-01 04:33:29,Ahmedabad,self_transfer,DEV150,0
TXN102890,USER5479,75940.43,2025-01-11 11:27:29,Ahmedabad,receive,DEV768,0
TXN102891,USER9568,133465.23,2025-01-13 13:59:29,Hyderabad,bill_payment,DEV757,0
TXN102892,USER9126,162488.98,2025-02-05 15:39:29,Chennai,receive,DEV451,0
TXN102893,USER9520,198968.49,2025-01-11 21:01:29,Kolkata,receive,DEV542,0
TXN102894,USER3303,170981.04,2025-03-01 01:21:29,Ahmedabad,self_transfer,DEV215,1
TXN102895,USER5386,183292.76,2025-03-07 07:24:29,Jaipur,send,DEV854,0
TXN102896,USER4614,33549.1,2025-04-02 03:00:29,Kolkata,bill_payment,DEV660,0
TXN102897,USER2270,65758.36,2025-03-14 22:46:29,Hyderabad,receive,DEV210,0
TXN102898,USER6337,109148.68,2025-03-18 05:20:29,Ahmedabad,send,DEV123,0
TXN102899,USER7139,115695.59,2025-02-25 09:27:29,Jaipur,send,DEV585,0
TXN102900,USER2062,186394.4,2025-01-26 10:43:29,Ahmedabad,bill_payment,DEV868,0
TXN102901,USER4721,196535.95,2025-02-21 07:16:29,Chennai,self_transfer,DEV770,0
TXN102902,USER2763,54263.5,2025-03-04 16:21:29,Chennai,bill_payment,DEV233,0
TXN102903,USER3602,121746.27,2025-02-12 04:51:29,Kolkata,bill_payment,DEV289,0
TXN102904,USER7384,192078.36,2025-03-17 17:15:29,Kolkata,self_transfer,DEV750,0
TXN102905,USER9041,132108.51,2025-03-01 11:42:29,Ahmedabad,self_transfer,DEV369,0
TXN102906,USER7098,90097.54,2025-02-18 10:57:29,Pune,bill_payment,DEV712,0
TXN102907,USER5198,104035.19,2025-01-16 16:29:29,Ahmedabad,send,DEV232,0
TXN102908,USER6015,177147.64,2025-03-19 00:58:29,Delhi,receive,DEV357,0
TXN102909,USER4318,56964.3,2025-01-22 01:11:29,Ahmedabad,merchant_payment,DEV369,0
TXN102910,USER3455,3075.25,2025-03-24 01:35:29,Ahmedabad,send,DEV457,0
TXN102911,USER1959,12128.43,2025-01-26 04:45:29,Chennai,bill_payment,DEV531,0
TXN102912,USER4482,197425.16,2025-04-03 03:32:29,Delhi,receive,DEV270,1
TXN102913,USER8045,65539.54,2025-03-30 17:08:29,Ahmedabad,self_transfer,DEV991,0
TXN102914,USER1498,179221.06,2025-01-29 07:45:29,Bangalore,send,DEV244,0
TXN102915,USER4962,52630.56,2025-03-30 08:27:29,Hyderabad,self_transfer,DEV981,0
TXN102916,USER9727,199152.69,2025-02-06 06:17:29,Pune,send,DEV881,0
TXN102917,USER3426,20345.75,2025-02-12 03:55:29,Jaipur,send,DEV480,0
TXN102918,USER3868,112202.13,2025-03-28 20:11:29,Pune,merchant_payment,DEV335,0
TXN102919,USER6265,62144.57,2025-03-04 17:23:29,Pune,merchant_payment,DEV634,0
TXN102920,USER3455,93298.14,2025-01-09 07:33:29,Chennai,bill_payment,DEV336,0
TXN102921,USER3198,82022.02,2025-01-20 08:05:29,Kolkata,send,DEV453,0
TXN102922,USER7703,116063.23,2025-03-26 08:54:29,Jaipur,send,DEV100,0
TXN102923,USER8530,134063.12,2025-02-21 01:49:29,Bangalore,self_transfer,DEV451,1
TXN102924,USER6937,90763.53,2025-02-17 23:11:29,Ahmedabad,merchant_payment,DEV143,0
TXN102925,USER9705,38597.16,2025-03-02 13:42:29,Bangalore,self_transfer,DEV582,0
TXN102926,USER4713,156021.91,2025-02-14 14:16:29,Mumbai,send,DEV525,0
TXN102927,USER9418,65704.77,2025-03-24 14:28:29,Jaipur,self_transfer,DEV779,0
TXN102928,USER1245,102305.6,2025-03-19 02:51:29,Ahmedabad,self_transfer,DEV511,1
TXN102929,USER5518,187003.13,2025-02-14 06:52:29,Delhi,self_transfer,DEV737,0
TXN102930,USER4625,95539.58,2025-03-16 12:31:29,Pune,self_transfer,DEV407,0
TXN102931,USER1709,13436.82,2025-03-17 11:05:29,Jaipur,merchant_payment,DEV452,0
TXN102932,USER7716,7321.0,2025-03-15 07:41:29,Ahmedabad,bill_payment,DEV967,0
TXN102933,USER5369,157517.05,2025-01-14 10:11:29,Delhi,receive,DEV406,0
TXN102934,USER1655,169548.36,2025-01-27 08:05:29,Jaipur,merchant_payment,DEV595,0
TXN102935,USER2499,76713.95,2025-01-26 20:20:29,Delhi,self_transfer,DEV145,0
TXN102936,USER7009,99832.52,2025-01-16 01:22:29,Delhi,send,DEV272,0
TXN102937,USER2640,5421.98,2025-03-29 21:04:29,Chennai,bill_payment,DEV500,0
TXN102938,USER1683,54883.27,2025-02-05 08:54:29,Bangalore,send,DEV238,0
TXN102939,USER1465,68063.6,2025-01-08 10:18:29,Mumbai,send,DEV229,0
TXN102940,USER6262,185583.82,2025-02-06 11:27:29,Mumbai,receive,DEV264,0
TXN102941,USER6775,104155.95,2025-03-20 16:48:29,Delhi,self_transfer,DEV102,0
TXN102942,USER5362,121242.41,2025-03-10 13:58:29,Ahmedabad,self_transfer,DEV139,0
TXN102943,USER7938,183425.85,2025-03-16 16:37:29,Jaipur,receive,DEV444,0
TXN102944,USER1336,139005.85,2025-04-01 14:54:29,Pune,merchant_payment,DEV117,0
TXN102945,USER8613,157516.96,2025-01-27 08:27:29,Chennai,bill_payment,DEV369,0
TXN102946,USER3630,154726.44,2025-01-23 03:13:29,Pune,send,DEV360,1
TXN102947,USER4517,24813.64,2025-02-07 10:13:29,Ahmedabad,self_transfer,DEV722,0
TXN102948,USER8145,185442.92,2025-01-24 14:07:29,Jaipur,merchant_payment,DEV303,0
TXN102949,USER8938,119563.59,2025-03-13 20:10:29,Bangalore,send,DEV518,0
TXN102950,USER7197,23842.89,2025-03-10 12:01:29,Delhi,merchant_payment,DEV280,0
TXN102951,USER2611,69132.49,2025-03-11 06:19:29,Delhi,bill_payment,DEV318,0
TXN102952,USER6020,94515.86,2025-03-14 02:30:29,Delhi,merchant_payment,DEV734,0
TXN102953,USER4603,108171.74,2025-03-17 16:47:29,Bangalore,send,DEV586,0
TXN102954,USER3455,141463.74,2025-01-30 05:57:29,Mumbai,send,DEV664,0
TXN102955,USER5936,65543.08,2025-01-12 02:56:29,Ahmedabad,bill_payment,DEV326,0
TXN102956,USER5711,31393.14,2025-02-17 13:27:29,Pune,bill_payment,DEV797,0
TXN102957,USER9767,109786.05,2025-03-25 10:49:29,Chennai,send,DEV686,0
TXN102958,USER5465,90310.64,2025-03-19 20:07:29,Mumbai,merchant_payment,DEV116,0
TXN102959,USER2306,25553.6,2025-03-20 16:50:29,Chennai,merchant_payment,DEV913,0
TXN102960,USER1330,108766.59,2025-02-07 13:18:29,Pune,receive,DEV697,0
TXN102961,USER4037,78573.22,2025-03-07 23:07:29,Hyderabad,merchant_payment,DEV641,0
TXN102962,USER8073,111138.7,2025-01-29 02:23:29,Pune,send,DEV535,1
TXN102963,USER3636,107934.62,2025-03-28 20:03:29,Ahmedabad,send,DEV160,0
TXN102964,USER4496,7182.52,2025-01-30 02:13:29,Ahmedabad,merchant_payment,DEV767,0
TXN102965,USER3684,49274.95,2025-03-18 17:55:29,Bangalore,merchant_payment,DEV418,0
TXN102966,USER9167,83938.68,2025-03-26 23:54:29,Bangalore,receive,DEV160,0
TXN102967,USER6699,11961.76,2025-03-26 05:41:29,Kolkata,merchant_payment,DEV651,0
TXN102968,USER1284,10469.86,2025-01-14 05:00:29,Pune,bill_payment,DEV892,0
TXN102969,USER7553,95550.06,2025-02-26 00:48:29,Jaipur,receive,DEV703,0
TXN102970,USER9015,140986.9,2025-01-17 16:59:29,Pune,self_transfer,DEV100,0
TXN102971,USER2695,80517.54,2025-02-02 23:13:29,Chennai,send,DEV367,0
TXN102972,USER9686,61624.31,2025-02-16 11:13:29,Ahmedabad,bill_payment,DEV868,0
TXN102973,USER3977,63037.52,2025-02-21 11:40:29,Pune,receive,DEV206,0
TXN102974,USER3646,3398.09,2025-01-28 22:11:29,Bangalore,receive,DEV706,0
TXN102975,USER4277,152328.9,2025-02-12 20:44:29,Pune,send,DEV426,0
TXN102976,USER4340,147285.09,2025-02-23 06:48:29,Jaipur,merchant_payment,DEV526,0
TXN102977,USER3455,161778.95,2025-01-19 02:33:29,Mumbai,send,DEV197,1
TXN102978,USER5091,18653.44,2025-01-28 14:34:29,Chennai,merchant_payment,DEV339,0
TXN102979,USER6813,94437.13,2025-03-16 16:42:29,Bangalore,merchant_payment,DEV466,0
TXN102980,USER6819,134077.55,2025-03-16 05:10:29,Delhi,merchant_payment,DEV419,0
TXN102981,USER3962,130893.63,2025-03-01 09:28:29,Kolkata,merchant_payment,DEV306,0
TXN102982,USER9340,36839.52,2025-02-01 14:34:29,Chennai,bill_payment,DEV854,0
TXN102983,USER1774,178292.83,2025-03-29 11:39:29,Bangalore,bill_payment,DEV605,0
TXN102984,USER4918,148750.23,2025-01-11 00:02:29,Kolkata,bill_payment,DEV131,0
TXN102985,USER6973,199647.93,2025-01-06 23:22:29,Chennai,merchant_payment,DEV689,0
TXN102986,USER3974,49675.73,2025-03-10 22:14:29,Mumbai,self_transfer,DEV202,0
TXN102987,USER2056,47108.53,2025-02-07 17:18:29,Pune,self_transfer,DEV112,0
TXN102988,USER6860,59636.5,2025-01-11 22:55:29,Delhi,bill_payment,DEV498,0
TXN102989,USER5873,165532.2,2025-01-18 12:22:29,Delhi,self_transfer,DEV416,1
TXN102990,USER1457,31289.33,2025-01-26 10:46:29,Chennai,send,DEV470,0
TXN102991,USER5337,176502.93,2025-04-03 10:48:29,Jaipur,merchant_payment,DEV958,0
TXN102992,USER4911,93296.98,2025-01-16 23:57:29,Chennai,receive,DEV544,0
TXN102993,USER6975,109357.35,2025-03-18 04:18:29,Pune,merchant_payment,DEV991,0
TXN102994,USER9540,108318.07,2025-01-12 04:27:29,Mumbai,send,DEV255,0
TXN102995,USER9282,158988.62,2025-03-18 17:50:29,Bangalore,self_transfer,DEV153,0
TXN102996,USER9305,66362.65,2025-04-03 06:46:29,Pune,self_transfer,DEV990,0
TXN102997,USER3948,116895.64,2025-03-14 01:11:29,Pune,send,DEV380,1
TXN102998,USER3211,147619.89,2025-03-26 22:05:29,Ahmedabad,self_transfer,DEV405,0
TXN102999,USER1254,62572.57,2025-03-05 02:52:29,Ahmedabad,receive,DEV252,1
TXN103000,USER1404,51483.83,2025-01-24 17:05:29,Mumbai,bill_payment,DEV141,0
TXN103001,USER1704,75955.32,2025-01-17 19:52:29,Chennai,bill_payment,DEV403,0
TXN103002,USER3310,108657.86,2025-01-27 11:32:29,Kolkata,send,DEV388,0
TXN103003,USER1702,80832.92,2025-03-10 11:49:29,Kolkata,send,DEV950,0
TXN103004,USER6269,53396.33,2025-02-11 15:37:29,Hyderabad,receive,DEV886,0
TXN103005,USER1092,39703.86,2025-03-08 19:11:29,Kolkata,send,DEV657,0
TXN103006,USER9460,148861.51,2025-04-06 02:22:29,Mumbai,receive,DEV192,1
TXN103007,USER4922,179611.4,2025-02-25 05:20:29,Pune,receive,DEV144,0
TXN103008,USER2321,19732.97,2025-02-24 08:03:29,Kolkata,bill_payment,DEV461,0
TXN103009,USER8215,38452.19,2025-02-27 09:21:29,Kolkata,bill_payment,DEV463,0
TXN103010,USER9469,45408.29,2025-02-18 21:26:29,Chennai,bill_payment,DEV254,0
TXN103011,USER8695,192496.24,2025-02-03 00:42:29,Pune,merchant_payment,DEV206,0
TXN103012,USER6131,199123.16,2025-02-08 23:48:29,Chennai,send,DEV387,0
TXN103013,USER9402,92241.05,2025-02-19 00:51:29,Chennai,bill_payment,DEV126,0
TXN103014,USER2085,123365.81,2025-02-18 07:35:29,Delhi,self_transfer,DEV510,0
TXN103015,USER9032,54153.97,2025-03-06 03:07:29,Mumbai,send,DEV940,0
TXN103016,USER6669,60277.47,2025-01-22 05:51:29,Mumbai,receive,DEV482,0
TXN103017,USER1572,121391.47,2025-01-27 11:24:29,Kolkata,self_transfer,DEV241,0
TXN103018,USER5776,14010.91,2025-01-08 09:57:29,Hyderabad,self_transfer,DEV567,0
TXN103019,USER1924,6933.23,2025-02-10 11:24:29,Ahmedabad,receive,DEV482,0
TXN103020,USER7208,180722.38,2025-03-25 07:47:29,Bangalore,merchant_payment,DEV507,0
TXN103021,USER5539,127365.92,2025-01-12 06:11:29,Chennai,merchant_payment,DEV457,0
TXN103022,USER2690,47888.03,2025-02-15 03:06:29,Bangalore,send,DEV811,0
TXN103023,USER4998,137733.94,2025-01-14 18:20:29,Jaipur,receive,DEV119,0
TXN103024,USER7206,164532.72,2025-01-19 19:30:29,Pune,send,DEV335,0
TXN103025,USER6369,116680.77,2025-04-01 16:16:29,Chennai,merchant_payment,DEV678,0
TXN103026,USER2842,153639.78,2025-01-28 06:47:29,Mumbai,send,DEV865,0
TXN103027,USER3523,111265.66,2025-01-15 08:34:29,Kolkata,merchant_payment,DEV867,0
TXN103028,USER5981,39156.58,2025-03-10 22:40:29,Mumbai,bill_payment,DEV139,0
TXN103029,USER5690,131603.5,2025-01-31 22:01:29,Mumbai,send,DEV577,0
TXN103030,USER6416,185503.41,2025-03-03 06:58:29,Hyderabad,bill_payment,DEV613,0
TXN103031,USER2411,490.01,2025-04-02 01:34:29,Kolkata,send,DEV920,0
TXN103032,USER8450,112346.73,2025-04-07 04:54:29,Pune,receive,DEV442,0
TXN103033,USER5846,137377.34,2025-03-14 04:13:29,Bangalore,merchant_payment,DEV574,0
TXN103034,USER8371,21683.77,2025-02-13 07:25:29,Bangalore,bill_payment,DEV589,0
TXN103035,USER1473,85291.36,2025-03-28 10:00:29,Bangalore,bill_payment,DEV230,0
TXN103036,USER7937,99269.98,2025-02-07 17:48:29,Hyderabad,merchant_payment,DEV443,0
TXN103037,USER8318,128310.41,2025-02-14 23:39:29,Bangalore,receive,DEV647,0
TXN103038,USER2911,81817.67,2025-04-07 13:22:29,Bangalore,self_transfer,DEV229,0
TXN103039,USER5450,153833.67,2025-02-04 14:59:29,Delhi,merchant_payment,DEV996,0
TXN103040,USER5798,92839.55,2025-03-28 13:20:29,Bangalore,self_transfer,DEV162,0
TXN103041,USER7135,189464.37,2025-03-10 20:25:29,Jaipur,send,DEV187,0
TXN103042,USER2425,111608.23,2025-02-05 19:30:29,Pune,self_transfer,DEV922,0
TXN103043,USER6558,31747.47,2025-03-26 12:17:29,Delhi,bill_payment,DEV248,0
TXN103044,USER6789,165208.3,2025-04-02 22:59:29,Jaipur,receive,DEV703,0
TXN103045,USER6407,62434.72,2025-03-24 22:53:29,Ahmedabad,merchant_payment,DEV751,0
TXN103046,USER5199,95754.55,2025-02-19 01:05:29,Mumbai,bill_payment,DEV726,0
TXN103047,USER7631,199826.33,2025-03-09 13:56:29,Jaipur,self_transfer,DEV495,0
TXN103048,USER6672,52976.26,2025-01-22 20:58:29,Delhi,merchant_payment,DEV362,0
TXN103049,USER6740,191224.37,2025-02-06 12:35:29,Kolkata,self_transfer,DEV309,0
TXN103050,USER9715,44254.25,2025-04-01 18:26:29,Chennai,self_transfer,DEV592,0
TXN103051,USER2765,188773.27,2025-01-23 05:43:29,Jaipur,merchant_payment,DEV159,0
TXN103052,USER4731,165054.14,2025-02-22 12:02:29,Ahmedabad,merchant_payment,DEV625,0
TXN103053,USER4526,148716.1,2025-02-04 08:20:29,Ahmedabad,bill_payment,DEV373,0
TXN103054,USER1003,104888.87,2025-03-05 14:00:29,Bangalore,merchant_payment,DEV982,0
TXN103055,USER9459,168187.4,2025-02-02 20:58:29,Ahmedabad,bill_payment,DEV191,0
TXN103056,USER1065,38368.27,2025-02-16 11:48:29,Mumbai,send,DEV789,0
TXN103057,USER9422,76736.44,2025-03-04 05:51:29,Delhi,merchant_payment,DEV242,0
TXN103058,USER2791,167019.67,2025-03-07 05:52:29,Delhi,send,DEV486,0
TXN103059,USER7522,3367.8,2025-02-22 16:08:29,Bangalore,self_transfer,DEV425,0
TXN103060,USER6754,53065.47,2025-02-06 10:18:29,Kolkata,bill_payment,DEV175,0
TXN103061,USER2098,197808.16,2025-03-16 04:30:29,Hyderabad,send,DEV606,0
TXN103062,USER1733,176028.83,2025-03-09 15:40:29,Ahmedabad,bill_payment,DEV385,0
TXN103063,USER6079,136147.92,2025-03-31 23:40:29,Ahmedabad,receive,DEV432,0
TXN103064,USER2089,97967.44,2025-02-27 17:46:29,Ahmedabad,self_transfer,DEV159,0
TXN103065,USER7903,82243.84,2025-03-30 21:48:29,Delhi,self_transfer,DEV778,0
TXN103066,USER8890,185694.54,2025-02-14 20:39:29,Delhi,bill_payment,DEV843,0
TXN103067,USER2188,53023.94,2025-03-22 15:56:29,Hyderabad,bill_payment,DEV215,0
TXN103068,USER5264,70597.68,2025-01-21 14:34:29,Ahmedabad,receive,DEV194,0
TXN103069,USER5821,65046.32,2025-03-24 18:02:29,Jaipur,self_transfer,DEV473,0
TXN103070,USER9054,12394.29,2025-01-16 15:27:29,Mumbai,bill_payment,DEV586,0
TXN103071,USER6943,106487.8,2025-01-12 21:24:29,Jaipur,bill_payment,DEV245,0
TXN103072,USER7590,24322.01,2025-01-08 22:56:29,Ahmedabad,send,DEV212,0
TXN103073,USER9586,5922.57,2025-01-15 09:14:29,Chennai,self_transfer,DEV478,0
TXN103074,USER7715,87416.46,2025-01-22 01:41:29,Delhi,receive,DEV358,0
TXN103075,USER4308,146394.16,2025-01-10 20:46:29,Jaipur,self_transfer,DEV955,0
TXN103076,USER2211,136920.0,2025-02-21 10:22:29,Pune,bill_payment,DEV694,0
TXN103077,USER5887,123132.42,2025-02-04 17:41:29,Hyderabad,receive,DEV903,0
TXN103078,USER8489,76437.7,2025-01-20 23:53:29,Hyderabad,receive,DEV166,0
TXN103079,USER2594,119371.97,2025-03-21 15:22:29,Ahmedabad,receive,DEV276,0
TXN103080,USER2282,73750.06,2025-03-16 17:27:29,Bangalore,merchant_payment,DEV420,0
TXN103081,USER6661,4642.64,2025-02-12 22:03:29,Bangalore,receive,DEV452,0
TXN103082,USER3122,150186.92,2025-01-16 23:21:29,Delhi,send,DEV886,0
TXN103083,USER6571,165740.08,2025-03-28 07:37:29,Mumbai,send,DEV473,0
TXN103084,USER4495,172085.71,2025-02-05 11:33:29,Ahmedabad,receive,DEV868,0
TXN103085,USER4347,156752.58,2025-02-09 06:22:29,Mumbai,send,DEV148,0
TXN103086,USER1910,185743.34,2025-03-01 21:44:29,Jaipur,bill_payment,DEV571,0
TXN103087,USER5201,75341.81,2025-03-24 12:17:29,Kolkata,merchant_payment,DEV730,0
TXN103088,USER5941,6731.38,2025-01-19 20:17:29,Ahmedabad,bill_payment,DEV253,0
TXN103089,USER1039,152832.13,2025-03-28 19:35:29,Ahmedabad,send,DEV305,0
TXN103090,USER3483,177752.17,2025-01-27 05:40:29,Pune,self_transfer,DEV350,0
TXN103091,USER6902,76703.23,2025-01-15 20:26:29,Jaipur,self_transfer,DEV687,0
TXN103092,USER9104,112989.29,2025-03-04 00:23:29,Jaipur,merchant_payment,DEV759,0
TXN103093,USER5926,127501.88,2025-02-12 17:56:29,Delhi,bill_payment,DEV469,0
TXN103094,USER9976,119067.8,2025-03-19 01:13:29,Bangalore,send,DEV136,1
TXN103095,USER4739,93715.33,2025-03-03 02:04:29,Pune,receive,DEV210,0
TXN103096,USER7267,113950.81,2025-02-25 12:44:29,Jaipur,receive,DEV923,0
TXN103097,USER8195,171479.31,2025-02-13 12:18:29,Chennai,send,DEV504,0
TXN103098,USER2065,31617.93,2025-03-16 07:10:29,Jaipur,send,DEV272,0
TXN103099,USER7281,43087.13,2025-01-14 11:04:29,Jaipur,merchant_payment,DEV540,0
TXN103100,USER2046,163610.39,2025-01-12 02:55:29,Pune,receive,DEV627,1
TXN103101,USER9900,176886.68,2025-02-19 23:27:29,Kolkata,receive,DEV653,0
TXN103102,USER9243,123607.02,2025-03-29 07:41:29,Delhi,send,DEV721,0
TXN103103,USER9777,99335.32,2025-03-10 06:49:29,Hyderabad,send,DEV974,0
TXN103104,USER4822,6221.43,2025-03-31 08:59:29,Pune,merchant_payment,DEV500,0
TXN103105,USER3524,139428.33,2025-02-03 08:30:29,Kolkata,merchant_payment,DEV114,0
TXN103106,USER2958,184410.16,2025-02-28 09:18:29,Kolkata,self_transfer,DEV497,0
TXN103107,USER7402,13899.53,2025-03-30 18:21:29,Bangalore,bill_payment,DEV818,0
TXN103108,USER1233,125026.72,2025-01-18 19:08:29,Bangalore,merchant_payment,DEV663,0
TXN103109,USER5271,77359.61,2025-02-07 09:26:29,Hyderabad,receive,DEV910,0
TXN103110,USER4230,111582.93,2025-04-06 04:44:29,Jaipur,receive,DEV571,0
TXN103111,USER1277,97949.49,2025-02-08 20:46:29,Pune,self_transfer,DEV262,0
TXN103112,USER5449,91021.07,2025-04-07 11:28:29,Jaipur,send,DEV236,0
TXN103113,USER1653,184093.37,2025-02-24 11:34:29,Kolkata,bill_payment,DEV544,0
TXN103114,USER6503,142661.66,2025-01-18 04:42:29,Jaipur,send,DEV244,0
TXN103115,USER7788,122794.68,2025-02-09 19:48:29,Pune,receive,DEV718,0
TXN103116,USER1298,90208.9,2025-03-18 00:37:29,Chennai,self_transfer,DEV738,0
TXN103117,USER1403,33094.81,2025-03-12 05:17:29,Bangalore,self_transfer,DEV472,0
TXN103118,USER2422,44129.35,2025-02-22 12:11:29,Delhi,self_transfer,DEV346,0
TXN103119,USER1827,136903.94,2025-03-20 05:13:29,Chennai,merchant_payment,DEV293,0
TXN103120,USER9500,43675.33,2025-01-15 08:15:29,Bangalore,receive,DEV131,0
TXN103121,USER8657,66704.58,2025-04-02 12:30:29,Bangalore,bill_payment,DEV566,0
TXN103122,USER3581,13195.65,2025-01-22 17:09:29,Kolkata,self_transfer,DEV182,0
TXN103123,USER2993,113062.97,2025-03-06 04:45:29,Mumbai,merchant_payment,DEV934,0
TXN103124,USER4089,133695.31,2025-03-17 23:58:29,Jaipur,send,DEV869,0
TXN103125,USER8334,104595.3,2025-01-07 09:57:29,Bangalore,receive,DEV457,0
TXN103126,USER4941,2852.96,2025-03-18 06:44:29,Jaipur,bill_payment,DEV424,0
TXN103127,USER2749,49447.8,2025-02-03 19:24:29,Chennai,receive,DEV167,0
TXN103128,USER6376,181442.68,2025-03-06 09:02:29,Hyderabad,merchant_payment,DEV565,0
TXN103129,USER9761,172081.46,2025-03-21 13:42:29,Jaipur,send,DEV157,0
TXN103130,USER2457,80533.52,2025-03-05 10:10:29,Ahmedabad,bill_payment,DEV968,0
TXN103131,USER4237,142932.86,2025-02-09 23:00:29,Jaipur,bill_payment,DEV601,0
TXN103132,USER2978,36273.99,2025-03-17 03:14:29,Mumbai,bill_payment,DEV744,0
TXN103133,USER7584,149409.93,2025-03-28 06:27:29,Hyderabad,merchant_payment,DEV805,0
TXN103134,USER9491,176042.15,2025-03-15 13:52:29,Ahmedabad,send,DEV958,0
TXN103135,USER5330,177616.15,2025-02-03 23:15:29,Jaipur,receive,DEV559,0
TXN103136,USER1551,117766.65,2025-03-30 21:39:29,Hyderabad,receive,DEV262,0
TXN103137,USER8776,171080.9,2025-03-18 02:02:29,Bangalore,bill_payment,DEV990,1
TXN103138,USER1141,22372.89,2025-01-30 00:39:29,Mumbai,send,DEV397,0
TXN103139,USER7150,52622.09,2025-02-23 04:47:29,Ahmedabad,merchant_payment,DEV317,0
TXN103140,USER7220,181313.17,2025-01-09 10:06:29,Ahmedabad,merchant_payment,DEV174,0
TXN103141,USER6550,125875.53,2025-01-10 06:03:29,Mumbai,bill_payment,DEV595,0
TXN103142,USER9441,119889.8,2025-03-01 18:13:29,Jaipur,merchant_payment,DEV529,0
TXN103143,USER6905,179436.39,2025-01-21 15:24:29,Chennai,receive,DEV569,0
TXN103144,USER7393,181347.4,2025-01-09 08:35:29,Chennai,receive,DEV338,0
TXN103145,USER9204,177681.2,2025-03-18 18:21:29,Mumbai,bill_payment,DEV889,0
TXN103146,USER7645,135828.66,2025-03-01 19:05:29,Mumbai,self_transfer,DEV528,0
TXN103147,USER9770,120232.59,2025-04-05 06:33:29,Jaipur,self_transfer,DEV726,0
TXN103148,USER3704,38342.71,2025-02-21 23:46:29,Chennai,self_transfer,DEV983,0
TXN103149,USER5434,144892.86,2025-01-23 08:08:29,Hyderabad,receive,DEV642,0
TXN103150,USER7302,141773.04,2025-03-04 17:59:29,Hyderabad,receive,DEV225,0
TXN103151,USER2928,47400.41,2025-01-30 04:29:29,Chennai,bill_payment,DEV344,0
TXN103152,USER8741,79058.04,2025-02-18 19:58:29,Pune,receive,DEV221,0
TXN103153,USER5136,22080.39,2025-01-10 08:54:29,Chennai,receive,DEV689,0
TXN103154,USER1759,52186.59,2025-01-17 18:44:29,Jaipur,receive,DEV654,0
TXN103155,USER6486,53422.76,2025-01-08 03:34:29,Hyderabad,bill_payment,DEV919,0
TXN103156,USER1739,7921.95,2025-03-29 16:34:29,Ahmedabad,receive,DEV763,0
TXN103157,USER2408,85046.47,2025-02-15 20:58:29,Ahmedabad,merchant_payment,DEV786,0
TXN103158,USER4970,64027.95,2025-02-10 15:32:29,Pune,receive,DEV671,0
TXN103159,USER5401,41423.91,2025-03-09 14:10:29,Delhi,receive,DEV449,0
TXN103160,USER7255,77612.32,2025-02-05 14:42:29,Kolkata,merchant_payment,DEV351,0
TXN103161,USER1456,132685.65,2025-01-27 14:36:29,Bangalore,self_transfer,DEV799,0
TXN103162,USER5064,52108.41,2025-04-01 12:56:29,Delhi,send,DEV239,0
TXN103163,USER4246,74334.73,2025-02-07 11:40:29,Pune,send,DEV444,0
TXN103164,USER9357,93049.99,2025-01-24 23:41:29,Hyderabad,bill_payment,DEV699,0
TXN103165,USER4629,194040.92,2025-02-26 02:15:29,Ahmedabad,self_transfer,DEV766,1
TXN103166,USER5807,102274.49,2025-01-15 07:51:29,Hyderabad,receive,DEV285,0
TXN103167,USER6974,133434.68,2025-04-05 04:15:29,Jaipur,send,DEV464,0
TXN103168,USER1062,117586.9,2025-02-19 08:25:29,Bangalore,merchant_payment,DEV206,0
TXN103169,USER1990,164022.9,2025-02-28 01:37:29,Ahmedabad,self_transfer,DEV709,1
TXN103170,USER3432,14253.82,2025-01-18 18:05:29,Pune,bill_payment,DEV831,0
TXN103171,USER8814,6971.96,2025-02-19 06:43:29,Kolkata,self_transfer,DEV656,0
TXN103172,USER9016,127253.31,2025-01-30 01:32:29,Bangalore,send,DEV926,1
TXN103173,USER6596,99250.58,2025-03-05 20:43:29,Jaipur,bill_payment,DEV731,0
TXN103174,USER6132,118634.66,2025-03-20 20:37:29,Pune,self_transfer,DEV565,0
TXN103175,USER3134,121320.51,2025-02-12 21:46:29,Mumbai,merchant_payment,DEV609,0
TXN103176,USER2499,60610.5,2025-02-18 11:21:29,Delhi,send,DEV252,0
TXN103177,USER4518,10959.82,2025-03-29 02:30:29,Ahmedabad,merchant_payment,DEV535,0
TXN103178,USER9093,98475.9,2025-03-31 18:03:29,Delhi,receive,DEV161,0
TXN103179,USER8183,33792.01,2025-02-19 03:51:29,Chennai,send,DEV233,0
TXN103180,USER1945,177087.63,2025-01-25 19:40:29,Kolkata,bill_payment,DEV314,0
TXN103181,USER6326,77001.33,2025-03-27 00:16:29,Bangalore,receive,DEV124,0
TXN103182,USER4422,82009.2,2025-01-29 13:13:29,Chennai,receive,DEV232,0
TXN103183,USER8953,162776.1,2025-02-06 08:58:29,Hyderabad,self_transfer,DEV851,0
TXN103184,USER1459,130175.77,2025-03-08 17:16:29,Ahmedabad,merchant_payment,DEV935,0
TXN103185,USER9973,75898.39,2025-03-07 18:48:29,Hyderabad,self_transfer,DEV540,0
TXN103186,USER2495,186485.91,2025-02-10 11:44:29,Chennai,self_transfer,DEV564,0
TXN103187,USER6144,176411.89,2025-01-26 00:43:29,Mumbai,merchant_payment,DEV516,0
TXN103188,USER6384,41773.53,2025-02-03 12:30:29,Bangalore,send,DEV929,0
TXN103189,USER5020,5779.53,2025-03-08 18:03:29,Chennai,receive,DEV891,0
TXN103190,USER8265,186998.14,2025-03-17 11:08:29,Hyderabad,self_transfer,DEV653,0
TXN103191,USER7449,54558.68,2025-01-15 05:53:29,Ahmedabad,send,DEV228,0
TXN103192,USER3767,156914.59,2025-03-18 13:23:29,Chennai,send,DEV819,0
TXN103193,USER2988,124099.27,2025-03-19 14:42:29,Chennai,self_transfer,DEV993,0
TXN103194,USER3379,29499.69,2025-03-28 05:21:29,Jaipur,send,DEV321,0
TXN103195,USER9488,56638.96,2025-03-08 22:27:29,Hyderabad,merchant_payment,DEV280,0
TXN103196,USER4657,61375.37,2025-02-28 06:28:29,Kolkata,send,DEV147,0
TXN103197,USER1345,38071.55,2025-03-28 01:47:29,Chennai,merchant_payment,DEV166,0
TXN103198,USER3832,128924.0,2025-01-09 22:13:29,Bangalore,merchant_payment,DEV457,0
TXN103199,USER2738,164732.72,2025-03-06 01:32:29,Bangalore,merchant_payment,DEV119,1
TXN103200,USER3943,147349.91,2025-01-25 05:50:29,Mumbai,send,DEV690,0
TXN103201,USER8227,8482.37,2025-02-18 13:23:29,Jaipur,self_transfer,DEV472,0
TXN103202,USER2316,182177.05,2025-01-16 02:19:29,Chennai,bill_payment,DEV818,1
TXN103203,USER8739,47773.19,2025-01-09 20:40:29,Pune,self_transfer,DEV119,0
TXN103204,USER3903,96268.0,2025-01-09 04:31:29,Hyderabad,merchant_payment,DEV758,0
TXN103205,USER5341,22147.4,2025-03-17 19:41:29,Kolkata,self_transfer,DEV713,0
TXN103206,USER9704,62379.82,2025-03-30 03:43:29,Bangalore,receive,DEV951,0
TXN103207,USER7743,188458.83,2025-03-11 07:33:29,Ahmedabad,receive,DEV827,0
TXN103208,USER4899,133496.05,2025-04-03 00:01:29,Pune,self_transfer,DEV213,0
TXN103209,USER5257,41787.9,2025-01-18 05:20:29,Chennai,send,DEV327,0
TXN103210,USER5479,17462.21,2025-01-20 13:18:29,Delhi,bill_payment,DEV443,0
TXN103211,USER5577,80921.5,2025-04-06 05:03:29,Pune,merchant_payment,DEV132,0
TXN103212,USER6089,197111.9,2025-03-15 01:15:29,Hyderabad,bill_payment,DEV224,1
TXN103213,USER7742,191539.22,2025-02-22 09:35:29,Hyderabad,bill_payment,DEV121,0
TXN103214,USER1044,20099.77,2025-03-17 22:05:29,Kolkata,send,DEV135,0
TXN103215,USER9837,112841.99,2025-03-04 10:35:29,Jaipur,bill_payment,DEV179,0
TXN103216,USER5414,61031.52,2025-03-22 00:17:29,Ahmedabad,receive,DEV374,0
TXN103217,USER2745,18802.05,2025-01-24 04:14:29,Ahmedabad,bill_payment,DEV480,0
TXN103218,USER9674,844.11,2025-01-31 19:37:29,Mumbai,send,DEV660,0
TXN103219,USER1027,139946.47,2025-03-16 20:05:29,Pune,bill_payment,DEV306,0
TXN103220,USER7960,59967.89,2025-01-14 11:03:29,Delhi,self_transfer,DEV386,0
TXN103221,USER2400,191621.67,2025-03-28 02:40:29,Chennai,bill_payment,DEV272,1
TXN103222,USER9598,16962.99,2025-04-06 09:06:29,Ahmedabad,merchant_payment,DEV285,0
TXN103223,USER9986,173809.78,2025-02-11 04:26:29,Pune,bill_payment,DEV665,0
TXN103224,USER2857,125269.7,2025-02-14 22:23:29,Bangalore,bill_payment,DEV408,0
TXN103225,USER1916,145121.76,2025-03-07 18:55:29,Bangalore,merchant_payment,DEV201,0
TXN103226,USER4879,68006.16,2025-03-21 19:28:29,Delhi,receive,DEV831,0
TXN103227,USER9803,85189.19,2025-02-19 20:51:29,Kolkata,bill_payment,DEV175,0
TXN103228,USER3671,185643.77,2025-03-24 12:21:29,Mumbai,self_transfer,DEV538,0
TXN103229,USER9661,70775.66,2025-01-25 01:00:29,Delhi,receive,DEV879,0
TXN103230,USER8133,194001.01,2025-03-25 11:27:29,Hyderabad,self_transfer,DEV295,0
TXN103231,USER1453,150286.15,2025-01-18 13:07:29,Mumbai,merchant_payment,DEV309,0
TXN103232,USER9477,16117.34,2025-03-02 03:54:29,Hyderabad,merchant_payment,DEV862,0
TXN103233,USER9967,83569.0,2025-01-14 02:24:29,Kolkata,merchant_payment,DEV982,0
TXN103234,USER1579,19821.04,2025-02-28 02:26:29,Chennai,merchant_payment,DEV433,0
TXN103235,USER3519,95020.08,2025-03-02 00:54:29,Bangalore,receive,DEV665,0
TXN103236,USER8684,36304.99,2025-03-26 15:09:29,Hyderabad,bill_payment,DEV471,0
TXN103237,USER1974,174931.74,2025-03-07 01:52:29,Kolkata,send,DEV782,1
TXN103238,USER7286,158591.27,2025-01-15 23:01:29,Jaipur,bill_payment,DEV538,0
TXN103239,USER8754,199160.62,2025-02-10 23:03:29,Delhi,bill_payment,DEV795,0
TXN103240,USER6476,66566.67,2025-02-11 12:12:29,Ahmedabad,bill_payment,DEV329,0
TXN103241,USER2883,25347.14,2025-02-08 12:27:29,Delhi,receive,DEV260,0
TXN103242,USER6057,103651.35,2025-01-27 02:01:29,Chennai,send,DEV557,1
TXN103243,USER9513,6706.87,2025-03-01 23:23:29,Delhi,receive,DEV885,0
TXN103244,USER3904,83998.82,2025-01-27 11:36:29,Ahmedabad,bill_payment,DEV829,0
TXN103245,USER8177,157459.99,2025-03-01 18:52:29,Bangalore,self_transfer,DEV965,0
TXN103246,USER8840,158405.9,2025-04-05 18:46:29,Bangalore,self_transfer,DEV294,0
TXN103247,USER8664,197341.74,2025-03-24 06:18:29,Chennai,send,DEV568,0
TXN103248,USER5271,119108.07,2025-02-11 12:12:29,Kolkata,self_transfer,DEV937,0
TXN103249,USER9638,125148.13,2025-02-15 01:51:29,Bangalore,self_transfer,DEV994,1
TXN103250,USER5382,61653.23,2025-02-22 04:40:29,Jaipur,merchant_payment,DEV404,0
TXN103251,USER9181,95680.4,2025-04-07 08:48:29,Jaipur,self_transfer,DEV600,0
TXN103252,USER7891,88500.65,2025-01-29 00:26:29,Pune,send,DEV935,0
TXN103253,USER9908,123561.86,2025-01-15 01:33:29,Delhi,bill_payment,DEV353,1
TXN103254,USER8757,90893.28,2025-02-24 23:59:29,Bangalore,merchant_payment,DEV138,0
TXN103255,USER7977,139157.27,2025-04-04 14:15:29,Jaipur,receive,DEV254,0
TXN103256,USER9313,93388.99,2025-03-25 04:22:29,Ahmedabad,receive,DEV898,0
TXN103257,USER3755,66358.91,2025-03-20 02:33:29,Chennai,send,DEV626,0
TXN103258,USER8616,89450.23,2025-04-02 07:51:29,Pune,send,DEV474,0
TXN103259,USER3768,198306.22,2025-03-10 00:05:29,Kolkata,send,DEV958,0
TXN103260,USER5793,36852.11,2025-01-28 11:34:29,Mumbai,send,DEV246,0
TXN103261,USER7831,158241.68,2025-01-21 13:33:29,Bangalore,send,DEV534,0
TXN103262,USER2427,153242.3,2025-02-18 11:13:29,Jaipur,receive,DEV997,0
TXN103263,USER1753,142169.21,2025-03-06 07:14:29,Ahmedabad,receive,DEV233,0
TXN103264,USER4042,154997.27,2025-01-22 16:14:29,Kolkata,bill_payment,DEV807,0
TXN103265,USER1794,87326.27,2025-01-06 22:02:29,Delhi,receive,DEV685,0
TXN103266,USER7199,121440.48,2025-04-06 07:01:29,Chennai,self_transfer,DEV343,0
TXN103267,USER3173,31967.82,2025-01-16 08:09:29,Mumbai,merchant_payment,DEV692,0
TXN103268,USER1247,135949.32,2025-02-02 09:07:29,Hyderabad,bill_payment,DEV318,0
TXN103269,USER7796,162956.61,2025-02-12 03:31:29,Bangalore,merchant_payment,DEV963,1
TXN103270,USER5323,155993.5,2025-03-21 21:12:29,Kolkata,bill_payment,DEV425,1
TXN103271,USER6458,156244.22,2025-01-29 04:01:29,Delhi,bill_payment,DEV106,0
TXN103272,USER2932,193970.94,2025-02-05 02:36:29,Delhi,bill_payment,DEV471,1
TXN103273,USER6804,56039.53,2025-03-03 20:25:29,Hyderabad,send,DEV769,0
TXN103274,USER6671,79857.69,2025-02-18 05:55:29,Kolkata,send,DEV900,0
TXN103275,USER9276,21093.28,2025-03-25 19:03:29,Pune,send,DEV926,0
TXN103276,USER4090,24637.59,2025-04-05 10:11:29,Jaipur,bill_payment,DEV154,0
TXN103277,USER4307,145296.56,2025-02-17 16:11:29,Mumbai,send,DEV820,0
TXN103278,USER3474,160845.68,2025-02-11 11:25:29,Chennai,receive,DEV534,0
TXN103279,USER9096,188073.48,2025-02-24 01:38:29,Delhi,bill_payment,DEV637,1
TXN103280,USER5023,95315.18,2025-03-26 02:36:29,Bangalore,self_transfer,DEV770,0
TXN103281,USER9167,13363.66,2025-03-16 01:10:29,Delhi,self_transfer,DEV851,0
TXN103282,USER7457,138211.83,2025-02-01 04:45:29,Ahmedabad,self_transfer,DEV787,0
TXN103283,USER5813,115538.27,2025-02-17 21:11:29,Jaipur,send,DEV254,0
TXN103284,USER5388,154191.08,2025-04-02 08:59:29,Delhi,send,DEV103,0
TXN103285,USER2017,67263.46,2025-01-08 05:55:29,Jaipur,receive,DEV160,0
TXN103286,USER8068,198900.57,2025-03-13 19:44:29,Delhi,self_transfer,DEV968,0
TXN103287,USER9858,16230.14,2025-01-18 22:55:29,Kolkata,receive,DEV222,0
TXN103288,USER1174,3715.03,2025-03-12 20:37:29,Mumbai,bill_payment,DEV793,0
TXN103289,USER1522,165131.19,2025-01-20 21:16:29,Delhi,merchant_payment,DEV545,0
TXN103290,USER6866,145641.49,2025-03-07 19:09:29,Kolkata,merchant_payment,DEV838,0
TXN103291,USER4148,132505.02,2025-01-24 09:56:29,Delhi,merchant_payment,DEV530,0
TXN103292,USER1669,103302.48,2025-02-05 02:39:29,Jaipur,merchant_payment,DEV817,1
TXN103293,USER7537,159512.42,2025-02-04 19:44:29,Jaipur,receive,DEV687,0
TXN103294,USER2299,167074.25,2025-01-29 07:42:29,Pune,self_transfer,DEV996,0
TXN103295,USER6750,138769.74,2025-02-09 20:24:29,Delhi,self_transfer,DEV810,0
TXN103296,USER9675,6607.55,2025-03-28 10:53:29,Hyderabad,merchant_payment,DEV156,0
TXN103297,USER1003,63712.58,2025-02-03 10:04:29,Chennai,merchant_payment,DEV433,0
TXN103298,USER9989,11697.73,2025-01-26 09:22:29,Kolkata,receive,DEV608,0
TXN103299,USER8315,110612.21,2025-03-04 07:30:29,Ahmedabad,self_transfer,DEV691,0
TXN103300,USER2359,49291.42,2025-03-31 23:16:29,Ahmedabad,self_transfer,DEV806,0
TXN103301,USER4336,180329.09,2025-03-13 00:35:29,Jaipur,self_transfer,DEV131,0
TXN103302,USER3404,17135.14,2025-04-03 08:51:29,Kolkata,send,DEV801,0
TXN103303,USER8093,168373.75,2025-02-04 07:17:29,Bangalore,send,DEV314,0
TXN103304,USER2728,184248.44,2025-04-05 02:23:29,Kolkata,bill_payment,DEV373,1
TXN103305,USER8301,43893.49,2025-01-24 17:11:29,Pune,bill_payment,DEV835,0
TXN103306,USER7416,58735.86,2025-03-18 17:19:29,Bangalore,self_transfer,DEV532,0
TXN103307,USER6285,168744.87,2025-02-23 18:14:29,Kolkata,merchant_payment,DEV977,0
TXN103308,USER8150,51445.34,2025-03-27 04:25:29,Bangalore,merchant_payment,DEV211,0
TXN103309,USER4376,184967.24,2025-04-02 08:39:29,Delhi,send,DEV872,0
TXN103310,USER6302,52193.53,2025-01-25 07:27:29,Mumbai,merchant_payment,DEV484,0
TXN103311,USER5166,74772.51,2025-02-21 23:26:29,Pune,receive,DEV813,0
TXN103312,USER8022,183364.98,2025-03-23 12:22:29,Delhi,self_transfer,DEV365,0
TXN103313,USER4252,433.32,2025-03-05 08:03:29,Bangalore,self_transfer,DEV135,0
TXN103314,USER1844,195915.85,2025-03-18 22:44:29,Chennai,receive,DEV755,0
TXN103315,USER1198,4712.42,2025-03-29 17:54:29,Mumbai,self_transfer,DEV453,0
TXN103316,USER2597,180570.33,2025-04-07 02:29:29,Pune,send,DEV849,1
TXN103317,USER2885,79280.61,2025-02-24 14:55:29,Chennai,receive,DEV968,0
TXN103318,USER9345,134717.8,2025-03-04 21:52:29,Jaipur,merchant_payment,DEV602,0
TXN103319,USER5718,67314.57,2025-02-05 10:00:29,Jaipur,receive,DEV886,0
TXN103320,USER3821,117481.42,2025-03-13 13:04:29,Hyderabad,bill_payment,DEV236,0
TXN103321,USER3915,9791.43,2025-02-08 23:35:29,Kolkata,merchant_payment,DEV911,0
TXN103322,USER7742,69314.74,2025-01-17 08:30:29,Ahmedabad,merchant_payment,DEV561,0
TXN103323,USER4897,54632.01,2025-01-08 15:58:29,Jaipur,send,DEV460,0
TXN103324,USER7784,122256.03,2025-01-30 04:20:29,Jaipur,receive,DEV567,0
TXN103325,USER9951,157853.69,2025-01-29 15:26:29,Jaipur,send,DEV403,0
TXN103326,USER1362,141672.14,2025-04-05 12:32:29,Jaipur,merchant_payment,DEV502,0
TXN103327,USER4067,180338.78,2025-04-03 15:54:29,Delhi,bill_payment,DEV828,0
TXN103328,USER1905,161603.79,2025-02-28 06:53:29,Hyderabad,bill_payment,DEV815,0
TXN103329,USER6354,37609.2,2025-02-13 09:17:29,Chennai,merchant_payment,DEV581,0
TXN103330,USER7943,42635.36,2025-02-22 05:09:29,Delhi,send,DEV619,0
TXN103331,USER2758,47729.25,2025-02-24 16:38:29,Kolkata,receive,DEV908,0
TXN103332,USER3262,187710.53,2025-03-20 11:01:29,Bangalore,self_transfer,DEV934,0
TXN103333,USER6401,8997.49,2025-01-11 23:50:29,Mumbai,receive,DEV260,0
TXN103334,USER8610,12817.69,2025-01-29 01:11:29,Bangalore,receive,DEV460,0
TXN103335,USER4854,26977.16,2025-04-04 12:18:29,Bangalore,merchant_payment,DEV614,0
TXN103336,USER8645,127913.16,2025-03-24 18:54:29,Hyderabad,self_transfer,DEV962,0
TXN103337,USER8028,128002.42,2025-01-14 12:35:29,Pune,receive,DEV373,0
TXN103338,USER8490,58760.17,2025-02-03 14:27:29,Kolkata,send,DEV748,0
TXN103339,USER2342,35070.16,2025-03-28 16:54:29,Pune,self_transfer,DEV861,0
TXN103340,USER4338,21705.03,2025-04-03 21:11:29,Bangalore,receive,DEV179,0
TXN103341,USER1435,62758.02,2025-03-13 11:26:29,Hyderabad,merchant_payment,DEV342,0
TXN103342,USER4911,65693.69,2025-01-17 06:02:29,Ahmedabad,merchant_payment,DEV855,0
TXN103343,USER9740,68894.07,2025-03-07 15:07:29,Pune,merchant_payment,DEV596,0
TXN103344,USER3006,156976.56,2025-01-07 13:14:29,Kolkata,send,DEV610,0
TXN103345,USER4664,70585.04,2025-02-24 06:50:29,Mumbai,receive,DEV372,0
TXN103346,USER4984,199190.38,2025-01-28 15:53:29,Hyderabad,merchant_payment,DEV660,0
TXN103347,USER8793,41956.37,2025-02-03 13:01:29,Ahmedabad,merchant_payment,DEV535,0
TXN103348,USER9204,107863.88,2025-01-29 16:42:29,Mumbai,send,DEV277,0
TXN103349,USER8353,84290.23,2025-03-02 14:18:29,Mumbai,merchant_payment,DEV715,0
TXN103350,USER5925,81939.68,2025-03-12 22:22:29,Hyderabad,bill_payment,DEV668,0
TXN103351,USER7884,199355.41,2025-04-01 01:00:29,Chennai,send,DEV892,1
TXN103352,USER9582,8897.21,2025-01-17 14:28:29,Chennai,bill_payment,DEV467,0
TXN103353,USER2907,78788.23,2025-04-05 17:34:29,Delhi,bill_payment,DEV138,0
TXN103354,USER2845,31319.78,2025-02-01 10:09:29,Delhi,merchant_payment,DEV662,0
TXN103355,USER5819,75860.58,2025-03-15 01:40:29,Hyderabad,bill_payment,DEV546,0
TXN103356,USER6480,32620.85,2025-02-28 08:01:29,Hyderabad,merchant_payment,DEV897,0
TXN103357,USER8048,124926.74,2025-02-01 10:21:29,Chennai,self_transfer,DEV732,0
TXN103358,USER5633,64846.34,2025-01-19 03:19:29,Hyderabad,self_transfer,DEV726,0
TXN103359,USER2510,20300.16,2025-01-29 17:10:29,Hyderabad,send,DEV348,0
TXN103360,USER1655,108577.33,2025-02-15 05:02:29,Delhi,send,DEV650,0
TXN103361,USER1770,100733.94,2025-03-07 19:21:29,Delhi,bill_payment,DEV438,0
TXN103362,USER9175,158273.94,2025-02-04 20:42:29,Mumbai,send,DEV401,0
TXN103363,USER4939,154883.0,2025-02-11 19:48:29,Chennai,receive,DEV479,0
TXN103364,USER2949,55610.74,2025-02-07 06:18:29,Jaipur,send,DEV932,0
TXN103365,USER5598,106319.81,2025-03-23 10:00:29,Mumbai,send,DEV637,0
TXN103366,USER6247,186922.19,2025-03-14 09:01:29,Bangalore,receive,DEV222,0
TXN103367,USER6726,179218.55,2025-02-17 06:54:29,Bangalore,self_transfer,DEV316,0
TXN103368,USER3093,51613.68,2025-01-25 05:11:29,Kolkata,merchant_payment,DEV205,0
TXN103369,USER2769,45928.96,2025-03-03 05:41:29,Mumbai,receive,DEV218,0
TXN103370,USER9966,172033.67,2025-02-28 10:26:29,Pune,merchant_payment,DEV824,0
TXN103371,USER7393,10851.65,2025-02-11 03:47:29,Ahmedabad,receive,DEV814,0
TXN103372,USER4422,46047.12,2025-02-01 17:14:29,Kolkata,bill_payment,DEV342,0
TXN103373,USER8866,148636.84,2025-01-30 07:03:29,Mumbai,merchant_payment,DEV892,0
TXN103374,USER2450,166175.79,2025-02-23 03:35:29,Chennai,self_transfer,DEV696,1
TXN103375,USER3345,179957.89,2025-02-28 08:27:29,Chennai,receive,DEV237,0
TXN103376,USER5162,16062.28,2025-03-05 21:40:29,Delhi,send,DEV666,0
TXN103377,USER2622,101115.52,2025-01-11 11:46:29,Ahmedabad,send,DEV158,0
TXN103378,USER9871,105112.0,2025-04-04 07:11:29,Bangalore,self_transfer,DEV670,0
TXN103379,USER6350,56920.7,2025-03-01 15:08:29,Jaipur,receive,DEV701,0
TXN103380,USER3397,142579.96,2025-01-31 09:12:29,Ahmedabad,merchant_payment,DEV844,0
TXN103381,USER2191,125394.03,2025-03-10 09:33:29,Kolkata,bill_payment,DEV667,0
TXN103382,USER2387,7483.47,2025-01-31 09:15:29,Kolkata,merchant_payment,DEV214,0
TXN103383,USER1641,186485.7,2025-01-13 23:33:29,Jaipur,bill_payment,DEV660,0
TXN103384,USER2755,20828.02,2025-02-09 09:43:29,Delhi,receive,DEV401,0
TXN103385,USER7305,36912.65,2025-01-18 09:19:29,Ahmedabad,send,DEV939,0
TXN103386,USER2488,178892.86,2025-03-12 21:59:29,Chennai,self_transfer,DEV820,0
TXN103387,USER3145,38328.99,2025-03-09 22:26:29,Jaipur,self_transfer,DEV277,0
TXN103388,USER7456,88443.09,2025-01-21 07:10:29,Mumbai,receive,DEV580,0
TXN103389,USER1862,48144.12,2025-02-19 05:02:29,Jaipur,receive,DEV275,0
TXN103390,USER3870,167025.76,2025-01-31 08:26:29,Delhi,receive,DEV450,0
TXN103391,USER2730,118256.03,2025-03-09 02:31:29,Bangalore,merchant_payment,DEV376,1
TXN103392,USER3906,13555.19,2025-01-31 08:40:29,Jaipur,self_transfer,DEV323,0
TXN103393,USER8174,25647.09,2025-02-24 16:59:29,Delhi,bill_payment,DEV262,0
TXN103394,USER9048,148566.93,2025-02-11 23:12:29,Chennai,send,DEV419,0
TXN103395,USER7378,62410.53,2025-02-11 13:42:29,Kolkata,merchant_payment,DEV980,0
TXN103396,USER5574,126601.24,2025-02-03 16:05:29,Hyderabad,merchant_payment,DEV712,0
TXN103397,USER6897,149490.96,2025-01-28 20:20:29,Jaipur,send,DEV554,0
TXN103398,USER9323,155928.8,2025-01-19 05:49:29,Bangalore,bill_payment,DEV623,0
TXN103399,USER1325,181471.34,2025-01-25 12:10:29,Bangalore,bill_payment,DEV957,0
TXN103400,USER6218,61926.31,2025-01-08 23:41:29,Jaipur,self_transfer,DEV811,0
TXN103401,USER2031,31793.97,2025-01-17 16:00:29,Delhi,receive,DEV614,0
TXN103402,USER4388,27229.02,2025-01-13 08:35:29,Mumbai,send,DEV543,0
TXN103403,USER6627,64257.38,2025-02-08 20:49:29,Kolkata,bill_payment,DEV257,0
TXN103404,USER8915,81734.11,2025-03-16 06:17:29,Kolkata,bill_payment,DEV522,0
TXN103405,USER1553,79798.69,2025-01-26 01:53:29,Kolkata,self_transfer,DEV259,0
TXN103406,USER7232,98924.78,2025-02-23 18:28:29,Mumbai,self_transfer,DEV770,0
TXN103407,USER2451,191092.02,2025-03-22 08:16:29,Jaipur,bill_payment,DEV190,0
TXN103408,USER7017,102910.92,2025-03-04 17:04:29,Chennai,send,DEV639,0
TXN103409,USER6394,70036.51,2025-03-31 10:15:29,Bangalore,bill_payment,DEV194,0
TXN103410,USER5784,135047.41,2025-03-03 04:22:29,Mumbai,bill_payment,DEV396,0
TXN103411,USER2840,165389.25,2025-03-23 19:53:29,Delhi,merchant_payment,DEV609,0
TXN103412,USER1250,198442.81,2025-03-16 16:41:29,Jaipur,self_transfer,DEV272,0
TXN103413,USER5497,64141.9,2025-03-19 17:34:29,Mumbai,receive,DEV956,0
TXN103414,USER5700,96537.53,2025-01-22 07:36:29,Kolkata,self_transfer,DEV536,1
TXN103415,USER1598,198661.65,2025-04-04 05:56:29,Ahmedabad,send,DEV300,0
TXN103416,USER9526,67592.21,2025-03-19 08:25:29,Jaipur,bill_payment,DEV696,0
TXN103417,USER2850,125464.62,2025-03-24 07:53:29,Jaipur,merchant_payment,DEV145,0
TXN103418,USER6869,91985.36,2025-02-08 08:07:29,Chennai,receive,DEV363,0
TXN103419,USER7867,24762.75,2025-03-04 21:31:29,Pune,merchant_payment,DEV225,0
TXN103420,USER6695,189892.83,2025-03-17 14:16:29,Ahmedabad,bill_payment,DEV505,0
TXN103421,USER3600,168432.81,2025-03-11 10:34:29,Hyderabad,send,DEV210,0
TXN103422,USER8411,9841.01,2025-01-13 00:12:29,Hyderabad,receive,DEV505,0
TXN103423,USER1039,109551.84,2025-02-03 17:16:29,Delhi,bill_payment,DEV600,0
TXN103424,USER5309,34557.81,2025-01-10 08:01:29,Jaipur,self_transfer,DEV569,0
TXN103425,USER2776,186875.76,2025-02-18 07:55:29,Ahmedabad,send,DEV622,0
TXN103426,USER1931,139590.54,2025-02-15 05:28:29,Pune,self_transfer,DEV415,0
TXN103427,USER9851,178873.27,2025-03-05 18:28:29,Chennai,self_transfer,DEV425,0
TXN103428,USER9445,118576.82,2025-03-07 22:22:29,Pune,send,DEV447,0
TXN103429,USER7153,190795.74,2025-01-23 17:42:29,Mumbai,receive,DEV311,0
TXN103430,USER2264,559.12,2025-03-30 08:10:29,Kolkata,self_transfer,DEV439,0
TXN103431,USER2691,30617.88,2025-03-16 09:20:29,Ahmedabad,send,DEV446,0
TXN103432,USER1299,115796.59,2025-02-20 10:30:29,Pune,receive,DEV582,0
TXN103433,USER9526,88625.06,2025-04-05 07:05:29,Kolkata,bill_payment,DEV932,0
TXN103434,USER7373,99538.53,2025-02-23 09:47:29,Jaipur,self_transfer,DEV150,0
TXN103435,USER8310,97942.58,2025-04-02 18:00:29,Chennai,receive,DEV741,0
TXN103436,USER6650,136094.27,2025-03-28 00:37:29,Bangalore,bill_payment,DEV960,0
TXN103437,USER5672,47851.43,2025-03-08 03:58:29,Ahmedabad,merchant_payment,DEV210,0
TXN103438,USER3909,103841.15,2025-01-22 19:33:29,Jaipur,send,DEV477,0
TXN103439,USER8660,144412.42,2025-03-23 14:34:29,Kolkata,merchant_payment,DEV753,0
TXN103440,USER8602,80230.1,2025-01-23 12:06:29,Delhi,receive,DEV676,0
TXN103441,USER9425,24055.09,2025-03-27 19:38:29,Kolkata,merchant_payment,DEV725,0
TXN103442,USER7479,185775.94,2025-02-16 15:48:29,Pune,self_transfer,DEV310,0
TXN103443,USER4279,139359.74,2025-03-16 18:26:29,Pune,bill_payment,DEV915,0
TXN103444,USER5556,116892.39,2025-03-19 00:48:29,Ahmedabad,merchant_payment,DEV813,0
TXN103445,USER8736,136568.67,2025-04-04 05:37:29,Bangalore,self_transfer,DEV975,0
TXN103446,USER9511,6004.36,2025-03-14 20:55:29,Kolkata,send,DEV549,0
TXN103447,USER3328,127855.23,2025-03-20 02:45:29,Chennai,self_transfer,DEV311,1
TXN103448,USER2230,55835.58,2025-04-02 03:09:29,Pune,bill_payment,DEV946,0
TXN103449,USER3518,46427.5,2025-02-18 10:51:29,Chennai,send,DEV258,0
TXN103450,USER2521,2900.34,2025-04-07 06:07:29,Bangalore,send,DEV405,0
TXN103451,USER6392,185929.3,2025-02-15 03:01:29,Hyderabad,receive,DEV380,1
TXN103452,USER5246,37573.33,2025-01-13 22:06:29,Jaipur,self_transfer,DEV459,0
TXN103453,USER8362,120905.84,2025-01-14 10:46:29,Hyderabad,merchant_payment,DEV879,0
TXN103454,USER8515,179113.24,2025-01-15 08:10:29,Kolkata,merchant_payment,DEV453,0
TXN103455,USER7160,150260.76,2025-04-06 16:17:29,Ahmedabad,bill_payment,DEV867,0
TXN103456,USER2920,64375.81,2025-01-27 03:40:29,Ahmedabad,receive,DEV624,0
TXN103457,USER4809,188305.69,2025-01-19 16:56:29,Hyderabad,merchant_payment,DEV386,0
TXN103458,USER5634,31549.88,2025-03-06 03:20:29,Kolkata,merchant_payment,DEV823,0
TXN103459,USER1410,134102.16,2025-01-12 02:03:29,Bangalore,bill_payment,DEV681,1
TXN103460,USER4459,166818.91,2025-03-09 10:52:29,Mumbai,send,DEV472,0
TXN103461,USER3993,148269.63,2025-02-18 15:59:29,Delhi,send,DEV545,0
TXN103462,USER5374,172905.87,2025-03-24 05:59:29,Kolkata,self_transfer,DEV486,0
TXN103463,USER7768,175313.68,2025-01-12 14:15:29,Delhi,bill_payment,DEV301,0
TXN103464,USER6861,64227.68,2025-01-22 16:50:29,Ahmedabad,bill_payment,DEV269,0
TXN103465,USER5504,183385.19,2025-03-23 01:44:29,Kolkata,send,DEV561,1
TXN103466,USER6051,112068.15,2025-01-20 15:34:29,Hyderabad,send,DEV481,0
TXN103467,USER1314,181542.7,2025-03-24 22:57:29,Chennai,send,DEV995,0
TXN103468,USER7024,93247.27,2025-02-16 20:43:29,Hyderabad,merchant_payment,DEV508,0
TXN103469,USER9450,166123.4,2025-03-14 08:14:29,Bangalore,receive,DEV646,0
TXN103470,USER2008,5278.86,2025-02-26 22:03:29,Ahmedabad,send,DEV608,0
TXN103471,USER9323,123825.4,2025-03-05 05:19:29,Bangalore,send,DEV132,0
TXN103472,USER6004,109897.09,2025-02-01 05:39:29,Ahmedabad,bill_payment,DEV825,0
TXN103473,USER2188,12252.41,2025-01-08 20:10:29,Jaipur,send,DEV420,0
TXN103474,USER8419,137620.3,2025-02-14 22:55:29,Pune,send,DEV720,0
TXN103475,USER3113,121272.02,2025-01-17 21:55:29,Hyderabad,self_transfer,DEV900,0
TXN103476,USER7656,88694.79,2025-03-15 01:45:29,Bangalore,receive,DEV856,0
TXN103477,USER4875,36535.67,2025-03-25 04:30:29,Delhi,send,DEV227,0
TXN103478,USER8532,189253.14,2025-01-28 23:11:29,Bangalore,send,DEV733,0
TXN103479,USER9668,162739.65,2025-02-01 06:18:29,Bangalore,merchant_payment,DEV844,0
TXN103480,USER9160,83092.67,2025-03-17 01:35:29,Jaipur,bill_payment,DEV480,0
TXN103481,USER3877,112362.57,2025-03-10 19:35:29,Pune,self_transfer,DEV169,0
TXN103482,USER4749,99125.63,2025-01-30 11:50:29,Pune,merchant_payment,DEV448,0
TXN103483,USER7079,178956.82,2025-01-24 19:06:29,Ahmedabad,bill_payment,DEV785,0
TXN103484,USER1733,164738.42,2025-02-08 13:22:29,Jaipur,receive,DEV372,0
TXN103485,USER8062,34468.66,2025-03-26 16:42:29,Kolkata,bill_payment,DEV742,0
TXN103486,USER2250,11273.81,2025-02-28 09:16:29,Hyderabad,merchant_payment,DEV669,0
TXN103487,USER4640,122674.74,2025-03-04 17:16:29,Chennai,receive,DEV438,0
TXN103488,USER2699,156569.08,2025-02-17 09:40:29,Delhi,receive,DEV844,0
TXN103489,USER6751,88803.74,2025-02-03 17:26:29,Chennai,merchant_payment,DEV749,0
TXN103490,USER5540,60771.97,2025-01-12 12:55:29,Kolkata,self_transfer,DEV932,0
TXN103491,USER1363,124349.19,2025-03-06 01:11:29,Hyderabad,bill_payment,DEV466,1
TXN103492,USER5789,57669.77,2025-02-14 10:43:29,Delhi,receive,DEV550,0
TXN103493,USER2437,83589.86,2025-02-09 04:26:29,Delhi,receive,DEV858,1
TXN103494,USER1790,20754.1,2025-02-06 12:23:29,Mumbai,self_transfer,DEV252,0
TXN103495,USER3024,153330.18,2025-01-11 11:55:29,Ahmedabad,bill_payment,DEV820,0
TXN103496,USER1720,72941.19,2025-02-27 03:50:29,Jaipur,send,DEV140,0
TXN103497,USER5360,158325.18,2025-03-18 19:58:29,Hyderabad,self_transfer,DEV643,0
TXN103498,USER9403,34915.19,2025-03-14 14:58:29,Kolkata,bill_payment,DEV826,0
TXN103499,USER3371,169001.18,2025-01-24 13:06:29,Bangalore,merchant_payment,DEV650,0
TXN103500,USER2259,112453.25,2025-03-13 02:08:29,Pune,receive,DEV993,1
TXN103501,USER9660,155986.81,2025-03-03 03:31:29,Bangalore,merchant_payment,DEV217,1
TXN103502,USER4540,180153.12,2025-03-13 11:15:29,Mumbai,bill_payment,DEV266,0
TXN103503,USER9952,141311.98,2025-03-16 22:03:29,Kolkata,send,DEV564,0
TXN103504,USER2708,56910.84,2025-01-18 18:39:29,Ahmedabad,merchant_payment,DEV192,0
TXN103505,USER5372,126504.95,2025-02-19 20:02:29,Bangalore,send,DEV595,0
TXN103506,USER3090,86327.36,2025-03-23 19:52:29,Delhi,send,DEV308,0
TXN103507,USER8828,131794.68,2025-03-21 22:15:29,Bangalore,bill_payment,DEV313,0
TXN103508,USER9238,107504.09,2025-02-07 09:22:29,Pune,send,DEV500,0
TXN103509,USER2677,5534.1,2025-02-10 20:33:29,Kolkata,bill_payment,DEV577,0
TXN103510,USER6879,119502.33,2025-02-11 19:56:29,Bangalore,merchant_payment,DEV253,0
TXN103511,USER7016,100615.67,2025-02-09 22:13:29,Kolkata,self_transfer,DEV691,0
TXN103512,USER2367,101611.46,2025-01-21 00:52:29,Hyderabad,merchant_payment,DEV623,0
TXN103513,USER3152,101321.39,2025-02-17 16:57:29,Ahmedabad,self_transfer,DEV599,0
TXN103514,USER1282,69644.88,2025-02-12 19:10:29,Chennai,self_transfer,DEV659,0
TXN103515,USER7557,153293.7,2025-04-04 02:53:29,Kolkata,self_transfer,DEV947,1
TXN103516,USER1309,60934.3,2025-01-15 11:36:29,Mumbai,send,DEV417,0
TXN103517,USER9022,80629.97,2025-01-10 11:10:29,Jaipur,send,DEV113,0
TXN103518,USER2753,141119.39,2025-01-20 02:18:29,Chennai,send,DEV358,1
TXN103519,USER3748,67051.52,2025-02-21 10:11:29,Mumbai,self_transfer,DEV327,0
TXN103520,USER6369,35359.27,2025-02-10 13:29:29,Kolkata,merchant_payment,DEV437,0
TXN103521,USER4996,162252.0,2025-02-06 08:32:29,Ahmedabad,merchant_payment,DEV112,0
TXN103522,USER1453,196368.66,2025-03-26 16:42:29,Pune,bill_payment,DEV195,0
TXN103523,USER9792,51766.19,2025-03-16 16:47:29,Hyderabad,send,DEV264,0
TXN103524,USER2423,157828.89,2025-02-23 06:54:29,Chennai,self_transfer,DEV338,0
TXN103525,USER1409,181939.77,2025-01-13 11:58:29,Ahmedabad,bill_payment,DEV734,0
TXN103526,USER8580,189262.47,2025-03-07 09:23:29,Bangalore,bill_payment,DEV966,0
TXN103527,USER4430,23067.63,2025-03-30 23:10:29,Delhi,bill_payment,DEV230,0
TXN103528,USER7780,139200.76,2025-01-08 20:19:29,Ahmedabad,bill_payment,DEV814,0
TXN103529,USER2973,177436.08,2025-01-16 23:31:29,Kolkata,receive,DEV618,0
TXN103530,USER3743,10452.95,2025-03-20 23:17:29,Hyderabad,receive,DEV857,0
TXN103531,USER2874,161528.85,2025-03-05 02:33:29,Kolkata,send,DEV984,1
TXN103532,USER8569,150171.34,2025-03-14 06:17:29,Delhi,receive,DEV990,0
TXN103533,USER2687,8331.79,2025-02-04 08:15:29,Bangalore,bill_payment,DEV553,0
TXN103534,USER1106,70061.21,2025-01-09 15:48:29,Ahmedabad,merchant_payment,DEV373,0
TXN103535,USER7114,91900.46,2025-04-07 08:20:29,Mumbai,bill_payment,DEV917,0
TXN103536,USER6753,49023.96,2025-02-04 11:06:29,Mumbai,send,DEV182,0
TXN103537,USER4514,31328.7,2025-02-20 01:51:29,Jaipur,bill_payment,DEV374,0
TXN103538,USER3578,6029.02,2025-03-07 11:18:29,Bangalore,self_transfer,DEV531,0
TXN103539,USER4034,91377.38,2025-03-07 22:41:29,Chennai,send,DEV257,0
TXN103540,USER8465,148426.28,2025-01-18 16:33:29,Delhi,bill_payment,DEV208,0
TXN103541,USER1705,36927.55,2025-04-06 20:26:29,Pune,receive,DEV128,0
TXN103542,USER9367,133632.44,2025-01-17 17:28:29,Bangalore,self_transfer,DEV487,1
TXN103543,USER7371,58387.69,2025-02-24 11:57:29,Delhi,self_transfer,DEV814,0
TXN103544,USER7688,170538.1,2025-03-31 18:35:29,Bangalore,bill_payment,DEV580,0
TXN103545,USER6552,88757.96,2025-02-22 15:54:29,Mumbai,send,DEV716,1
TXN103546,USER5707,32605.03,2025-03-01 18:26:29,Mumbai,send,DEV953,0
TXN103547,USER6648,107207.54,2025-02-21 21:34:29,Ahmedabad,receive,DEV257,0
TXN103548,USER4791,148192.97,2025-03-22 16:30:29,Mumbai,self_transfer,DEV261,0
TXN103549,USER6020,97601.78,2025-02-10 04:09:29,Ahmedabad,bill_payment,DEV459,0
TXN103550,USER9461,62935.66,2025-03-03 05:01:29,Chennai,receive,DEV704,0
TXN103551,USER6145,855.11,2025-03-05 16:32:29,Ahmedabad,send,DEV918,0
TXN103552,USER6867,154535.92,2025-03-27 09:28:29,Jaipur,bill_payment,DEV465,0
TXN103553,USER9426,63847.21,2025-02-07 07:27:29,Chennai,bill_payment,DEV593,0
TXN103554,USER6574,85783.91,2025-01-14 18:34:29,Ahmedabad,self_transfer,DEV921,0
TXN103555,USER2420,155186.47,2025-02-23 17:22:29,Pune,merchant_payment,DEV779,0
TXN103556,USER7724,11375.39,2025-03-20 14:18:29,Ahmedabad,receive,DEV277,0
TXN103557,USER7467,19194.68,2025-04-01 15:00:29,Ahmedabad,receive,DEV372,0
TXN103558,USER8226,8642.04,2025-01-08 11:32:29,Pune,receive,DEV151,0
TXN103559,USER7078,75079.17,2025-02-15 20:22:29,Kolkata,merchant_payment,DEV288,0
TXN103560,USER9542,34366.05,2025-02-01 10:10:29,Mumbai,bill_payment,DEV780,0
TXN103561,USER5627,61754.58,2025-01-29 13:29:29,Ahmedabad,merchant_payment,DEV187,0
TXN103562,USER5357,81109.46,2025-02-27 20:22:29,Ahmedabad,self_transfer,DEV795,0
TXN103563,USER2208,190147.84,2025-04-04 23:35:29,Ahmedabad,send,DEV870,0
TXN103564,USER3784,114213.15,2025-02-22 04:46:29,Delhi,send,DEV788,0
TXN103565,USER9304,7540.48,2025-01-23 03:51:29,Delhi,self_transfer,DEV297,0
TXN103566,USER4337,38268.76,2025-02-05 10:55:29,Delhi,send,DEV860,0
TXN103567,USER6007,5120.41,2025-03-27 14:22:29,Kolkata,receive,DEV189,0
TXN103568,USER5737,185961.85,2025-02-17 11:52:29,Hyderabad,self_transfer,DEV512,0
TXN103569,USER9906,15432.4,2025-03-29 21:10:29,Ahmedabad,merchant_payment,DEV215,0
TXN103570,USER8473,26417.37,2025-02-02 20:33:29,Hyderabad,self_transfer,DEV918,0
TXN103571,USER8088,34737.85,2025-03-05 13:22:29,Bangalore,send,DEV793,0
TXN103572,USER1615,1178.82,2025-04-04 07:29:29,Ahmedabad,merchant_payment,DEV626,0
TXN103573,USER6214,45402.87,2025-03-10 17:26:29,Delhi,self_transfer,DEV755,0
TXN103574,USER2002,46125.7,2025-01-17 04:10:29,Bangalore,send,DEV401,0
TXN103575,USER7689,99840.58,2025-03-13 00:36:29,Pune,send,DEV783,0
TXN103576,USER3479,65984.75,2025-01-23 12:55:29,Mumbai,receive,DEV313,0
TXN103577,USER5932,70502.9,2025-01-31 16:11:29,Bangalore,merchant_payment,DEV228,0
TXN103578,USER1007,37169.92,2025-03-27 20:32:29,Mumbai,merchant_payment,DEV398,0
TXN103579,USER7919,166519.9,2025-01-24 03:23:29,Jaipur,bill_payment,DEV796,1
TXN103580,USER3107,16305.58,2025-03-15 13:26:29,Jaipur,self_transfer,DEV564,0
TXN103581,USER8528,188861.57,2025-03-03 05:26:29,Pune,bill_payment,DEV542,0
TXN103582,USER4664,116538.33,2025-02-19 21:33:29,Bangalore,send,DEV690,0
TXN103583,USER5584,5205.9,2025-01-22 12:06:29,Chennai,send,DEV189,0
TXN103584,USER3024,81031.52,2025-02-26 07:22:29,Ahmedabad,bill_payment,DEV257,0
TXN103585,USER7978,37630.79,2025-02-22 02:48:29,Hyderabad,receive,DEV649,0
TXN103586,USER3406,144979.43,2025-03-04 15:53:29,Pune,bill_payment,DEV101,0
TXN103587,USER7202,189005.58,2025-02-17 00:11:29,Bangalore,merchant_payment,DEV411,0
TXN103588,USER8718,68424.66,2025-03-23 18:41:29,Bangalore,bill_payment,DEV724,0
TXN103589,USER3323,62305.82,2025-03-31 17:57:29,Chennai,send,DEV486,0
TXN103590,USER2131,66189.22,2025-03-09 10:12:29,Mumbai,merchant_payment,DEV743,0
TXN103591,USER6693,86375.98,2025-02-19 02:21:29,Delhi,self_transfer,DEV100,0
TXN103592,USER5795,12822.16,2025-01-22 16:52:29,Pune,receive,DEV503,0
TXN103593,USER6191,118528.85,2025-02-03 18:02:29,Chennai,bill_payment,DEV403,0
TXN103594,USER3942,102208.62,2025-02-02 22:24:29,Pune,receive,DEV717,0
TXN103595,USER2642,76329.53,2025-01-11 16:11:29,Pune,receive,DEV393,0
TXN103596,USER3033,10966.11,2025-04-06 14:19:29,Hyderabad,bill_payment,DEV935,0
TXN103597,USER6899,13209.52,2025-03-18 05:53:29,Delhi,merchant_payment,DEV504,0
TXN103598,USER2678,9207.03,2025-03-21 13:39:29,Jaipur,self_transfer,DEV925,0
TXN103599,USER5962,27631.11,2025-02-11 22:02:29,Pune,receive,DEV470,0
TXN103600,USER8887,119060.66,2025-01-31 01:38:29,Bangalore,receive,DEV655,1
TXN103601,USER6389,142684.34,2025-01-24 00:30:29,Pune,receive,DEV408,0
TXN103602,USER6638,19961.86,2025-02-24 18:05:29,Jaipur,send,DEV483,0
TXN103603,USER3380,136856.07,2025-03-11 17:42:29,Delhi,self_transfer,DEV309,0
TXN103604,USER2331,101741.77,2025-01-21 12:47:29,Chennai,send,DEV565,0
TXN103605,USER7393,97936.17,2025-03-14 16:40:29,Mumbai,receive,DEV376,0
TXN103606,USER2302,147985.51,2025-01-31 07:30:29,Kolkata,receive,DEV972,0
TXN103607,USER5277,159355.14,2025-01-29 09:27:29,Bangalore,bill_payment,DEV480,0
TXN103608,USER7348,107230.69,2025-02-21 15:37:29,Kolkata,self_transfer,DEV269,0
TXN103609,USER2466,80538.28,2025-01-09 00:16:29,Bangalore,merchant_payment,DEV304,0
TXN103610,USER1260,55568.95,2025-01-18 20:27:29,Bangalore,merchant_payment,DEV864,0
TXN103611,USER8707,175367.3,2025-02-16 04:13:29,Jaipur,self_transfer,DEV504,0
TXN103612,USER7379,188515.47,2025-03-12 01:42:29,Kolkata,bill_payment,DEV422,1
TXN103613,USER9726,104391.08,2025-03-16 16:59:29,Mumbai,send,DEV736,0
TXN103614,USER6964,114245.18,2025-03-27 13:49:29,Bangalore,send,DEV620,0
TXN103615,USER7708,85982.54,2025-01-26 22:18:29,Chennai,receive,DEV179,0
TXN103616,USER1833,147679.51,2025-02-02 17:40:29,Jaipur,merchant_payment,DEV573,0
TXN103617,USER9856,158026.67,2025-03-16 00:06:29,Bangalore,send,DEV549,0
TXN103618,USER8398,148698.39,2025-03-02 16:54:29,Jaipur,merchant_payment,DEV985,1
TXN103619,USER8328,74986.75,2025-03-15 08:03:29,Jaipur,send,DEV711,0
TXN103620,USER1503,166556.68,2025-03-04 05:32:29,Jaipur,self_transfer,DEV635,0
TXN103621,USER4756,20724.3,2025-02-25 13:17:29,Bangalore,send,DEV169,0
TXN103622,USER6252,105079.88,2025-03-10 21:14:29,Jaipur,bill_payment,DEV716,0
TXN103623,USER7599,170080.92,2025-01-21 03:08:29,Jaipur,merchant_payment,DEV709,1
TXN103624,USER9021,29007.81,2025-01-11 16:51:29,Ahmedabad,merchant_payment,DEV804,0
TXN103625,USER3240,137959.78,2025-03-21 03:22:29,Jaipur,bill_payment,DEV245,1
TXN103626,USER7591,24562.94,2025-02-28 20:55:29,Ahmedabad,merchant_payment,DEV771,0
TXN103627,USER2255,47243.95,2025-02-03 20:46:29,Chennai,receive,DEV866,0
TXN103628,USER7296,132505.41,2025-01-06 16:00:29,Kolkata,send,DEV941,0
TXN103629,USER3510,87716.37,2025-01-29 23:26:29,Kolkata,merchant_payment,DEV223,0
TXN103630,USER1081,31787.35,2025-01-23 16:39:29,Ahmedabad,bill_payment,DEV479,0
TXN103631,USER3597,161877.79,2025-03-13 08:46:29,Bangalore,merchant_payment,DEV648,0
TXN103632,USER8674,82598.38,2025-02-20 01:25:29,Jaipur,self_transfer,DEV449,0
TXN103633,USER3150,79286.15,2025-03-21 18:33:29,Delhi,receive,DEV642,0
TXN103634,USER2796,120355.45,2025-02-25 18:35:29,Pune,merchant_payment,DEV638,0
TXN103635,USER5079,161513.16,2025-03-04 11:10:29,Hyderabad,merchant_payment,DEV702,0
TXN103636,USER1888,102414.56,2025-02-07 18:23:29,Ahmedabad,self_transfer,DEV294,0
TXN103637,USER1110,189666.55,2025-01-14 07:04:29,Mumbai,self_transfer,DEV157,0
TXN103638,USER2754,122773.79,2025-03-19 21:36:29,Mumbai,send,DEV509,0
TXN103639,USER1756,128413.16,2025-03-08 07:54:29,Mumbai,send,DEV875,0
TXN103640,USER7913,23466.37,2025-01-06 22:22:29,Mumbai,self_transfer,DEV400,0
TXN103641,USER9373,168369.63,2025-02-09 07:56:29,Ahmedabad,bill_payment,DEV588,0
TXN103642,USER1811,161654.29,2025-02-25 11:15:29,Ahmedabad,bill_payment,DEV201,0
TXN103643,USER9016,166754.97,2025-01-29 21:37:29,Pune,self_transfer,DEV125,0
TXN103644,USER1751,17499.05,2025-01-18 02:21:29,Mumbai,receive,DEV919,0
TXN103645,USER5774,155365.52,2025-01-19 21:57:29,Pune,self_transfer,DEV858,0
TXN103646,USER4049,88966.81,2025-01-19 23:08:29,Ahmedabad,bill_payment,DEV564,0
TXN103647,USER2330,158522.75,2025-02-05 18:58:29,Pune,self_transfer,DEV798,0
TXN103648,USER3823,183798.33,2025-01-13 22:10:29,Chennai,receive,DEV432,0
TXN103649,USER6274,170214.39,2025-03-22 22:18:29,Pune,merchant_payment,DEV998,0
TXN103650,USER2149,43703.95,2025-03-30 13:30:29,Mumbai,send,DEV998,0
TXN103651,USER2720,8717.11,2025-02-16 17:36:29,Kolkata,bill_payment,DEV502,0
TXN103652,USER8052,35935.15,2025-01-07 13:28:29,Chennai,send,DEV790,0
TXN103653,USER6307,39522.9,2025-02-18 18:27:29,Mumbai,merchant_payment,DEV897,0
TXN103654,USER9762,38077.98,2025-03-05 03:04:29,Bangalore,send,DEV596,0
TXN103655,USER2533,61649.03,2025-02-11 05:00:29,Jaipur,send,DEV910,0
TXN103656,USER6102,77707.48,2025-04-01 01:22:29,Jaipur,send,DEV389,0
TXN103657,USER4145,122838.61,2025-03-22 22:54:29,Bangalore,send,DEV169,0
TXN103658,USER6776,89030.54,2025-03-04 08:58:29,Bangalore,receive,DEV227,0
TXN103659,USER5962,137844.1,2025-02-20 16:58:29,Pune,merchant_payment,DEV773,0
TXN103660,USER3026,165751.15,2025-04-06 03:04:29,Mumbai,send,DEV613,1
TXN103661,USER4594,184942.66,2025-02-16 00:03:29,Mumbai,merchant_payment,DEV811,0
TXN103662,USER8054,168454.64,2025-02-25 05:30:29,Delhi,bill_payment,DEV416,0
TXN103663,USER9481,137665.67,2025-01-13 06:46:29,Pune,self_transfer,DEV853,0
TXN103664,USER5801,74650.5,2025-02-14 11:08:29,Chennai,send,DEV401,0
TXN103665,USER4603,84659.36,2025-03-04 06:24:29,Ahmedabad,send,DEV397,0
TXN103666,USER9814,6746.05,2025-01-14 08:06:29,Mumbai,bill_payment,DEV796,0
TXN103667,USER9647,165287.25,2025-02-16 09:22:29,Kolkata,bill_payment,DEV284,0
TXN103668,USER4179,144494.71,2025-02-27 21:13:29,Hyderabad,bill_payment,DEV802,0
TXN103669,USER1905,171013.41,2025-02-16 00:15:29,Bangalore,send,DEV494,0
TXN103670,USER8406,73036.19,2025-01-18 12:52:29,Kolkata,bill_payment,DEV949,0
TXN103671,USER9315,48046.69,2025-03-05 17:24:29,Jaipur,bill_payment,DEV227,0
TXN103672,USER4972,169641.11,2025-02-12 00:04:29,Delhi,merchant_payment,DEV818,0
TXN103673,USER1444,144957.53,2025-03-29 02:01:29,Bangalore,bill_payment,DEV344,1
TXN103674,USER8249,145819.02,2025-03-18 18:44:29,Mumbai,bill_payment,DEV147,0
TXN103675,USER2924,146679.56,2025-03-14 22:26:29,Chennai,receive,DEV321,0
TXN103676,USER7340,160693.7,2025-02-07 07:12:29,Hyderabad,merchant_payment,DEV371,0
TXN103677,USER9527,16490.97,2025-03-19 14:19:29,Bangalore,self_transfer,DEV625,0
TXN103678,USER1103,175686.08,2025-03-12 02:13:29,Chennai,merchant_payment,DEV885,1
TXN103679,USER8790,59908.38,2025-02-09 14:34:29,Bangalore,receive,DEV756,0
TXN103680,USER1332,158667.11,2025-01-27 08:37:29,Mumbai,receive,DEV459,0
TXN103681,USER7231,198452.74,2025-01-13 15:03:29,Ahmedabad,merchant_payment,DEV100,0
TXN103682,USER1403,129174.6,2025-03-02 02:47:29,Pune,merchant_payment,DEV785,1
TXN103683,USER6203,122793.65,2025-03-09 03:14:29,Kolkata,receive,DEV164,1
TXN103684,USER8927,163879.19,2025-01-11 15:17:29,Chennai,bill_payment,DEV536,0
TXN103685,USER9301,134560.79,2025-04-04 20:35:29,Ahmedabad,self_transfer,DEV501,0
TXN103686,USER7759,196260.3,2025-03-09 14:07:29,Kolkata,self_transfer,DEV668,0
TXN103687,USER9798,72406.52,2025-02-16 10:58:29,Mumbai,merchant_payment,DEV688,0
TXN103688,USER3513,33568.3,2025-03-15 13:55:29,Jaipur,receive,DEV692,0
TXN103689,USER8768,193818.75,2025-03-09 21:38:29,Chennai,send,DEV224,0
TXN103690,USER7265,93532.38,2025-03-15 13:18:29,Jaipur,bill_payment,DEV709,0
TXN103691,USER3216,78427.14,2025-01-13 13:28:29,Mumbai,bill_payment,DEV746,0
TXN103692,USER8152,156510.08,2025-02-11 14:16:29,Chennai,receive,DEV715,0
TXN103693,USER4351,169888.91,2025-01-09 12:26:29,Chennai,self_transfer,DEV889,0
TXN103694,USER7930,187029.25,2025-04-07 13:28:29,Ahmedabad,merchant_payment,DEV872,0
TXN103695,USER5050,15436.36,2025-02-20 17:51:29,Chennai,merchant_payment,DEV348,0
TXN103696,USER3418,57115.95,2025-02-06 17:22:29,Bangalore,self_transfer,DEV319,0
TXN103697,USER3422,77194.41,2025-04-03 10:37:29,Ahmedabad,receive,DEV495,0
TXN103698,USER1726,172486.2,2025-02-02 05:31:29,Mumbai,send,DEV935,0
TXN103699,USER2563,56133.28,2025-01-26 11:25:29,Ahmedabad,self_transfer,DEV725,0
TXN103700,USER8265,96936.26,2025-03-09 23:21:29,Pune,bill_payment,DEV286,0
TXN103701,USER7197,39636.03,2025-03-12 10:28:29,Chennai,merchant_payment,DEV467,0
TXN103702,USER4520,94370.13,2025-01-10 01:09:29,Delhi,receive,DEV293,0
TXN103703,USER8205,122665.37,2025-01-26 12:34:29,Pune,send,DEV421,0
TXN103704,USER1765,99605.49,2025-04-02 19:38:29,Mumbai,receive,DEV258,0
TXN103705,USER7928,97208.56,2025-02-15 21:41:29,Jaipur,bill_payment,DEV217,0
TXN103706,USER8461,38685.13,2025-02-24 18:17:29,Hyderabad,self_transfer,DEV579,0
TXN103707,USER3032,124500.26,2025-03-17 07:39:29,Kolkata,merchant_payment,DEV582,0
TXN103708,USER7109,54565.05,2025-01-24 01:19:29,Jaipur,bill_payment,DEV626,0
TXN103709,USER4883,176756.01,2025-03-09 16:11:29,Mumbai,receive,DEV915,0
TXN103710,USER7873,142050.95,2025-02-10 08:55:29,Chennai,receive,DEV273,0
TXN103711,USER9792,156959.43,2025-02-27 23:41:29,Pune,bill_payment,DEV377,0
TXN103712,USER8437,86216.85,2025-02-23 01:37:29,Delhi,bill_payment,DEV744,0
TXN103713,USER5963,63509.54,2025-04-01 09:40:29,Chennai,self_transfer,DEV796,0
TXN103714,USER5584,15736.27,2025-02-23 21:50:29,Bangalore,receive,DEV452,0
TXN103715,USER3606,74566.97,2025-01-21 18:25:29,Mumbai,bill_payment,DEV821,0
TXN103716,USER2140,10150.7,2025-02-05 20:29:29,Ahmedabad,send,DEV873,0
TXN103717,USER3183,129308.08,2025-03-22 06:23:29,Kolkata,bill_payment,DEV169,0
TXN103718,USER2188,60774.55,2025-02-10 06:26:29,Delhi,bill_payment,DEV663,0
TXN103719,USER9757,8402.85,2025-02-01 12:25:29,Ahmedabad,merchant_payment,DEV292,0
TXN103720,USER5547,72406.3,2025-02-05 17:25:29,Ahmedabad,send,DEV603,0
TXN103721,USER8887,136312.54,2025-02-25 13:35:29,Pune,send,DEV884,0
TXN103722,USER9742,188598.65,2025-03-02 19:34:29,Delhi,self_transfer,DEV988,0
TXN103723,USER2074,187978.36,2025-03-07 20:28:29,Delhi,bill_payment,DEV691,0
TXN103724,USER4700,72944.67,2025-02-19 09:01:29,Delhi,bill_payment,DEV493,0
TXN103725,USER9801,106743.45,2025-01-27 17:38:29,Ahmedabad,merchant_payment,DEV258,0
TXN103726,USER2536,175702.79,2025-02-17 11:06:29,Ahmedabad,merchant_payment,DEV134,0
TXN103727,USER6266,157435.66,2025-03-22 08:41:29,Pune,merchant_payment,DEV714,0
TXN103728,USER2211,38845.9,2025-03-29 22:40:29,Delhi,send,DEV888,0
TXN103729,USER1273,57831.0,2025-03-13 05:33:29,Mumbai,merchant_payment,DEV878,0
TXN103730,USER4137,156072.32,2025-03-23 18:34:29,Ahmedabad,bill_payment,DEV717,0
TXN103731,USER9796,81302.03,2025-01-10 19:35:29,Pune,bill_payment,DEV799,0
TXN103732,USER9311,186080.26,2025-01-20 10:25:29,Ahmedabad,receive,DEV440,0
TXN103733,USER9481,62887.79,2025-03-13 05:15:29,Mumbai,self_transfer,DEV336,0
TXN103734,USER5749,91558.75,2025-01-28 20:50:29,Mumbai,self_transfer,DEV923,0
TXN103735,USER1344,119635.72,2025-03-18 12:14:29,Chennai,receive,DEV382,0
TXN103736,USER8805,117528.85,2025-01-30 06:48:29,Ahmedabad,receive,DEV397,0
TXN103737,USER6231,24589.54,2025-03-04 21:00:29,Chennai,receive,DEV903,0
TXN103738,USER5826,33545.68,2025-03-28 14:38:29,Bangalore,send,DEV559,0
TXN103739,USER2766,74466.23,2025-02-04 16:30:29,Ahmedabad,receive,DEV309,0
TXN103740,USER8972,3729.99,2025-01-09 19:01:29,Chennai,merchant_payment,DEV974,0
TXN103741,USER1784,112905.46,2025-02-02 14:28:29,Jaipur,send,DEV818,0
TXN103742,USER9222,45393.92,2025-02-02 13:57:29,Pune,bill_payment,DEV117,0
TXN103743,USER4821,103050.12,2025-01-18 09:28:29,Delhi,self_transfer,DEV263,0
TXN103744,USER9761,108571.1,2025-02-20 01:50:29,Pune,self_transfer,DEV386,1
TXN103745,USER8770,112282.78,2025-03-22 09:35:29,Hyderabad,bill_payment,DEV721,0
TXN103746,USER9672,30258.34,2025-03-16 12:04:29,Pune,bill_payment,DEV683,0
TXN103747,USER4755,27541.62,2025-02-14 20:19:29,Jaipur,bill_payment,DEV593,0
TXN103748,USER3671,105455.48,2025-01-09 08:41:29,Pune,receive,DEV435,0
TXN103749,USER7890,56147.2,2025-01-31 09:22:29,Bangalore,self_transfer,DEV382,0
TXN103750,USER2854,5279.91,2025-03-11 09:12:29,Bangalore,receive,DEV514,0
TXN103751,USER5545,118232.2,2025-01-09 22:34:29,Bangalore,self_transfer,DEV805,0
TXN103752,USER7253,110814.02,2025-01-17 16:07:29,Pune,self_transfer,DEV215,0
TXN103753,USER8793,95607.97,2025-01-18 05:32:29,Chennai,receive,DEV674,0
TXN103754,USER7637,96444.03,2025-01-09 06:16:29,Ahmedabad,receive,DEV801,0
TXN103755,USER3203,86109.22,2025-01-07 21:46:29,Chennai,send,DEV874,0
TXN103756,USER8134,31279.76,2025-01-13 11:45:29,Pune,send,DEV908,0
TXN103757,USER6823,167249.96,2025-03-28 06:04:29,Chennai,merchant_payment,DEV476,0
TXN103758,USER4183,128838.65,2025-03-23 19:41:29,Mumbai,self_transfer,DEV839,0
TXN103759,USER9924,113840.07,2025-03-07 19:45:29,Mumbai,self_transfer,DEV173,0
TXN103760,USER5420,162370.76,2025-03-31 17:38:29,Jaipur,self_transfer,DEV604,0
TXN103761,USER5016,129545.06,2025-01-15 03:33:29,Jaipur,send,DEV373,1
TXN103762,USER3196,151216.27,2025-01-18 18:41:29,Delhi,send,DEV175,0
TXN103763,USER4085,106075.36,2025-03-18 15:13:29,Ahmedabad,receive,DEV491,0
TXN103764,USER5245,76992.23,2025-02-06 00:15:29,Bangalore,bill_payment,DEV508,0
TXN103765,USER3632,168496.7,2025-01-09 10:08:29,Mumbai,merchant_payment,DEV160,0
TXN103766,USER5939,18780.98,2025-01-24 18:41:29,Jaipur,receive,DEV672,0
TXN103767,USER8071,85523.66,2025-01-09 11:34:29,Kolkata,merchant_payment,DEV513,0
TXN103768,USER6434,155514.64,2025-01-29 01:37:29,Bangalore,receive,DEV834,1
TXN103769,USER5915,137965.46,2025-01-30 05:50:29,Chennai,receive,DEV609,0
TXN103770,USER6830,136169.49,2025-02-05 16:42:29,Bangalore,self_transfer,DEV929,0
TXN103771,USER9911,132746.05,2025-03-24 10:43:29,Chennai,self_transfer,DEV861,0
TXN103772,USER8376,189889.5,2025-02-11 21:58:29,Kolkata,send,DEV853,0
TXN103773,USER7777,197539.44,2025-03-26 04:45:29,Hyderabad,self_transfer,DEV769,0
TXN103774,USER3986,176262.14,2025-02-24 22:16:29,Chennai,bill_payment,DEV467,0
TXN103775,USER5820,63237.59,2025-03-30 05:24:29,Mumbai,merchant_payment,DEV801,0
TXN103776,USER2064,109104.02,2025-02-17 13:48:29,Chennai,self_transfer,DEV320,0
TXN103777,USER7949,121916.85,2025-01-26 09:55:29,Ahmedabad,self_transfer,DEV361,0
TXN103778,USER7999,21321.65,2025-02-15 17:33:29,Hyderabad,merchant_payment,DEV465,0
TXN103779,USER2184,83212.89,2025-02-20 13:19:29,Jaipur,self_transfer,DEV868,0
TXN103780,USER9686,27712.87,2025-01-29 13:34:29,Chennai,self_transfer,DEV115,0
TXN103781,USER1087,63202.7,2025-02-19 15:16:29,Jaipur,self_transfer,DEV723,0
TXN103782,USER5449,162700.95,2025-01-28 15:43:29,Kolkata,bill_payment,DEV876,0
TXN103783,USER4838,120996.33,2025-01-29 07:04:29,Delhi,merchant_payment,DEV401,0
TXN103784,USER7763,27039.67,2025-02-26 07:28:29,Delhi,receive,DEV808,0
TXN103785,USER2515,135993.89,2025-02-23 11:44:29,Jaipur,self_transfer,DEV633,0
TXN103786,USER6790,95346.03,2025-03-23 09:52:29,Mumbai,bill_payment,DEV302,0
TXN103787,USER7101,169728.7,2025-03-16 08:17:29,Kolkata,receive,DEV429,0
TXN103788,USER4484,160212.23,2025-02-25 08:17:29,Bangalore,receive,DEV671,0
TXN103789,USER6058,29727.99,2025-02-15 10:21:29,Delhi,receive,DEV390,0
TXN103790,USER1536,162149.8,2025-03-20 15:00:29,Ahmedabad,self_transfer,DEV539,0
TXN103791,USER3577,142828.61,2025-03-07 20:33:29,Pune,send,DEV409,0
TXN103792,USER8857,186695.68,2025-02-18 10:42:29,Chennai,merchant_payment,DEV319,0
TXN103793,USER2476,43234.56,2025-01-13 02:31:29,Mumbai,send,DEV815,0
TXN103794,USER3556,135337.84,2025-01-23 22:20:29,Hyderabad,merchant_payment,DEV137,0
TXN103795,USER8636,150031.65,2025-03-02 23:16:29,Mumbai,send,DEV527,0
TXN103796,USER6455,196102.66,2025-03-30 13:38:29,Mumbai,receive,DEV118,0
TXN103797,USER4372,36353.22,2025-02-08 01:14:29,Jaipur,self_transfer,DEV655,0
TXN103798,USER8354,181013.34,2025-02-02 16:45:29,Hyderabad,merchant_payment,DEV915,0
TXN103799,USER8566,105556.35,2025-02-24 01:59:29,Kolkata,self_transfer,DEV192,1
TXN103800,USER6816,63670.58,2025-02-22 19:02:29,Jaipur,bill_payment,DEV448,0
TXN103801,USER9901,51833.63,2025-03-04 02:57:29,Kolkata,self_transfer,DEV405,0
TXN103802,USER3104,158997.79,2025-03-11 18:44:29,Mumbai,bill_payment,DEV843,0
TXN103803,USER6458,131162.95,2025-01-31 08:41:29,Mumbai,self_transfer,DEV944,0
TXN103804,USER9710,116574.06,2025-02-26 17:54:29,Mumbai,bill_payment,DEV417,0
TXN103805,USER8678,24524.1,2025-01-20 15:05:29,Kolkata,bill_payment,DEV257,0
TXN103806,USER9160,126048.93,2025-01-17 20:03:29,Ahmedabad,receive,DEV381,0
TXN103807,USER6813,42726.81,2025-03-06 10:57:29,Bangalore,bill_payment,DEV247,0
TXN103808,USER5978,6824.76,2025-02-13 06:45:29,Mumbai,self_transfer,DEV311,0
TXN103809,USER5963,171541.43,2025-03-12 20:30:29,Pune,self_transfer,DEV481,0
TXN103810,USER2112,166747.52,2025-02-07 08:05:29,Ahmedabad,receive,DEV812,0
TXN103811,USER9285,67990.52,2025-04-05 06:14:29,Hyderabad,receive,DEV989,0
TXN103812,USER1568,99086.37,2025-01-31 15:20:29,Kolkata,receive,DEV382,0
TXN103813,USER8864,27261.01,2025-03-12 14:16:29,Delhi,merchant_payment,DEV507,0
TXN103814,USER1797,7312.29,2025-01-13 20:05:29,Pune,send,DEV700,0
TXN103815,USER4258,151525.63,2025-02-01 00:24:29,Jaipur,bill_payment,DEV229,0
TXN103816,USER9284,82783.25,2025-02-24 19:58:29,Chennai,bill_payment,DEV262,0
TXN103817,USER3217,145995.84,2025-01-24 20:16:29,Delhi,self_transfer,DEV667,0
TXN103818,USER4349,161146.95,2025-02-04 01:36:29,Jaipur,receive,DEV620,1
TXN103819,USER5555,86856.61,2025-01-13 03:53:29,Bangalore,bill_payment,DEV603,0
TXN103820,USER1791,127057.89,2025-03-06 22:50:29,Mumbai,merchant_payment,DEV559,0
TXN103821,USER1280,110354.14,2025-02-26 23:24:29,Chennai,receive,DEV643,0
TXN103822,USER5462,69253.99,2025-03-30 16:06:29,Pune,merchant_payment,DEV190,0
TXN103823,USER5678,82322.48,2025-02-24 18:12:29,Kolkata,self_transfer,DEV901,0
TXN103824,USER8352,100646.56,2025-02-25 00:49:29,Delhi,merchant_payment,DEV409,0
TXN103825,USER5162,148615.71,2025-01-15 12:50:29,Bangalore,bill_payment,DEV449,0
TXN103826,USER9248,177992.52,2025-03-03 20:16:29,Ahmedabad,merchant_payment,DEV831,0
TXN103827,USER7594,48879.6,2025-01-22 11:43:29,Pune,merchant_payment,DEV485,0
TXN103828,USER1570,62998.42,2025-02-13 00:14:29,Mumbai,merchant_payment,DEV214,0
TXN103829,USER5002,196081.02,2025-01-10 23:18:29,Jaipur,bill_payment,DEV220,0
TXN103830,USER3178,90938.55,2025-01-23 22:44:29,Delhi,self_transfer,DEV634,0
TXN103831,USER4199,155187.25,2025-03-02 08:27:29,Pune,self_transfer,DEV501,0
TXN103832,USER1709,97422.78,2025-02-11 22:58:29,Delhi,send,DEV593,0
TXN103833,USER6161,163818.78,2025-01-11 19:54:29,Delhi,receive,DEV114,0
TXN103834,USER7372,30736.7,2025-02-16 15:08:29,Delhi,receive,DEV430,0
TXN103835,USER1553,188435.96,2025-01-15 00:18:29,Ahmedabad,self_transfer,DEV287,0
TXN103836,USER4984,116342.94,2025-02-07 21:14:29,Jaipur,merchant_payment,DEV620,0
TXN103837,USER8723,125231.45,2025-03-06 20:59:29,Hyderabad,receive,DEV686,0
TXN103838,USER4000,183863.84,2025-01-28 16:33:29,Bangalore,bill_payment,DEV731,0
TXN103839,USER3551,23231.85,2025-03-14 02:13:29,Ahmedabad,merchant_payment,DEV723,0
TXN103840,USER3928,145701.51,2025-04-06 22:48:29,Hyderabad,send,DEV884,0
TXN103841,USER6433,67166.19,2025-04-01 10:46:29,Mumbai,merchant_payment,DEV253,0
TXN103842,USER4913,163917.02,2025-01-10 05:28:29,Delhi,self_transfer,DEV476,0
TXN103843,USER8648,83559.44,2025-02-21 22:40:29,Bangalore,merchant_payment,DEV753,0
TXN103844,USER8633,110148.41,2025-02-21 14:14:29,Jaipur,send,DEV798,0
TXN103845,USER6170,197663.71,2025-01-27 04:15:29,Delhi,bill_payment,DEV217,0
TXN103846,USER8377,192078.1,2025-01-11 02:56:29,Ahmedabad,send,DEV387,1
TXN103847,USER2279,166561.22,2025-03-20 20:16:29,Bangalore,send,DEV221,0
TXN103848,USER4989,74049.45,2025-02-28 02:28:29,Kolkata,merchant_payment,DEV700,0
TXN103849,USER3115,54373.25,2025-02-11 05:29:29,Hyderabad,send,DEV996,0
TXN103850,USER1229,58944.74,2025-02-12 01:49:29,Mumbai,self_transfer,DEV978,0
TXN103851,USER5430,7213.38,2025-02-24 09:50:29,Delhi,bill_payment,DEV555,0
TXN103852,USER2316,111987.76,2025-01-26 14:20:29,Kolkata,merchant_payment,DEV321,0
TXN103853,USER6955,105600.6,2025-01-15 07:48:29,Hyderabad,receive,DEV331,0
TXN103854,USER9547,13204.04,2025-01-09 03:09:29,Chennai,self_transfer,DEV400,0
TXN103855,USER4317,39184.45,2025-01-13 03:49:29,Kolkata,receive,DEV225,0
TXN103856,USER8221,143045.06,2025-04-01 18:32:29,Delhi,send,DEV104,1
TXN103857,USER2893,56501.69,2025-03-25 07:21:29,Kolkata,receive,DEV853,0
TXN103858,USER4521,24337.1,2025-02-19 22:37:29,Ahmedabad,bill_payment,DEV551,0
TXN103859,USER1147,155685.54,2025-01-08 18:07:29,Mumbai,send,DEV843,0
TXN103860,USER6986,41481.15,2025-03-28 14:42:29,Mumbai,bill_payment,DEV136,0
TXN103861,USER8738,143677.56,2025-03-04 07:48:29,Delhi,merchant_payment,DEV134,0
TXN103862,USER1477,127415.61,2025-02-08 08:02:29,Jaipur,receive,DEV807,0
TXN103863,USER8828,160158.47,2025-01-16 03:41:29,Chennai,merchant_payment,DEV814,1
TXN103864,USER1063,62196.18,2025-01-11 15:45:29,Hyderabad,send,DEV549,0
TXN103865,USER6615,4393.9,2025-02-18 05:21:29,Ahmedabad,send,DEV555,0
TXN103866,USER3409,139825.07,2025-02-10 03:50:29,Ahmedabad,merchant_payment,DEV565,1
TXN103867,USER4416,171417.41,2025-02-01 23:00:29,Mumbai,self_transfer,DEV693,0
TXN103868,USER6058,125944.07,2025-01-19 08:32:29,Bangalore,bill_payment,DEV968,0
TXN103869,USER4221,49479.46,2025-03-29 13:56:29,Kolkata,self_transfer,DEV930,0
TXN103870,USER2447,152889.28,2025-01-24 19:38:29,Kolkata,self_transfer,DEV409,0
TXN103871,USER1822,42606.09,2025-03-05 19:04:29,Jaipur,send,DEV648,0
TXN103872,USER8609,118539.36,2025-01-27 02:33:29,Ahmedabad,self_transfer,DEV385,1
TXN103873,USER1107,75996.09,2025-02-24 19:51:29,Ahmedabad,merchant_payment,DEV287,0
TXN103874,USER8069,187134.27,2025-02-18 01:20:29,Kolkata,self_transfer,DEV470,1
TXN103875,USER6390,152417.23,2025-03-09 09:08:29,Hyderabad,self_transfer,DEV477,0
TXN103876,USER7150,186526.44,2025-03-30 21:17:29,Delhi,send,DEV136,0
TXN103877,USER4624,135364.98,2025-01-08 02:58:29,Mumbai,self_transfer,DEV721,1
TXN103878,USER5945,43595.55,2025-01-25 15:34:29,Hyderabad,bill_payment,DEV953,0
TXN103879,USER9609,118163.55,2025-01-14 09:51:29,Jaipur,send,DEV803,0
TXN103880,USER9653,61571.65,2025-03-27 13:39:29,Ahmedabad,merchant_payment,DEV728,0
TXN103881,USER2083,80927.92,2025-01-13 22:06:29,Ahmedabad,bill_payment,DEV955,0
TXN103882,USER8022,143388.62,2025-04-01 03:39:29,Kolkata,self_transfer,DEV150,1
TXN103883,USER6422,98734.23,2025-03-09 19:36:29,Chennai,send,DEV345,0
TXN103884,USER6600,81266.65,2025-02-04 18:09:29,Delhi,self_transfer,DEV644,0
TXN103885,USER4069,6706.26,2025-02-28 15:16:29,Ahmedabad,self_transfer,DEV942,0
TXN103886,USER2974,104430.48,2025-03-10 05:19:29,Chennai,receive,DEV435,0
TXN103887,USER5130,98569.01,2025-03-27 14:27:29,Delhi,merchant_payment,DEV584,0
TXN103888,USER6903,112219.66,2025-03-04 17:09:29,Mumbai,receive,DEV840,0
TXN103889,USER4126,79593.54,2025-04-06 22:09:29,Pune,self_transfer,DEV764,0
TXN103890,USER7624,90787.27,2025-03-25 12:50:29,Ahmedabad,bill_payment,DEV448,1
TXN103891,USER3017,180963.69,2025-02-21 04:29:29,Mumbai,receive,DEV192,0
TXN103892,USER4754,179044.75,2025-03-19 07:24:29,Pune,receive,DEV131,0
TXN103893,USER6971,191059.51,2025-01-23 02:24:29,Hyderabad,receive,DEV650,1
TXN103894,USER9522,151138.37,2025-01-10 05:36:29,Delhi,bill_payment,DEV184,0
TXN103895,USER4658,110393.1,2025-02-20 11:26:29,Mumbai,merchant_payment,DEV788,0
TXN103896,USER2243,98387.18,2025-03-03 17:22:29,Hyderabad,send,DEV160,0
TXN103897,USER8181,2087.27,2025-03-24 08:51:29,Jaipur,bill_payment,DEV369,0
TXN103898,USER2979,176671.18,2025-03-30 22:52:29,Hyderabad,bill_payment,DEV939,0
TXN103899,USER6630,7182.69,2025-02-01 22:45:29,Jaipur,bill_payment,DEV499,0
TXN103900,USER3567,45360.36,2025-04-05 16:01:29,Bangalore,merchant_payment,DEV108,0
TXN103901,USER8590,120156.74,2025-02-11 16:24:29,Mumbai,bill_payment,DEV856,0
TXN103902,USER6656,149899.32,2025-02-03 00:55:29,Jaipur,send,DEV892,0
TXN103903,USER7576,185163.63,2025-04-03 21:42:29,Hyderabad,self_transfer,DEV376,0
TXN103904,USER1940,18901.29,2025-02-19 08:22:29,Jaipur,bill_payment,DEV336,0
TXN103905,USER2597,59545.9,2025-02-03 23:12:29,Mumbai,merchant_payment,DEV175,0
TXN103906,USER4310,8807.42,2025-01-23 02:50:29,Bangalore,send,DEV647,0
TXN103907,USER1307,109498.39,2025-03-22 21:44:29,Ahmedabad,merchant_payment,DEV253,0
TXN103908,USER1793,104601.66,2025-03-17 22:42:29,Delhi,bill_payment,DEV126,0
TXN103909,USER3963,67187.89,2025-03-09 21:49:29,Jaipur,receive,DEV124,0
TXN103910,USER4708,198088.78,2025-03-21 14:20:29,Delhi,bill_payment,DEV206,0
TXN103911,USER3986,137634.62,2025-03-18 18:09:29,Mumbai,merchant_payment,DEV934,0
TXN103912,USER1386,187750.8,2025-03-26 06:47:29,Jaipur,merchant_payment,DEV724,1
TXN103913,USER5605,103482.81,2025-02-06 17:16:29,Ahmedabad,receive,DEV245,0
TXN103914,USER2625,51134.92,2025-02-12 18:47:29,Pune,bill_payment,DEV863,0
TXN103915,USER4128,88623.96,2025-03-11 09:42:29,Bangalore,bill_payment,DEV167,0
TXN103916,USER2359,132843.82,2025-01-11 22:02:29,Jaipur,bill_payment,DEV521,0
TXN103917,USER5617,27091.89,2025-02-09 16:22:29,Chennai,receive,DEV938,0
TXN103918,USER7402,109165.6,2025-02-08 11:28:29,Bangalore,receive,DEV513,0
TXN103919,USER2662,124849.09,2025-03-05 02:20:29,Ahmedabad,bill_payment,DEV781,1
TXN103920,USER2660,4483.58,2025-02-21 15:27:29,Chennai,receive,DEV145,0
TXN103921,USER6386,173753.05,2025-01-12 09:12:29,Hyderabad,self_transfer,DEV623,0
TXN103922,USER8662,73455.11,2025-03-10 20:32:29,Jaipur,self_transfer,DEV614,0
TXN103923,USER7894,102133.58,2025-02-14 06:21:29,Delhi,self_transfer,DEV302,0
TXN103924,USER1741,185897.6,2025-02-22 01:07:29,Chennai,merchant_payment,DEV772,1
TXN103925,USER6914,63223.51,2025-02-28 13:45:29,Mumbai,send,DEV864,0
TXN103926,USER8478,132637.56,2025-01-06 18:58:29,Bangalore,receive,DEV328,0
TXN103927,USER5722,184813.69,2025-03-16 02:23:29,Chennai,self_transfer,DEV292,1
TXN103928,USER7373,4756.73,2025-03-15 13:42:29,Pune,merchant_payment,DEV954,0
TXN103929,USER7612,42759.46,2025-01-22 02:33:29,Chennai,send,DEV787,0
TXN103930,USER6076,89596.88,2025-01-24 09:25:29,Kolkata,receive,DEV628,0
TXN103931,USER9318,64337.99,2025-02-05 21:28:29,Pune,merchant_payment,DEV203,0
TXN103932,USER6055,131031.25,2025-01-14 19:50:29,Hyderabad,self_transfer,DEV874,0
TXN103933,USER8219,17368.41,2025-03-18 23:20:29,Bangalore,self_transfer,DEV582,0
TXN103934,USER9651,188979.07,2025-03-10 03:11:29,Bangalore,receive,DEV343,1
TXN103935,USER3391,113408.38,2025-01-26 16:10:29,Hyderabad,bill_payment,DEV166,0
TXN103936,USER9145,31869.3,2025-01-13 01:12:29,Hyderabad,receive,DEV604,0
TXN103937,USER3441,182764.47,2025-01-10 14:52:29,Hyderabad,self_transfer,DEV684,0
TXN103938,USER5526,185828.31,2025-02-26 23:37:29,Ahmedabad,send,DEV780,0
TXN103939,USER8314,101901.23,2025-02-01 19:24:29,Pune,bill_payment,DEV783,0
TXN103940,USER7629,17737.55,2025-02-15 20:25:29,Mumbai,self_transfer,DEV277,0
TXN103941,USER8744,26389.47,2025-01-13 03:49:29,Kolkata,self_transfer,DEV440,0
TXN103942,USER1376,105994.09,2025-02-02 14:54:29,Hyderabad,merchant_payment,DEV896,0
TXN103943,USER4947,131519.28,2025-02-08 15:53:29,Bangalore,bill_payment,DEV311,0
TXN103944,USER4667,110340.79,2025-04-06 14:32:29,Jaipur,merchant_payment,DEV456,0
TXN103945,USER8714,92877.43,2025-01-14 00:28:29,Kolkata,merchant_payment,DEV644,0
TXN103946,USER8096,186616.57,2025-01-06 17:07:29,Bangalore,merchant_payment,DEV718,0
TXN103947,USER7174,172544.94,2025-01-30 18:28:29,Bangalore,send,DEV317,0
TXN103948,USER1838,37442.69,2025-02-28 15:45:29,Mumbai,self_transfer,DEV963,0
TXN103949,USER3296,162884.58,2025-02-02 14:55:29,Ahmedabad,receive,DEV419,0
TXN103950,USER5845,74184.42,2025-01-24 11:01:29,Jaipur,bill_payment,DEV475,0
TXN103951,USER8624,51621.17,2025-02-14 01:54:29,Hyderabad,bill_payment,DEV575,0
TXN103952,USER5386,47145.87,2025-02-11 20:35:29,Mumbai,self_transfer,DEV662,0
TXN103953,USER8392,79068.94,2025-03-12 14:40:29,Pune,send,DEV716,0
TXN103954,USER1038,132859.21,2025-04-01 19:48:29,Jaipur,merchant_payment,DEV224,0
TXN103955,USER8541,129396.34,2025-03-17 03:48:29,Delhi,bill_payment,DEV535,1
TXN103956,USER2654,170138.71,2025-03-12 16:25:29,Hyderabad,receive,DEV808,0
TXN103957,USER5416,199850.02,2025-02-15 13:07:29,Chennai,receive,DEV371,0
TXN103958,USER1136,41483.69,2025-02-19 23:12:29,Bangalore,bill_payment,DEV416,0
TXN103959,USER4019,128194.14,2025-03-01 13:20:29,Bangalore,self_transfer,DEV139,0
TXN103960,USER4451,92332.71,2025-03-31 04:42:29,Pune,self_transfer,DEV779,0
TXN103961,USER9307,177271.83,2025-01-15 14:01:29,Mumbai,send,DEV262,0
TXN103962,USER9864,93224.72,2025-03-10 01:27:29,Mumbai,bill_payment,DEV924,1
TXN103963,USER3338,63682.75,2025-03-12 16:47:29,Delhi,receive,DEV953,0
TXN103964,USER3912,44432.43,2025-01-11 23:46:29,Mumbai,self_transfer,DEV319,0
TXN103965,USER6104,148745.5,2025-02-06 06:40:29,Delhi,receive,DEV445,0
TXN103966,USER3037,189456.6,2025-02-24 10:47:29,Ahmedabad,receive,DEV458,0
TXN103967,USER6992,66871.99,2025-04-02 12:22:29,Chennai,bill_payment,DEV865,0
TXN103968,USER2329,156384.76,2025-02-13 00:59:29,Bangalore,bill_payment,DEV301,0
TXN103969,USER9663,98942.43,2025-01-18 20:31:29,Ahmedabad,receive,DEV235,0
TXN103970,USER2735,172925.8,2025-02-02 17:56:29,Kolkata,receive,DEV963,0
TXN103971,USER7706,82515.49,2025-03-14 12:56:29,Chennai,receive,DEV213,0
TXN103972,USER2350,15008.76,2025-03-15 10:39:29,Ahmedabad,send,DEV798,0
TXN103973,USER7618,32928.93,2025-01-27 20:03:29,Delhi,receive,DEV294,0
TXN103974,USER9819,112425.19,2025-02-08 04:50:29,Chennai,bill_payment,DEV832,0
TXN103975,USER7883,181297.95,2025-02-22 21:32:29,Ahmedabad,send,DEV257,0
TXN103976,USER6968,132569.4,2025-03-12 09:20:29,Chennai,send,DEV839,0
TXN103977,USER9640,19540.97,2025-01-20 14:04:29,Hyderabad,bill_payment,DEV607,0
TXN103978,USER6692,152006.26,2025-01-26 10:23:29,Hyderabad,receive,DEV400,0
TXN103979,USER5738,157843.99,2025-03-10 02:32:29,Kolkata,merchant_payment,DEV791,1
TXN103980,USER1927,147510.36,2025-01-24 16:24:29,Kolkata,send,DEV299,0
TXN103981,USER3050,141670.19,2025-03-08 01:07:29,Hyderabad,bill_payment,DEV693,1
TXN103982,USER3645,59888.8,2025-03-08 18:15:29,Chennai,merchant_payment,DEV294,0
TXN103983,USER2488,151410.96,2025-04-02 10:14:29,Delhi,self_transfer,DEV230,0
TXN103984,USER2190,35617.13,2025-02-24 04:54:29,Chennai,send,DEV181,0
TXN103985,USER9857,137610.93,2025-03-30 14:04:29,Delhi,send,DEV346,0
TXN103986,USER9775,22153.37,2025-02-01 16:33:29,Pune,self_transfer,DEV397,0
TXN103987,USER9875,24811.58,2025-03-18 11:31:29,Chennai,send,DEV934,0
TXN103988,USER2025,195854.65,2025-02-03 21:26:29,Mumbai,merchant_payment,DEV576,0
TXN103989,USER4760,118842.6,2025-01-13 21:06:29,Delhi,bill_payment,DEV316,0
TXN103990,USER8007,9729.31,2025-03-15 02:42:29,Kolkata,send,DEV582,0
TXN103991,USER1821,43636.66,2025-01-09 16:09:29,Kolkata,send,DEV346,1
TXN103992,USER2817,134377.69,2025-03-06 04:30:29,Pune,merchant_payment,DEV641,0
TXN103993,USER3662,171438.9,2025-01-13 06:17:29,Mumbai,merchant_payment,DEV733,0
TXN103994,USER3462,55341.3,2025-04-06 12:32:29,Ahmedabad,merchant_payment,DEV444,0
TXN103995,USER8434,134733.05,2025-01-21 01:51:29,Chennai,send,DEV253,1
TXN103996,USER2541,160645.51,2025-01-07 19:54:29,Kolkata,self_transfer,DEV124,0
TXN103997,USER5804,85087.29,2025-01-24 18:11:29,Pune,bill_payment,DEV313,0
TXN103998,USER6050,91268.03,2025-04-03 08:50:29,Hyderabad,send,DEV757,0
TXN103999,USER4969,117433.29,2025-01-23 01:56:29,Bangalore,send,DEV747,1
TXN104000,USER6648,82099.84,2025-04-05 22:33:29,Pune,merchant_payment,DEV289,0
TXN104001,USER3128,191967.92,2025-03-27 01:16:29,Chennai,self_transfer,DEV311,1
TXN104002,USER8024,58931.78,2025-01-18 02:01:29,Bangalore,bill_payment,DEV956,0
TXN104003,USER4066,159120.82,2025-02-27 03:52:29,Mumbai,bill_payment,DEV432,1
TXN104004,USER7514,20876.47,2025-03-31 16:23:29,Delhi,bill_payment,DEV336,0
TXN104005,USER3518,187053.85,2025-03-18 17:55:29,Kolkata,bill_payment,DEV951,0
TXN104006,USER2878,142018.83,2025-01-15 20:36:29,Mumbai,receive,DEV760,0
TXN104007,USER3269,33921.58,2025-03-07 11:59:29,Kolkata,self_transfer,DEV142,0
TXN104008,USER2736,92826.71,2025-03-21 12:06:29,Pune,self_transfer,DEV398,0
TXN104009,USER1140,65863.66,2025-03-14 21:27:29,Jaipur,receive,DEV373,0
TXN104010,USER2368,180081.15,2025-02-05 10:53:29,Kolkata,receive,DEV891,0
TXN104011,USER4228,132584.42,2025-02-13 23:17:29,Bangalore,send,DEV801,0
TXN104012,USER7628,10762.77,2025-02-04 00:19:29,Jaipur,receive,DEV123,0
TXN104013,USER3737,194239.09,2025-01-12 02:38:29,Ahmedabad,receive,DEV491,1
TXN104014,USER4913,141327.31,2025-02-13 21:22:29,Mumbai,self_transfer,DEV284,0
TXN104015,USER6010,116735.41,2025-03-07 09:25:29,Jaipur,self_transfer,DEV750,0
TXN104016,USER6890,190758.38,2025-03-06 09:22:29,Kolkata,bill_payment,DEV703,0
TXN104017,USER8452,91957.77,2025-02-16 11:53:29,Ahmedabad,merchant_payment,DEV136,0
TXN104018,USER7000,84319.76,2025-03-18 14:08:29,Ahmedabad,self_transfer,DEV586,0
TXN104019,USER3135,57524.86,2025-01-11 13:20:29,Pune,self_transfer,DEV614,0
TXN104020,USER3244,125365.09,2025-02-06 01:58:29,Delhi,send,DEV668,1
TXN104021,USER3227,153158.47,2025-03-24 07:32:29,Pune,self_transfer,DEV398,0
TXN104022,USER1917,40924.8,2025-01-07 16:17:29,Jaipur,receive,DEV349,0
TXN104023,USER3543,182239.52,2025-02-17 21:47:29,Bangalore,bill_payment,DEV655,0
TXN104024,USER6316,158805.16,2025-03-22 13:33:29,Kolkata,self_transfer,DEV350,0
TXN104025,USER1989,128854.18,2025-02-09 20:41:29,Mumbai,self_transfer,DEV380,0
TXN104026,USER5521,160874.93,2025-01-11 07:08:29,Bangalore,self_transfer,DEV970,0
TXN104027,USER3692,192268.72,2025-03-29 02:12:29,Mumbai,bill_payment,DEV624,1
TXN104028,USER1678,176769.48,2025-04-04 04:49:29,Hyderabad,merchant_payment,DEV188,0
TXN104029,USER3760,128765.08,2025-02-12 07:37:29,Pune,merchant_payment,DEV457,0
TXN104030,USER4265,129341.88,2025-02-09 10:48:29,Jaipur,self_transfer,DEV354,0
TXN104031,USER9682,127299.02,2025-03-07 23:34:29,Delhi,self_transfer,DEV116,0
TXN104032,USER7148,132451.47,2025-02-07 19:23:29,Delhi,receive,DEV905,0
TXN104033,USER4963,148597.95,2025-01-14 21:04:29,Bangalore,merchant_payment,DEV402,0
TXN104034,USER1922,151720.08,2025-01-15 22:42:29,Bangalore,receive,DEV597,0
TXN104035,USER2996,147832.21,2025-02-14 23:53:29,Bangalore,merchant_payment,DEV465,0
TXN104036,USER2699,26675.69,2025-03-20 08:19:29,Jaipur,self_transfer,DEV984,0
TXN104037,USER3179,189553.56,2025-01-31 23:29:29,Kolkata,merchant_payment,DEV485,0
TXN104038,USER1421,84384.17,2025-03-08 12:05:29,Pune,self_transfer,DEV303,0
TXN104039,USER3768,165032.34,2025-02-14 03:55:29,Bangalore,merchant_payment,DEV635,1
TXN104040,USER6124,182506.39,2025-03-09 17:01:29,Kolkata,bill_payment,DEV430,0
TXN104041,USER3425,95026.08,2025-03-27 01:39:29,Chennai,bill_payment,DEV106,0
TXN104042,USER6332,24953.84,2025-03-12 03:56:29,Hyderabad,receive,DEV700,0
TXN104043,USER3519,2376.41,2025-02-23 18:31:29,Pune,merchant_payment,DEV444,0
TXN104044,USER8827,130006.58,2025-03-05 10:46:29,Mumbai,self_transfer,DEV419,0
TXN104045,USER5843,4827.99,2025-02-17 09:27:29,Jaipur,bill_payment,DEV754,0
TXN104046,USER9360,70937.99,2025-02-21 03:26:29,Ahmedabad,send,DEV542,0
TXN104047,USER5817,165551.93,2025-03-23 23:14:29,Mumbai,bill_payment,DEV660,0
TXN104048,USER8602,89169.84,2025-03-28 00:22:29,Kolkata,send,DEV667,0
TXN104049,USER3466,54097.61,2025-03-08 02:22:29,Kolkata,self_transfer,DEV207,0
TXN104050,USER8616,4001.35,2025-01-20 03:33:29,Pune,merchant_payment,DEV374,0
TXN104051,USER9660,58440.68,2025-03-24 17:39:29,Delhi,receive,DEV582,0
TXN104052,USER4391,128454.5,2025-03-24 02:52:29,Jaipur,receive,DEV913,1
TXN104053,USER2283,185137.46,2025-03-19 03:29:29,Bangalore,send,DEV986,1
TXN104054,USER7364,177548.24,2025-01-08 03:04:29,Mumbai,receive,DEV769,1
TXN104055,USER3374,185823.97,2025-03-24 02:46:29,Hyderabad,send,DEV275,1
TXN104056,USER7206,113888.61,2025-03-09 11:02:29,Bangalore,self_transfer,DEV256,0
TXN104057,USER4091,91333.13,2025-04-05 23:34:29,Pune,merchant_payment,DEV852,0
TXN104058,USER3860,65150.71,2025-02-07 08:25:29,Bangalore,send,DEV269,0
TXN104059,USER3041,55142.14,2025-01-11 23:13:29,Chennai,receive,DEV238,0
TXN104060,USER6637,25380.72,2025-03-26 21:38:29,Kolkata,self_transfer,DEV149,0
TXN104061,USER3708,56142.73,2025-03-19 20:55:29,Ahmedabad,bill_payment,DEV923,0
TXN104062,USER7008,139265.34,2025-02-25 06:43:29,Hyderabad,receive,DEV330,0
TXN104063,USER4587,25512.76,2025-03-28 12:47:29,Pune,send,DEV464,0
TXN104064,USER8020,181703.24,2025-01-11 22:02:29,Bangalore,bill_payment,DEV341,0
TXN104065,USER8900,159001.38,2025-03-03 15:02:29,Bangalore,merchant_payment,DEV889,0
TXN104066,USER1691,194124.63,2025-03-27 14:56:29,Mumbai,bill_payment,DEV757,0
TXN104067,USER7315,194183.45,2025-03-02 16:24:29,Ahmedabad,receive,DEV423,0
TXN104068,USER2757,193336.07,2025-02-21 21:31:29,Kolkata,send,DEV634,0
TXN104069,USER8900,57822.62,2025-02-14 08:36:29,Delhi,send,DEV491,0
TXN104070,USER7708,106866.68,2025-01-08 17:39:29,Hyderabad,receive,DEV956,0
TXN104071,USER9067,79469.73,2025-03-27 20:07:29,Hyderabad,bill_payment,DEV133,0
TXN104072,USER2181,4400.42,2025-03-21 21:05:29,Ahmedabad,send,DEV220,0
TXN104073,USER3698,83285.4,2025-01-14 11:38:29,Pune,send,DEV975,0
TXN104074,USER5251,111815.63,2025-04-01 19:44:29,Ahmedabad,bill_payment,DEV680,0
TXN104075,USER3632,91149.9,2025-03-20 00:33:29,Mumbai,bill_payment,DEV992,0
TXN104076,USER7731,112714.17,2025-01-22 14:38:29,Delhi,self_transfer,DEV396,0
TXN104077,USER1488,189116.38,2025-01-15 15:08:29,Chennai,self_transfer,DEV610,0
TXN104078,USER6893,133299.3,2025-03-26 08:17:29,Kolkata,self_transfer,DEV152,0
TXN104079,USER2186,192065.75,2025-02-22 23:42:29,Chennai,self_transfer,DEV596,0
TXN104080,USER7513,162237.67,2025-03-17 21:10:29,Pune,bill_payment,DEV539,0
TXN104081,USER7094,103450.7,2025-03-13 06:33:29,Ahmedabad,receive,DEV154,0
TXN104082,USER5265,34825.08,2025-04-03 08:23:29,Jaipur,self_transfer,DEV903,0
TXN104083,USER5799,55922.46,2025-03-18 22:43:29,Mumbai,self_transfer,DEV902,0
TXN104084,USER1905,171496.4,2025-01-11 22:05:29,Ahmedabad,bill_payment,DEV249,0
TXN104085,USER2766,133908.83,2025-02-26 03:48:29,Bangalore,send,DEV224,1
TXN104086,USER2609,68058.45,2025-01-07 05:32:29,Jaipur,receive,DEV617,0
TXN104087,USER4357,181572.08,2025-01-17 11:32:29,Hyderabad,self_transfer,DEV342,0
TXN104088,USER6908,143958.55,2025-01-28 08:45:29,Kolkata,bill_payment,DEV844,0
TXN104089,USER2310,198512.5,2025-01-31 21:35:29,Kolkata,receive,DEV661,0
TXN104090,USER1586,193511.17,2025-01-22 16:26:29,Mumbai,merchant_payment,DEV269,0
TXN104091,USER1953,177924.89,2025-04-06 17:01:29,Kolkata,receive,DEV470,0
TXN104092,USER8302,184425.91,2025-02-06 06:26:29,Chennai,send,DEV349,0
TXN104093,USER6539,92850.88,2025-03-05 20:10:29,Jaipur,send,DEV821,0
TXN104094,USER2644,172244.27,2025-03-11 03:10:29,Kolkata,send,DEV843,1
TXN104095,USER6993,183076.93,2025-02-09 22:48:29,Hyderabad,self_transfer,DEV299,0
TXN104096,USER4087,197060.38,2025-04-06 19:21:29,Pune,receive,DEV949,0
TXN104097,USER1699,157605.63,2025-02-11 11:14:29,Bangalore,self_transfer,DEV956,0
TXN104098,USER7154,36299.91,2025-02-24 15:20:29,Hyderabad,self_transfer,DEV903,0
TXN104099,USER7492,77881.53,2025-03-13 03:05:29,Jaipur,merchant_payment,DEV409,0
TXN104100,USER5468,101211.51,2025-02-18 23:00:29,Mumbai,merchant_payment,DEV788,0
TXN104101,USER5193,198285.57,2025-03-03 09:11:29,Hyderabad,send,DEV436,0
TXN104102,USER9834,81546.72,2025-03-13 11:09:29,Hyderabad,merchant_payment,DEV575,0
TXN104103,USER6046,78295.75,2025-01-10 20:51:29,Mumbai,receive,DEV195,0
TXN104104,USER1974,145156.02,2025-03-18 17:58:29,Jaipur,merchant_payment,DEV713,0
TXN104105,USER5452,76380.11,2025-03-12 02:25:29,Hyderabad,bill_payment,DEV324,0
TXN104106,USER7430,68228.72,2025-03-15 01:56:29,Jaipur,bill_payment,DEV547,0
TXN104107,USER5568,91411.21,2025-02-13 02:19:29,Hyderabad,send,DEV730,0
TXN104108,USER9994,108604.2,2025-02-27 13:10:29,Chennai,merchant_payment,DEV524,0
TXN104109,USER9504,136764.96,2025-03-28 22:54:29,Ahmedabad,bill_payment,DEV556,0
TXN104110,USER8052,88269.7,2025-01-25 01:10:29,Ahmedabad,merchant_payment,DEV279,0
TXN104111,USER8589,33382.15,2025-03-21 07:49:29,Hyderabad,receive,DEV202,0
TXN104112,USER7695,16946.15,2025-04-01 15:35:29,Pune,receive,DEV308,0
TXN104113,USER9177,103196.39,2025-01-26 08:53:29,Bangalore,self_transfer,DEV914,0
TXN104114,USER2395,192379.78,2025-02-02 02:22:29,Jaipur,bill_payment,DEV840,1
TXN104115,USER7617,51367.91,2025-02-12 06:21:29,Hyderabad,merchant_payment,DEV730,0
TXN104116,USER8884,80662.13,2025-03-31 12:42:29,Delhi,send,DEV553,0
TXN104117,USER5307,99760.73,2025-02-15 05:38:29,Delhi,receive,DEV728,0
TXN104118,USER4900,125247.6,2025-03-09 04:14:29,Pune,self_transfer,DEV694,0
TXN104119,USER7827,123687.95,2025-03-14 00:56:29,Ahmedabad,bill_payment,DEV473,0
TXN104120,USER7542,101662.36,2025-02-23 07:28:29,Bangalore,self_transfer,DEV181,0
TXN104121,USER4856,49741.15,2025-02-16 03:13:29,Jaipur,receive,DEV212,0
TXN104122,USER4148,178589.25,2025-02-17 08:38:29,Mumbai,merchant_payment,DEV475,0
TXN104123,USER4432,194159.78,2025-02-28 06:20:29,Hyderabad,receive,DEV691,0
TXN104124,USER3881,58711.92,2025-01-21 02:44:29,Chennai,send,DEV269,0
TXN104125,USER3939,167052.5,2025-01-31 22:24:29,Pune,receive,DEV991,0
TXN104126,USER9615,38279.88,2025-03-15 22:35:29,Chennai,receive,DEV991,0
TXN104127,USER2521,1057.0,2025-04-06 11:56:29,Jaipur,receive,DEV447,0
TXN104128,USER6082,46019.46,2025-02-23 01:05:29,Chennai,bill_payment,DEV991,0
TXN104129,USER9820,77048.98,2025-02-21 13:20:29,Pune,receive,DEV622,0
TXN104130,USER3904,146094.45,2025-03-07 22:59:29,Kolkata,bill_payment,DEV848,0
TXN104131,USER1977,199418.34,2025-02-17 19:34:29,Bangalore,receive,DEV789,0
TXN104132,USER6167,159765.66,2025-03-01 21:41:29,Delhi,merchant_payment,DEV826,0
TXN104133,USER2766,144219.01,2025-01-29 03:57:29,Jaipur,receive,DEV799,1
TXN104134,USER2471,92629.48,2025-04-04 08:10:29,Hyderabad,send,DEV770,0
TXN104135,USER4750,108273.57,2025-01-20 03:21:29,Mumbai,bill_payment,DEV753,1
TXN104136,USER8343,149814.9,2025-03-21 05:25:29,Hyderabad,bill_payment,DEV696,0
TXN104137,USER7555,131645.35,2025-02-17 13:30:29,Jaipur,receive,DEV334,0
TXN104138,USER4386,88212.62,2025-02-02 12:25:29,Bangalore,self_transfer,DEV736,0
TXN104139,USER1418,165913.71,2025-01-15 19:16:29,Pune,receive,DEV617,0
TXN104140,USER7214,87512.89,2025-02-23 05:05:29,Ahmedabad,self_transfer,DEV358,0
TXN104141,USER7607,197747.54,2025-03-31 21:49:29,Ahmedabad,receive,DEV223,0
TXN104142,USER8354,152039.12,2025-02-26 06:23:29,Pune,merchant_payment,DEV609,0
TXN104143,USER5253,99588.65,2025-02-03 02:47:29,Bangalore,receive,DEV435,0
TXN104144,USER2884,171686.15,2025-03-08 21:49:29,Jaipur,merchant_payment,DEV969,0
TXN104145,USER1195,60391.86,2025-04-05 17:42:29,Pune,merchant_payment,DEV809,0
TXN104146,USER1485,53199.8,2025-03-31 13:36:29,Bangalore,self_transfer,DEV639,0
TXN104147,USER1766,179404.77,2025-03-09 18:40:29,Delhi,bill_payment,DEV378,0
TXN104148,USER5675,70751.98,2025-02-11 16:25:29,Kolkata,self_transfer,DEV787,0
TXN104149,USER2387,23290.04,2025-03-31 14:35:29,Hyderabad,send,DEV522,0
TXN104150,USER6342,128869.97,2025-02-16 07:37:29,Jaipur,receive,DEV386,0
TXN104151,USER1156,156432.14,2025-01-16 01:28:29,Pune,receive,DEV956,1
TXN104152,USER6848,76163.3,2025-01-22 03:15:29,Ahmedabad,bill_payment,DEV204,0
TXN104153,USER1493,150795.04,2025-02-01 18:32:29,Delhi,bill_payment,DEV401,0
TXN104154,USER2626,132520.37,2025-01-11 03:53:29,Kolkata,receive,DEV268,1
TXN104155,USER8443,153654.9,2025-03-23 20:29:29,Jaipur,send,DEV518,0
TXN104156,USER6104,160931.48,2025-01-15 04:06:29,Chennai,merchant_payment,DEV219,0
TXN104157,USER4597,190818.9,2025-02-12 20:28:29,Chennai,bill_payment,DEV193,0
TXN104158,USER8423,98070.18,2025-03-27 19:38:29,Mumbai,merchant_payment,DEV709,0
TXN104159,USER5903,152898.89,2025-03-06 17:53:29,Delhi,bill_payment,DEV326,0
TXN104160,USER2689,19888.86,2025-01-23 17:54:29,Ahmedabad,merchant_payment,DEV444,0
TXN104161,USER7048,8169.15,2025-04-04 12:08:29,Bangalore,self_transfer,DEV226,0
TXN104162,USER3997,124953.58,2025-03-23 08:32:29,Jaipur,receive,DEV486,0
TXN104163,USER9307,135095.65,2025-02-03 14:19:29,Mumbai,bill_payment,DEV507,0
TXN104164,USER8576,5467.17,2025-02-16 11:43:29,Jaipur,bill_payment,DEV460,0
TXN104165,USER5181,138407.06,2025-02-09 00:08:29,Chennai,receive,DEV577,0
TXN104166,USER6876,191297.41,2025-02-06 21:13:29,Mumbai,receive,DEV815,1
TXN104167,USER9677,85115.78,2025-02-23 00:31:29,Jaipur,send,DEV453,0
TXN104168,USER6351,54751.79,2025-02-21 11:24:29,Jaipur,merchant_payment,DEV673,0
TXN104169,USER2570,29359.4,2025-03-09 18:38:29,Jaipur,merchant_payment,DEV466,0
TXN104170,USER8432,11056.01,2025-02-15 05:59:29,Jaipur,bill_payment,DEV952,0
TXN104171,USER7036,98799.62,2025-02-19 19:26:29,Jaipur,self_transfer,DEV399,0
TXN104172,USER5021,43700.42,2025-03-29 11:57:29,Chennai,send,DEV990,0
TXN104173,USER4309,19055.74,2025-04-02 18:56:29,Hyderabad,bill_payment,DEV584,0
TXN104174,USER1390,45767.62,2025-01-15 20:48:29,Ahmedabad,merchant_payment,DEV394,0
TXN104175,USER8229,150236.67,2025-02-18 14:08:29,Mumbai,bill_payment,DEV388,0
TXN104176,USER9650,1479.68,2025-02-07 11:32:29,Bangalore,send,DEV600,0
TXN104177,USER6275,111110.0,2025-03-25 14:34:29,Delhi,send,DEV125,0
TXN104178,USER5409,107462.93,2025-02-18 07:22:29,Jaipur,self_transfer,DEV280,0
TXN104179,USER5866,74157.17,2025-03-08 21:30:29,Delhi,send,DEV878,1
TXN104180,USER3601,74151.6,2025-02-25 11:00:29,Kolkata,receive,DEV477,0
TXN104181,USER1508,133682.55,2025-02-13 05:00:29,Bangalore,send,DEV891,0
TXN104182,USER6738,179518.09,2025-03-03 12:32:29,Pune,merchant_payment,DEV509,0
TXN104183,USER9060,181572.19,2025-01-26 16:26:29,Pune,bill_payment,DEV612,0
TXN104184,USER5982,25967.93,2025-03-19 12:54:29,Pune,self_transfer,DEV581,0
TXN104185,USER7996,172586.65,2025-03-04 07:31:29,Mumbai,send,DEV490,0
TXN104186,USER4975,129973.74,2025-02-06 08:53:29,Pune,self_transfer,DEV797,0
TXN104187,USER8840,86610.37,2025-01-31 16:55:29,Hyderabad,receive,DEV702,0
TXN104188,USER4998,180437.23,2025-01-30 01:06:29,Chennai,receive,DEV534,1
TXN104189,USER1210,149963.61,2025-01-14 10:40:29,Chennai,send,DEV801,0
TXN104190,USER6572,82581.27,2025-02-12 03:37:29,Chennai,self_transfer,DEV503,0
TXN104191,USER6661,177570.13,2025-01-16 20:50:29,Ahmedabad,self_transfer,DEV130,0
TXN104192,USER6303,157385.47,2025-03-12 19:04:29,Kolkata,merchant_payment,DEV255,0
TXN104193,USER5568,61465.7,2025-03-03 12:15:29,Bangalore,receive,DEV653,0
TXN104194,USER9026,78815.93,2025-01-14 02:00:29,Chennai,merchant_payment,DEV507,0
TXN104195,USER3846,74226.18,2025-03-27 08:40:29,Kolkata,send,DEV379,0
TXN104196,USER7780,90680.48,2025-02-08 19:00:29,Hyderabad,send,DEV800,0
TXN104197,USER1701,103355.81,2025-02-19 00:07:29,Delhi,bill_payment,DEV630,0
TXN104198,USER3847,92159.79,2025-02-03 16:14:29,Chennai,bill_payment,DEV822,0
TXN104199,USER2352,31982.62,2025-01-19 19:26:29,Chennai,merchant_payment,DEV569,0
TXN104200,USER8131,157564.98,2025-02-14 08:03:29,Ahmedabad,send,DEV978,0
TXN104201,USER6842,185142.74,2025-03-31 10:30:29,Jaipur,self_transfer,DEV191,0
TXN104202,USER6384,1906.04,2025-03-26 05:28:29,Mumbai,send,DEV534,0
TXN104203,USER8652,116523.39,2025-01-16 23:44:29,Pune,self_transfer,DEV698,0
TXN104204,USER3819,73453.5,2025-01-13 03:18:29,Ahmedabad,bill_payment,DEV551,0
TXN104205,USER8948,31081.31,2025-01-07 14:07:29,Ahmedabad,merchant_payment,DEV125,0
TXN104206,USER5591,155036.1,2025-02-23 07:54:29,Bangalore,bill_payment,DEV961,0
TXN104207,USER9012,5230.89,2025-02-15 10:26:29,Jaipur,bill_payment,DEV625,0
TXN104208,USER6970,61947.8,2025-03-15 00:36:29,Bangalore,receive,DEV420,0
TXN104209,USER3836,155249.58,2025-04-05 15:12:29,Bangalore,send,DEV570,0
TXN104210,USER5860,191610.25,2025-02-23 23:19:29,Ahmedabad,receive,DEV520,0
TXN104211,USER7806,167272.92,2025-01-15 17:41:29,Pune,send,DEV965,0
TXN104212,USER9241,150547.33,2025-03-22 13:07:29,Delhi,receive,DEV170,0
TXN104213,USER1401,105427.49,2025-02-07 11:48:29,Pune,send,DEV969,0
TXN104214,USER2856,3382.62,2025-03-19 07:44:29,Bangalore,merchant_payment,DEV578,0
TXN104215,USER3087,138206.16,2025-03-28 15:13:29,Chennai,receive,DEV890,0
TXN104216,USER2969,101700.78,2025-01-17 10:13:29,Kolkata,receive,DEV173,0
TXN104217,USER1648,11114.09,2025-01-27 09:54:29,Mumbai,send,DEV737,0
TXN104218,USER9533,197876.87,2025-04-04 01:31:29,Pune,receive,DEV109,1
TXN104219,USER9221,167875.84,2025-02-27 18:51:29,Kolkata,send,DEV642,0
TXN104220,USER1316,135178.2,2025-01-20 23:12:29,Jaipur,merchant_payment,DEV506,0
TXN104221,USER4887,68384.94,2025-01-11 01:27:29,Chennai,receive,DEV794,0
TXN104222,USER7519,176544.62,2025-02-17 07:10:29,Mumbai,bill_payment,DEV745,0
TXN104223,USER3979,55971.71,2025-03-26 04:13:29,Kolkata,self_transfer,DEV613,0
TXN104224,USER2237,39743.88,2025-03-27 15:07:29,Bangalore,merchant_payment,DEV346,0
TXN104225,USER8850,175175.49,2025-02-25 12:37:29,Jaipur,bill_payment,DEV492,0
TXN104226,USER6161,102216.28,2025-02-06 02:58:29,Hyderabad,receive,DEV631,1
TXN104227,USER1342,32066.96,2025-01-25 16:48:29,Delhi,merchant_payment,DEV961,0
TXN104228,USER1916,96254.01,2025-03-17 21:31:29,Jaipur,send,DEV316,0
TXN104229,USER6462,184953.44,2025-03-29 16:43:29,Delhi,bill_payment,DEV902,0
TXN104230,USER5481,76480.13,2025-01-22 23:59:29,Chennai,send,DEV642,0
TXN104231,USER5051,107030.07,2025-03-25 20:10:29,Kolkata,send,DEV863,0
TXN104232,USER1822,132820.8,2025-02-07 17:49:29,Hyderabad,self_transfer,DEV266,0
TXN104233,USER3610,10787.84,2025-03-13 15:32:29,Mumbai,bill_payment,DEV961,0
TXN104234,USER8881,37289.78,2025-02-08 08:09:29,Hyderabad,self_transfer,DEV791,0
TXN104235,USER3328,191724.21,2025-04-05 02:56:29,Pune,send,DEV698,1
TXN104236,USER6581,33082.1,2025-02-24 02:06:29,Hyderabad,bill_payment,DEV363,0
TXN104237,USER7439,156243.67,2025-03-25 03:41:29,Pune,send,DEV633,1
TXN104238,USER2384,76580.09,2025-04-06 08:30:29,Ahmedabad,bill_payment,DEV139,0
TXN104239,USER1425,141037.47,2025-01-19 04:27:29,Kolkata,receive,DEV753,0
TXN104240,USER3503,12558.5,2025-03-11 08:56:29,Chennai,send,DEV926,0
TXN104241,USER1707,142219.36,2025-03-04 22:02:29,Kolkata,bill_payment,DEV244,0
TXN104242,USER4528,76742.32,2025-01-21 16:24:29,Mumbai,merchant_payment,DEV608,0
TXN104243,USER6845,113165.04,2025-03-04 17:02:29,Ahmedabad,self_transfer,DEV373,0
TXN104244,USER3766,40311.41,2025-01-28 11:41:29,Chennai,send,DEV544,0
TXN104245,USER3755,113122.51,2025-04-02 02:18:29,Delhi,merchant_payment,DEV901,1
TXN104246,USER1833,43816.78,2025-01-16 23:04:29,Chennai,receive,DEV445,0
TXN104247,USER1501,977.57,2025-02-17 16:03:29,Mumbai,receive,DEV491,0
TXN104248,USER5132,156045.87,2025-02-26 03:33:29,Pune,self_transfer,DEV495,1
TXN104249,USER7753,58011.58,2025-01-17 02:49:29,Delhi,bill_payment,DEV700,0
TXN104250,USER6833,184146.38,2025-03-06 19:16:29,Chennai,self_transfer,DEV387,0
TXN104251,USER9945,140325.39,2025-02-10 22:36:29,Ahmedabad,send,DEV362,0
TXN104252,USER9846,47095.77,2025-01-18 07:51:29,Kolkata,merchant_payment,DEV748,0
TXN104253,USER8471,51420.65,2025-03-02 08:40:29,Delhi,merchant_payment,DEV997,0
TXN104254,USER8568,149037.86,2025-01-16 18:31:29,Hyderabad,send,DEV991,0
TXN104255,USER6478,33689.07,2025-03-19 17:05:29,Bangalore,merchant_payment,DEV483,0
TXN104256,USER3624,128932.11,2025-03-31 05:33:29,Bangalore,bill_payment,DEV341,0
TXN104257,USER3913,168621.36,2025-03-02 16:26:29,Ahmedabad,send,DEV978,0
TXN104258,USER6287,116330.8,2025-03-05 05:08:29,Delhi,bill_payment,DEV874,0
TXN104259,USER2369,25483.4,2025-02-08 02:48:29,Hyderabad,merchant_payment,DEV140,0
TXN104260,USER9329,124122.45,2025-02-16 06:12:29,Hyderabad,receive,DEV139,0
TXN104261,USER6162,50838.92,2025-03-25 11:33:29,Jaipur,receive,DEV646,0
TXN104262,USER6195,123351.85,2025-03-27 08:57:29,Ahmedabad,bill_payment,DEV344,0
TXN104263,USER1672,60763.61,2025-03-15 02:22:29,Jaipur,receive,DEV334,0
TXN104264,USER8027,37073.22,2025-03-16 20:35:29,Jaipur,receive,DEV508,0
TXN104265,USER1099,171075.47,2025-04-06 21:53:29,Jaipur,send,DEV977,0
TXN104266,USER2835,10640.12,2025-02-09 21:26:29,Chennai,send,DEV799,0
TXN104267,USER1598,28194.12,2025-03-25 22:20:29,Pune,receive,DEV539,0
TXN104268,USER8687,51728.31,2025-01-30 19:42:29,Hyderabad,bill_payment,DEV738,0
TXN104269,USER4052,45899.74,2025-01-23 14:36:29,Ahmedabad,self_transfer,DEV537,0
TXN104270,USER9125,93208.26,2025-04-06 15:26:29,Jaipur,receive,DEV954,0
TXN104271,USER3908,79470.04,2025-02-10 14:26:29,Bangalore,self_transfer,DEV479,0
TXN104272,USER4735,166012.83,2025-03-22 05:23:29,Delhi,send,DEV388,0
TXN104273,USER7988,29000.34,2025-03-02 19:05:29,Kolkata,bill_payment,DEV548,0
TXN104274,USER4770,162022.99,2025-03-15 00:50:29,Pune,merchant_payment,DEV799,0
TXN104275,USER9208,143129.96,2025-03-10 19:32:29,Chennai,self_transfer,DEV799,0
TXN104276,USER9914,161253.04,2025-02-16 05:48:29,Ahmedabad,merchant_payment,DEV712,0
TXN104277,USER8977,172265.31,2025-03-27 17:59:29,Chennai,send,DEV361,0
TXN104278,USER3556,7729.22,2025-01-30 20:27:29,Bangalore,receive,DEV376,0
TXN104279,USER1256,103444.64,2025-02-01 00:14:29,Bangalore,merchant_payment,DEV692,0
TXN104280,USER6600,173716.73,2025-01-24 16:15:29,Chennai,bill_payment,DEV117,0
TXN104281,USER6142,11173.49,2025-03-28 01:58:29,Jaipur,self_transfer,DEV597,0
TXN104282,USER8635,38488.93,2025-02-28 22:17:29,Bangalore,receive,DEV622,0
TXN104283,USER5358,147891.73,2025-04-01 09:31:29,Ahmedabad,bill_payment,DEV953,0
TXN104284,USER1632,47101.86,2025-01-20 10:51:29,Bangalore,bill_payment,DEV429,0
TXN104285,USER7301,95889.82,2025-03-27 11:50:29,Hyderabad,merchant_payment,DEV569,0
TXN104286,USER9454,170725.31,2025-01-13 20:49:29,Mumbai,self_transfer,DEV413,0
TXN104287,USER6212,145823.07,2025-03-26 19:36:29,Pune,self_transfer,DEV992,0
TXN104288,USER6964,51676.84,2025-01-20 15:40:29,Kolkata,self_transfer,DEV716,0
TXN104289,USER1076,155270.49,2025-01-24 13:35:29,Hyderabad,self_transfer,DEV856,0
TXN104290,USER6133,26463.34,2025-03-03 14:44:29,Pune,merchant_payment,DEV284,0
TXN104291,USER2652,177767.03,2025-04-05 01:13:29,Mumbai,send,DEV666,1
TXN104292,USER5124,154286.94,2025-02-11 03:27:29,Hyderabad,self_transfer,DEV217,1
TXN104293,USER8159,134607.31,2025-04-06 16:33:29,Hyderabad,self_transfer,DEV882,0
TXN104294,USER6976,128994.86,2025-03-07 11:16:29,Bangalore,bill_payment,DEV465,0
TXN104295,USER1030,56809.34,2025-02-24 15:34:29,Jaipur,merchant_payment,DEV146,0
TXN104296,USER1461,72315.5,2025-03-12 02:05:29,Hyderabad,bill_payment,DEV852,0
TXN104297,USER5793,171600.97,2025-03-20 18:44:29,Chennai,send,DEV578,0
TXN104298,USER3347,182339.21,2025-03-10 15:26:29,Jaipur,bill_payment,DEV476,0
TXN104299,USER8353,161351.88,2025-02-27 06:27:29,Kolkata,merchant_payment,DEV377,0
TXN104300,USER5481,34001.91,2025-03-23 07:12:29,Bangalore,merchant_payment,DEV744,0
TXN104301,USER6124,178802.4,2025-03-17 03:52:29,Kolkata,merchant_payment,DEV422,1
TXN104302,USER7713,172982.37,2025-04-04 20:16:29,Mumbai,self_transfer,DEV918,0
TXN104303,USER7499,36243.37,2025-01-10 06:16:29,Delhi,receive,DEV943,0
TXN104304,USER8654,153565.53,2025-03-03 20:25:29,Pune,bill_payment,DEV165,0
TXN104305,USER6053,162201.84,2025-04-04 23:19:29,Mumbai,self_transfer,DEV868,0
TXN104306,USER9224,64996.78,2025-01-16 17:18:29,Jaipur,send,DEV371,0
TXN104307,USER2402,85556.56,2025-02-25 11:16:29,Ahmedabad,receive,DEV251,0
TXN104308,USER9420,152044.4,2025-02-14 15:50:29,Hyderabad,bill_payment,DEV920,0
TXN104309,USER7726,183568.2,2025-01-09 16:29:29,Ahmedabad,bill_payment,DEV767,0
TXN104310,USER9953,161490.99,2025-03-04 06:39:29,Jaipur,send,DEV174,0
TXN104311,USER6603,5760.17,2025-04-03 01:08:29,Jaipur,receive,DEV739,0
TXN104312,USER7975,92256.38,2025-01-22 05:48:29,Jaipur,send,DEV846,0
TXN104313,USER4182,126547.23,2025-02-27 03:54:29,Pune,receive,DEV215,1
TXN104314,USER5138,9669.96,2025-01-18 08:58:29,Mumbai,bill_payment,DEV693,0
TXN104315,USER8755,89132.53,2025-01-28 03:53:29,Hyderabad,send,DEV319,0
TXN104316,USER1917,98388.28,2025-02-28 19:24:29,Jaipur,self_transfer,DEV284,0
TXN104317,USER3180,101826.92,2025-03-25 10:57:29,Jaipur,receive,DEV187,0
TXN104318,USER8611,102640.68,2025-02-02 20:45:29,Mumbai,self_transfer,DEV472,0
TXN104319,USER9318,42078.72,2025-02-23 10:42:29,Pune,bill_payment,DEV857,0
TXN104320,USER6369,35466.09,2025-02-23 03:54:29,Jaipur,bill_payment,DEV482,0
TXN104321,USER2182,56509.67,2025-01-29 20:12:29,Mumbai,merchant_payment,DEV558,0
TXN104322,USER5954,91890.49,2025-02-04 14:19:29,Kolkata,self_transfer,DEV940,0
TXN104323,USER3317,29642.57,2025-03-05 10:42:29,Delhi,self_transfer,DEV477,0
TXN104324,USER2700,28157.7,2025-01-10 13:30:29,Hyderabad,send,DEV550,0
TXN104325,USER4992,185061.47,2025-01-20 23:22:29,Jaipur,bill_payment,DEV674,0
TXN104326,USER8879,6564.03,2025-03-31 10:00:29,Mumbai,bill_payment,DEV142,0
TXN104327,USER8285,85051.52,2025-02-15 03:26:29,Bangalore,receive,DEV310,0
TXN104328,USER6264,59466.92,2025-03-22 20:36:29,Jaipur,merchant_payment,DEV806,0
TXN104329,USER2634,67055.4,2025-03-17 21:08:29,Jaipur,self_transfer,DEV704,0
TXN104330,USER2997,133916.8,2025-03-18 03:26:29,Hyderabad,bill_payment,DEV528,1
TXN104331,USER7990,154759.3,2025-01-28 04:01:29,Mumbai,receive,DEV408,1
TXN104332,USER2988,125312.75,2025-03-23 07:50:29,Bangalore,receive,DEV754,0
TXN104333,USER1417,76066.68,2025-01-24 07:58:29,Ahmedabad,self_transfer,DEV663,0
TXN104334,USER2873,67975.28,2025-03-08 07:03:29,Kolkata,merchant_payment,DEV150,0
TXN104335,USER9810,65351.14,2025-02-22 13:18:29,Kolkata,self_transfer,DEV997,0
TXN104336,USER9669,139120.64,2025-02-13 12:34:29,Chennai,send,DEV794,0
TXN104337,USER2228,48486.47,2025-01-22 05:11:29,Hyderabad,merchant_payment,DEV157,0
TXN104338,USER6757,119704.65,2025-01-08 07:03:29,Mumbai,self_transfer,DEV137,0
TXN104339,USER9552,142872.86,2025-02-27 10:11:29,Ahmedabad,merchant_payment,DEV327,0
TXN104340,USER6111,2374.95,2025-02-09 04:47:29,Pune,merchant_payment,DEV145,0
TXN104341,USER9293,46154.62,2025-04-01 02:36:29,Hyderabad,self_transfer,DEV155,0
TXN104342,USER8792,199604.7,2025-01-13 14:21:29,Bangalore,receive,DEV563,0
TXN104343,USER8376,169972.23,2025-03-10 06:36:29,Jaipur,merchant_payment,DEV303,0
TXN104344,USER5465,48326.5,2025-02-27 10:00:29,Chennai,self_transfer,DEV349,0
TXN104345,USER1935,23281.99,2025-04-03 20:13:29,Bangalore,self_transfer,DEV330,0
TXN104346,USER1085,175454.28,2025-04-02 06:28:29,Mumbai,receive,DEV371,0
TXN104347,USER2092,178554.44,2025-03-26 11:09:29,Bangalore,merchant_payment,DEV345,0
TXN104348,USER8667,21711.53,2025-02-02 19:51:29,Ahmedabad,self_transfer,DEV512,0
TXN104349,USER6519,169986.26,2025-01-21 01:31:29,Mumbai,bill_payment,DEV100,1
TXN104350,USER5966,51676.85,2025-01-25 14:27:29,Bangalore,self_transfer,DEV982,0
TXN104351,USER5852,82139.26,2025-03-28 06:20:29,Kolkata,bill_payment,DEV348,0
TXN104352,USER1428,181112.61,2025-03-26 07:40:29,Ahmedabad,merchant_payment,DEV576,0
TXN104353,USER6854,36842.81,2025-02-25 15:38:29,Chennai,self_transfer,DEV244,0
TXN104354,USER9540,107144.92,2025-03-28 16:07:29,Bangalore,merchant_payment,DEV285,0
TXN104355,USER7276,154555.83,2025-02-15 09:47:29,Kolkata,send,DEV839,0
TXN104356,USER5386,134836.75,2025-02-21 14:34:29,Delhi,self_transfer,DEV853,0
TXN104357,USER8741,11802.07,2025-01-20 11:53:29,Bangalore,receive,DEV917,0
TXN104358,USER3396,134909.23,2025-03-08 19:47:29,Mumbai,self_transfer,DEV148,0
TXN104359,USER5542,29760.65,2025-03-04 10:14:29,Ahmedabad,bill_payment,DEV313,0
TXN104360,USER7777,62651.1,2025-02-21 06:46:29,Chennai,merchant_payment,DEV933,0
TXN104361,USER7358,119097.48,2025-01-29 19:30:29,Delhi,send,DEV236,0
TXN104362,USER3091,55832.84,2025-04-04 13:27:29,Bangalore,self_transfer,DEV475,0
TXN104363,USER8589,90826.3,2025-03-31 02:18:29,Chennai,self_transfer,DEV857,0
TXN104364,USER5238,105234.53,2025-02-13 13:43:29,Mumbai,receive,DEV367,0
TXN104365,USER7885,93966.29,2025-03-09 17:00:29,Bangalore,bill_payment,DEV346,0
TXN104366,USER9265,188271.49,2025-02-27 00:37:29,Bangalore,merchant_payment,DEV108,0
TXN104367,USER1856,173954.66,2025-02-19 14:07:29,Kolkata,merchant_payment,DEV831,0
TXN104368,USER8385,122261.81,2025-03-17 01:00:29,Pune,receive,DEV154,1
TXN104369,USER8937,169375.5,2025-01-16 15:58:29,Ahmedabad,bill_payment,DEV879,0
TXN104370,USER2766,40636.93,2025-02-18 15:16:29,Jaipur,receive,DEV320,0
TXN104371,USER4793,166474.74,2025-01-09 19:47:29,Kolkata,receive,DEV405,0
TXN104372,USER7638,178460.38,2025-01-22 04:43:29,Bangalore,bill_payment,DEV821,0
TXN104373,USER1565,164752.06,2025-01-11 13:43:29,Jaipur,self_transfer,DEV195,0
TXN104374,USER3667,163094.22,2025-03-30 08:59:29,Bangalore,bill_payment,DEV915,0
TXN104375,USER5981,76412.57,2025-03-31 13:28:29,Ahmedabad,receive,DEV447,0
TXN104376,USER9840,172636.84,2025-02-01 12:07:29,Hyderabad,receive,DEV283,0
TXN104377,USER4135,145592.4,2025-03-05 22:32:29,Mumbai,receive,DEV818,0
TXN104378,USER5103,183866.73,2025-01-11 12:43:29,Chennai,receive,DEV284,0
TXN104379,USER1666,74751.84,2025-03-21 07:02:29,Kolkata,bill_payment,DEV177,0
TXN104380,USER3917,12947.38,2025-02-28 02:53:29,Mumbai,send,DEV870,0
TXN104381,USER3901,119594.81,2025-01-12 15:48:29,Bangalore,send,DEV329,0
TXN104382,USER5419,76698.85,2025-04-05 15:20:29,Chennai,receive,DEV593,1
TXN104383,USER5944,157914.99,2025-01-22 13:04:29,Mumbai,merchant_payment,DEV816,0
TXN104384,USER1533,26364.92,2025-03-31 02:00:29,Jaipur,bill_payment,DEV717,0
TXN104385,USER4335,190748.59,2025-03-15 15:32:29,Hyderabad,merchant_payment,DEV732,0
TXN104386,USER2555,136169.33,2025-03-17 13:45:29,Hyderabad,receive,DEV711,0
TXN104387,USER7494,1106.44,2025-02-04 02:22:29,Bangalore,send,DEV475,0
TXN104388,USER3942,10510.91,2025-03-15 21:56:29,Kolkata,bill_payment,DEV902,0
TXN104389,USER3232,122801.14,2025-01-11 15:07:29,Delhi,bill_payment,DEV857,0
TXN104390,USER5177,66612.61,2025-03-01 08:44:29,Chennai,send,DEV353,0
TXN104391,USER8328,148963.05,2025-03-07 02:16:29,Hyderabad,self_transfer,DEV615,1
TXN104392,USER5105,160255.88,2025-03-20 02:20:29,Hyderabad,bill_payment,DEV937,1
TXN104393,USER3604,160743.3,2025-03-16 14:57:29,Ahmedabad,merchant_payment,DEV322,0
TXN104394,USER7965,4444.19,2025-03-09 07:06:29,Hyderabad,bill_payment,DEV679,0
TXN104395,USER3602,53242.71,2025-03-24 21:07:29,Hyderabad,send,DEV506,0
TXN104396,USER6835,72714.12,2025-03-27 21:10:29,Bangalore,send,DEV823,0
TXN104397,USER2457,63101.19,2025-02-11 06:03:29,Ahmedabad,bill_payment,DEV991,0
TXN104398,USER6792,53025.93,2025-02-10 11:01:29,Chennai,merchant_payment,DEV410,0
TXN104399,USER1919,1096.18,2025-03-02 20:13:29,Mumbai,self_transfer,DEV204,0
TXN104400,USER3430,181391.27,2025-03-18 23:14:29,Delhi,receive,DEV445,0
TXN104401,USER5364,177719.69,2025-03-09 05:17:29,Bangalore,receive,DEV791,0
TXN104402,USER2012,80025.86,2025-03-30 08:38:29,Pune,bill_payment,DEV532,0
TXN104403,USER4292,107086.89,2025-03-19 06:23:29,Pune,send,DEV936,0
TXN104404,USER7044,52709.72,2025-02-27 02:49:29,Ahmedabad,merchant_payment,DEV496,0
TXN104405,USER3232,73923.25,2025-03-19 20:44:29,Pune,self_transfer,DEV498,0
TXN104406,USER4977,103616.68,2025-02-14 13:31:29,Bangalore,bill_payment,DEV405,0
TXN104407,USER5476,88954.9,2025-02-05 04:07:29,Bangalore,receive,DEV171,0
TXN104408,USER4598,192121.11,2025-02-09 23:46:29,Mumbai,send,DEV154,0
TXN104409,USER5653,76376.27,2025-02-20 10:14:29,Ahmedabad,bill_payment,DEV533,0
TXN104410,USER7101,193795.94,2025-03-06 15:26:29,Ahmedabad,receive,DEV406,0
TXN104411,USER7437,178144.87,2025-02-03 22:11:29,Pune,self_transfer,DEV626,0
TXN104412,USER5109,20354.83,2025-03-23 19:11:29,Mumbai,bill_payment,DEV357,0
TXN104413,USER6395,151158.34,2025-02-01 14:32:29,Pune,send,DEV231,0
TXN104414,USER1746,88232.15,2025-03-10 08:13:29,Delhi,receive,DEV418,0
TXN104415,USER5943,109364.2,2025-04-06 19:56:29,Pune,self_transfer,DEV338,0
TXN104416,USER5200,61378.68,2025-03-15 00:27:29,Ahmedabad,receive,DEV251,1
TXN104417,USER9885,166133.66,2025-01-15 09:15:29,Mumbai,send,DEV767,0
TXN104418,USER8304,61845.62,2025-03-01 21:31:29,Bangalore,merchant_payment,DEV370,0
TXN104419,USER6095,149815.45,2025-03-10 04:17:29,Mumbai,bill_payment,DEV684,0
TXN104420,USER3513,27929.22,2025-03-17 18:35:29,Hyderabad,bill_payment,DEV774,0
TXN104421,USER2077,40750.49,2025-03-02 11:50:29,Pune,self_transfer,DEV440,0
TXN104422,USER5580,93813.22,2025-01-24 06:20:29,Hyderabad,receive,DEV919,0
TXN104423,USER7439,126092.2,2025-04-05 21:44:29,Ahmedabad,receive,DEV884,0
TXN104424,USER4014,182493.23,2025-02-09 15:14:29,Ahmedabad,send,DEV836,0
TXN104425,USER4295,62426.61,2025-01-19 18:17:29,Jaipur,send,DEV240,0
TXN104426,USER1579,191513.27,2025-02-22 16:15:29,Bangalore,self_transfer,DEV510,0
TXN104427,USER5087,96725.61,2025-02-18 04:47:29,Hyderabad,receive,DEV209,0
TXN104428,USER1290,123493.24,2025-02-15 02:38:29,Mumbai,self_transfer,DEV916,1
TXN104429,USER9812,190882.03,2025-03-01 16:49:29,Delhi,self_transfer,DEV613,0
TXN104430,USER2607,130947.47,2025-02-28 10:20:29,Jaipur,bill_payment,DEV399,0
TXN104431,USER3589,127264.33,2025-02-26 17:37:29,Hyderabad,self_transfer,DEV229,0
TXN104432,USER7627,46747.83,2025-03-21 01:19:29,Chennai,merchant_payment,DEV957,0
TXN104433,USER5954,140117.1,2025-03-02 20:20:29,Hyderabad,send,DEV642,0
TXN104434,USER2110,178769.0,2025-01-26 16:13:29,Ahmedabad,send,DEV325,0
TXN104435,USER5014,140009.31,2025-03-11 11:43:29,Hyderabad,send,DEV525,0
TXN104436,USER1947,168343.5,2025-02-13 11:46:29,Kolkata,receive,DEV488,0
TXN104437,USER7694,194552.26,2025-01-26 03:05:29,Chennai,self_transfer,DEV584,1
TXN104438,USER9084,50265.37,2025-01-17 17:03:29,Kolkata,self_transfer,DEV710,0
TXN104439,USER2691,185791.74,2025-02-24 16:17:29,Mumbai,send,DEV146,0
TXN104440,USER9133,139156.84,2025-01-18 02:10:29,Mumbai,bill_payment,DEV924,1
TXN104441,USER7584,156359.96,2025-02-07 00:02:29,Hyderabad,merchant_payment,DEV914,0
TXN104442,USER8455,19832.49,2025-01-08 08:48:29,Bangalore,self_transfer,DEV146,0
TXN104443,USER7748,191057.36,2025-01-24 12:13:29,Jaipur,bill_payment,DEV863,0
TXN104444,USER3315,151885.78,2025-01-17 21:07:29,Jaipur,send,DEV391,0
TXN104445,USER4871,67382.67,2025-02-23 22:29:29,Hyderabad,receive,DEV653,0
TXN104446,USER8784,89729.44,2025-02-24 08:09:29,Pune,bill_payment,DEV427,0
TXN104447,USER9684,110407.16,2025-03-25 01:04:29,Ahmedabad,merchant_payment,DEV754,1
TXN104448,USER7756,22193.89,2025-02-27 01:11:29,Mumbai,send,DEV393,0
TXN104449,USER6304,42967.0,2025-04-04 16:56:29,Kolkata,send,DEV788,0
TXN104450,USER7808,75547.17,2025-02-17 07:58:29,Pune,send,DEV440,0
TXN104451,USER1517,195150.62,2025-02-10 13:07:29,Mumbai,self_transfer,DEV229,0
TXN104452,USER2714,114979.16,2025-04-07 09:13:29,Ahmedabad,merchant_payment,DEV673,0
TXN104453,USER9478,29013.63,2025-03-09 22:41:29,Kolkata,send,DEV803,0
TXN104454,USER7976,150864.32,2025-03-30 14:39:29,Hyderabad,send,DEV560,0
TXN104455,USER3305,66268.48,2025-01-23 00:08:29,Kolkata,send,DEV185,0
TXN104456,USER6341,75117.08,2025-03-13 05:44:29,Kolkata,bill_payment,DEV606,0
TXN104457,USER5011,93819.73,2025-03-16 13:47:29,Chennai,merchant_payment,DEV118,0
TXN104458,USER5500,61788.66,2025-03-10 06:02:29,Delhi,merchant_payment,DEV943,0
TXN104459,USER5113,110542.96,2025-01-07 03:34:29,Chennai,receive,DEV969,1
TXN104460,USER3225,16851.46,2025-01-14 02:23:29,Ahmedabad,merchant_payment,DEV245,0
TXN104461,USER8862,197601.44,2025-02-16 07:57:29,Delhi,bill_payment,DEV822,0
TXN104462,USER9393,191795.89,2025-01-15 04:11:29,Ahmedabad,merchant_payment,DEV702,0
TXN104463,USER9473,8999.63,2025-02-15 05:49:29,Ahmedabad,merchant_payment,DEV197,0
TXN104464,USER4285,77289.66,2025-02-12 14:44:29,Pune,bill_payment,DEV148,0
TXN104465,USER7880,14643.42,2025-03-03 15:52:29,Kolkata,merchant_payment,DEV762,0
TXN104466,USER5502,102266.6,2025-02-23 16:05:29,Pune,receive,DEV390,0
TXN104467,USER1656,27103.76,2025-02-12 14:14:29,Bangalore,receive,DEV152,0
TXN104468,USER8757,146725.5,2025-03-15 13:50:29,Kolkata,merchant_payment,DEV281,0
TXN104469,USER6361,164697.15,2025-03-20 12:01:29,Hyderabad,send,DEV981,0
TXN104470,USER5300,96310.25,2025-02-25 01:03:29,Delhi,self_transfer,DEV603,0
TXN104471,USER6100,13217.52,2025-04-07 04:08:29,Pune,send,DEV418,0
TXN104472,USER4329,192245.2,2025-03-18 13:46:29,Kolkata,send,DEV670,0
TXN104473,USER3269,1184.18,2025-01-13 14:10:29,Delhi,send,DEV370,0
TXN104474,USER9557,82529.42,2025-03-09 14:56:29,Kolkata,send,DEV519,0
TXN104475,USER6420,15689.35,2025-03-09 03:47:29,Ahmedabad,bill_payment,DEV507,0
TXN104476,USER6163,48708.41,2025-02-12 17:57:29,Chennai,receive,DEV853,0
TXN104477,USER7498,158767.2,2025-03-30 08:32:29,Kolkata,merchant_payment,DEV350,0
TXN104478,USER9927,90251.04,2025-01-13 14:05:29,Mumbai,receive,DEV232,0
TXN104479,USER1968,131867.29,2025-02-11 16:19:29,Hyderabad,merchant_payment,DEV894,0
TXN104480,USER9668,125452.02,2025-02-28 19:28:29,Kolkata,receive,DEV403,0
TXN104481,USER7397,23277.18,2025-02-22 11:45:29,Bangalore,self_transfer,DEV328,0
TXN104482,USER6380,56626.84,2025-03-23 23:53:29,Chennai,receive,DEV942,0
TXN104483,USER2168,82103.96,2025-04-05 21:10:29,Kolkata,self_transfer,DEV481,0
TXN104484,USER8856,110397.77,2025-01-18 23:17:29,Mumbai,receive,DEV383,0
TXN104485,USER9463,154574.56,2025-03-18 15:03:29,Mumbai,send,DEV367,0
TXN104486,USER4630,127633.12,2025-02-08 05:29:29,Ahmedabad,self_transfer,DEV834,0
TXN104487,USER9266,121572.54,2025-04-01 11:23:29,Pune,self_transfer,DEV924,0
TXN104488,USER4581,37945.94,2025-03-12 10:11:29,Hyderabad,send,DEV976,0
TXN104489,USER1240,1800.39,2025-02-05 10:11:29,Hyderabad,self_transfer,DEV280,0
TXN104490,USER8794,601.24,2025-02-11 08:38:29,Delhi,send,DEV487,0
TXN104491,USER6998,47354.06,2025-02-13 19:21:29,Pune,bill_payment,DEV820,0
TXN104492,USER7397,186052.95,2025-01-08 10:14:29,Pune,send,DEV293,0
TXN104493,USER1399,99220.33,2025-01-21 09:00:29,Hyderabad,bill_payment,DEV315,0
TXN104494,USER6901,196659.01,2025-04-06 10:51:29,Hyderabad,self_transfer,DEV185,0
TXN104495,USER6562,163792.37,2025-02-08 21:12:29,Chennai,self_transfer,DEV892,0
TXN104496,USER1869,139992.96,2025-03-31 02:25:29,Ahmedabad,send,DEV277,1
TXN104497,USER9960,159819.17,2025-01-08 08:39:29,Jaipur,receive,DEV974,0
TXN104498,USER1752,52009.69,2025-04-04 15:05:29,Bangalore,bill_payment,DEV226,0
TXN104499,USER6353,88539.79,2025-04-05 08:17:29,Kolkata,send,DEV302,0
TXN104500,USER2003,5876.57,2025-02-15 20:19:29,Hyderabad,merchant_payment,DEV953,0
TXN104501,USER8336,86224.81,2025-02-23 00:49:29,Mumbai,send,DEV501,0
TXN104502,USER5723,108168.47,2025-04-01 16:18:29,Kolkata,send,DEV981,0
TXN104503,USER4352,170586.31,2025-01-13 02:59:29,Delhi,merchant_payment,DEV835,1
TXN104504,USER8051,127204.29,2025-01-21 17:39:29,Mumbai,send,DEV756,0
TXN104505,USER9453,104902.06,2025-03-05 07:25:29,Hyderabad,receive,DEV577,0
TXN104506,USER1347,9296.43,2025-02-10 01:27:29,Delhi,self_transfer,DEV578,0
TXN104507,USER1536,115854.46,2025-03-30 09:46:29,Bangalore,self_transfer,DEV233,0
TXN104508,USER4568,9076.73,2025-01-30 04:31:29,Bangalore,bill_payment,DEV879,0
TXN104509,USER5801,6096.91,2025-02-15 15:35:29,Chennai,receive,DEV428,0
TXN104510,USER2103,62470.39,2025-02-15 23:09:29,Bangalore,bill_payment,DEV161,0
TXN104511,USER8047,4632.3,2025-01-23 10:25:29,Chennai,bill_payment,DEV837,0
TXN104512,USER9222,196289.93,2025-01-19 06:03:29,Mumbai,receive,DEV961,0
TXN104513,USER1274,154565.32,2025-03-05 11:53:29,Ahmedabad,self_transfer,DEV505,0
TXN104514,USER2880,151167.32,2025-03-29 14:47:29,Hyderabad,send,DEV985,0
TXN104515,USER5993,50117.84,2025-01-08 22:44:29,Mumbai,self_transfer,DEV671,0
TXN104516,USER1479,153570.8,2025-03-02 04:53:29,Hyderabad,merchant_payment,DEV468,0
TXN104517,USER6714,158155.62,2025-03-18 06:53:29,Mumbai,bill_payment,DEV136,0
TXN104518,USER2516,50102.47,2025-03-20 18:30:29,Pune,send,DEV975,0
TXN104519,USER8612,187529.52,2025-02-28 22:26:29,Chennai,send,DEV525,0
TXN104520,USER4581,156292.29,2025-03-04 15:11:29,Kolkata,bill_payment,DEV788,0
TXN104521,USER8571,57445.66,2025-02-18 20:49:29,Ahmedabad,merchant_payment,DEV935,0
TXN104522,USER3623,115960.32,2025-03-02 05:24:29,Mumbai,self_transfer,DEV509,0
TXN104523,USER4166,197958.43,2025-03-23 20:58:29,Hyderabad,merchant_payment,DEV534,0
TXN104524,USER1465,46991.89,2025-04-07 07:31:29,Chennai,receive,DEV454,0
TXN104525,USER1919,153254.17,2025-01-24 11:04:29,Chennai,bill_payment,DEV301,0
TXN104526,USER4844,102692.73,2025-01-20 22:12:29,Pune,self_transfer,DEV617,0
TXN104527,USER6973,69940.57,2025-01-16 01:44:29,Hyderabad,receive,DEV431,0
TXN104528,USER9843,78229.3,2025-02-07 10:08:29,Bangalore,receive,DEV182,0
TXN104529,USER1371,113507.0,2025-03-23 14:22:29,Mumbai,self_transfer,DEV469,0
TXN104530,USER2607,164606.99,2025-03-22 08:34:29,Bangalore,self_transfer,DEV155,0
TXN104531,USER9051,106910.4,2025-03-19 07:05:29,Delhi,send,DEV456,0
TXN104532,USER7747,125795.15,2025-02-01 17:21:29,Bangalore,receive,DEV355,0
TXN104533,USER3182,110476.42,2025-03-24 17:54:29,Pune,self_transfer,DEV611,0
TXN104534,USER3064,92274.28,2025-01-23 16:41:29,Chennai,receive,DEV382,0
TXN104535,USER9741,85981.74,2025-02-04 22:38:29,Chennai,merchant_payment,DEV609,0
TXN104536,USER4240,13908.31,2025-01-26 04:34:29,Mumbai,bill_payment,DEV789,0
TXN104537,USER4189,48175.95,2025-02-20 17:00:29,Jaipur,receive,DEV133,0
TXN104538,USER9605,5878.97,2025-01-12 04:04:29,Pune,bill_payment,DEV238,0
TXN104539,USER3491,47665.8,2025-02-05 17:45:29,Mumbai,merchant_payment,DEV755,0
TXN104540,USER2104,104895.83,2025-03-12 07:59:29,Delhi,merchant_payment,DEV925,1
TXN104541,USER3709,117565.75,2025-03-24 00:18:29,Jaipur,self_transfer,DEV697,0
TXN104542,USER9021,72676.29,2025-03-31 03:49:29,Jaipur,self_transfer,DEV685,0
TXN104543,USER4571,28601.21,2025-04-07 00:27:29,Chennai,merchant_payment,DEV246,0
TXN104544,USER3020,102900.06,2025-03-29 20:28:29,Delhi,receive,DEV884,0
TXN104545,USER9523,14534.04,2025-02-05 09:24:29,Delhi,merchant_payment,DEV184,0
TXN104546,USER7339,142902.25,2025-01-19 12:09:29,Chennai,self_transfer,DEV657,0
TXN104547,USER7009,116944.38,2025-02-12 09:01:29,Bangalore,receive,DEV955,0
TXN104548,USER6318,79394.21,2025-01-12 04:34:29,Ahmedabad,bill_payment,DEV243,0
TXN104549,USER8498,25734.58,2025-01-24 14:19:29,Pune,receive,DEV945,0
TXN104550,USER4673,174467.55,2025-02-09 07:22:29,Ahmedabad,receive,DEV839,0
TXN104551,USER8576,64111.56,2025-02-14 01:24:29,Mumbai,merchant_payment,DEV715,0
TXN104552,USER6091,174245.05,2025-01-13 22:34:29,Jaipur,merchant_payment,DEV305,0
TXN104553,USER5335,165950.59,2025-02-14 13:02:29,Bangalore,send,DEV420,0
TXN104554,USER9677,15738.59,2025-02-27 05:04:29,Bangalore,receive,DEV193,0
TXN104555,USER9157,17616.12,2025-03-31 10:22:29,Delhi,merchant_payment,DEV482,0
TXN104556,USER1210,34466.01,2025-02-01 11:33:29,Bangalore,receive,DEV250,0
TXN104557,USER5427,101047.29,2025-02-23 00:17:29,Hyderabad,merchant_payment,DEV192,0
TXN104558,USER2963,81758.63,2025-03-29 14:38:29,Chennai,self_transfer,DEV458,0
TXN104559,USER6499,23358.19,2025-02-23 21:42:29,Kolkata,bill_payment,DEV371,0
TXN104560,USER4960,99823.91,2025-01-15 15:09:29,Bangalore,receive,DEV332,0
TXN104561,USER8860,127197.13,2025-01-25 23:17:29,Hyderabad,merchant_payment,DEV189,0
TXN104562,USER2550,50623.74,2025-02-10 01:19:29,Hyderabad,merchant_payment,DEV649,0
TXN104563,USER5795,169833.63,2025-02-16 19:54:29,Chennai,self_transfer,DEV889,0
TXN104564,USER6771,187858.59,2025-03-03 02:22:29,Delhi,merchant_payment,DEV972,1
TXN104565,USER8568,175443.63,2025-04-06 16:35:29,Jaipur,merchant_payment,DEV772,0
TXN104566,USER5464,153872.22,2025-02-17 15:36:29,Delhi,bill_payment,DEV408,0
TXN104567,USER6067,66998.44,2025-02-25 16:11:29,Chennai,send,DEV319,0
TXN104568,USER3262,26452.8,2025-03-02 06:17:29,Ahmedabad,send,DEV640,0
TXN104569,USER1024,69546.18,2025-03-09 16:44:29,Pune,self_transfer,DEV983,0
TXN104570,USER7656,163270.5,2025-03-13 17:38:29,Hyderabad,send,DEV245,0
TXN104571,USER4941,169643.33,2025-03-22 12:10:29,Bangalore,merchant_payment,DEV302,0
TXN104572,USER8642,161816.61,2025-03-23 23:37:29,Bangalore,self_transfer,DEV377,0
TXN104573,USER1572,20323.34,2025-02-04 04:29:29,Delhi,send,DEV691,0
TXN104574,USER9374,20754.84,2025-03-10 04:50:29,Mumbai,send,DEV178,0
TXN104575,USER3833,35690.89,2025-02-27 16:47:29,Chennai,receive,DEV209,0
TXN104576,USER9651,114925.65,2025-02-13 10:22:29,Mumbai,bill_payment,DEV783,0
TXN104577,USER7868,3927.25,2025-01-14 04:09:29,Pune,bill_payment,DEV372,0
TXN104578,USER1255,13518.89,2025-01-31 03:59:29,Pune,send,DEV139,0
TXN104579,USER2925,75731.78,2025-04-02 21:51:29,Chennai,bill_payment,DEV529,0
TXN104580,USER3790,17933.13,2025-03-25 23:22:29,Chennai,send,DEV521,0
TXN104581,USER3807,53145.44,2025-03-29 17:46:29,Delhi,bill_payment,DEV395,0
TXN104582,USER6925,161877.84,2025-02-01 19:21:29,Ahmedabad,bill_payment,DEV243,0
TXN104583,USER8183,70809.41,2025-03-21 21:41:29,Jaipur,self_transfer,DEV470,0
TXN104584,USER4965,67176.99,2025-03-12 23:16:29,Delhi,self_transfer,DEV273,0
TXN104585,USER3623,120460.47,2025-02-23 10:49:29,Mumbai,send,DEV284,0
TXN104586,USER4335,118381.04,2025-01-24 22:36:29,Mumbai,receive,DEV903,0
TXN104587,USER7809,165429.91,2025-03-14 15:14:29,Ahmedabad,self_transfer,DEV734,0
TXN104588,USER8364,189953.31,2025-02-27 06:17:29,Delhi,send,DEV982,0
TXN104589,USER4559,78344.7,2025-02-19 15:01:29,Bangalore,receive,DEV131,0
TXN104590,USER6216,188822.83,2025-02-17 08:00:29,Kolkata,self_transfer,DEV165,0
TXN104591,USER2997,181379.57,2025-02-14 16:18:29,Mumbai,receive,DEV970,0
TXN104592,USER9157,16359.95,2025-04-02 07:10:29,Chennai,bill_payment,DEV792,0
TXN104593,USER5180,135194.64,2025-03-14 04:21:29,Delhi,merchant_payment,DEV913,0
TXN104594,USER4297,121169.84,2025-03-05 17:04:29,Chennai,receive,DEV178,0
TXN104595,USER6219,159154.15,2025-02-24 14:30:29,Delhi,receive,DEV148,0
TXN104596,USER9602,84438.99,2025-03-22 11:13:29,Jaipur,merchant_payment,DEV766,0
TXN104597,USER4862,8568.35,2025-02-12 08:09:29,Kolkata,merchant_payment,DEV875,0
TXN104598,USER3180,146487.83,2025-04-03 05:12:29,Bangalore,send,DEV397,0
TXN104599,USER8904,40346.1,2025-02-06 16:18:29,Ahmedabad,self_transfer,DEV416,0
TXN104600,USER5205,14299.09,2025-03-20 02:26:29,Delhi,send,DEV547,0
TXN104601,USER3805,190144.67,2025-04-05 14:35:29,Pune,bill_payment,DEV240,0
TXN104602,USER7674,129197.54,2025-04-03 08:09:29,Delhi,send,DEV427,0
TXN104603,USER1132,51884.46,2025-03-30 11:25:29,Pune,send,DEV632,0
TXN104604,USER7427,113994.04,2025-04-07 02:12:29,Bangalore,receive,DEV793,1
TXN104605,USER1691,77523.78,2025-03-30 13:03:29,Ahmedabad,merchant_payment,DEV533,0
TXN104606,USER7852,3947.3,2025-03-12 23:37:29,Pune,receive,DEV555,0
TXN104607,USER1954,156570.61,2025-02-14 14:48:29,Bangalore,bill_payment,DEV786,0
TXN104608,USER7613,198890.54,2025-01-21 17:57:29,Jaipur,bill_payment,DEV186,0
TXN104609,USER5561,31776.59,2025-01-30 05:30:29,Pune,send,DEV641,0
TXN104610,USER4599,111906.12,2025-01-08 06:31:29,Jaipur,merchant_payment,DEV491,0
TXN104611,USER6272,54640.68,2025-02-25 09:30:29,Kolkata,self_transfer,DEV974,0
TXN104612,USER7040,15631.2,2025-02-04 22:58:29,Chennai,receive,DEV141,0
TXN104613,USER4393,192632.01,2025-03-13 19:18:29,Pune,send,DEV608,0
TXN104614,USER6259,190055.95,2025-02-03 16:03:29,Bangalore,send,DEV141,0
TXN104615,USER8945,79660.79,2025-03-31 14:50:29,Kolkata,merchant_payment,DEV201,0
TXN104616,USER6562,125944.8,2025-01-24 13:47:29,Hyderabad,receive,DEV203,0
TXN104617,USER1703,5918.88,2025-01-06 23:44:29,Bangalore,merchant_payment,DEV286,0
TXN104618,USER6012,116822.46,2025-03-17 16:04:29,Ahmedabad,receive,DEV712,0
TXN104619,USER3380,104558.24,2025-03-03 18:46:29,Ahmedabad,send,DEV898,0
TXN104620,USER7482,98639.47,2025-03-03 12:51:29,Kolkata,receive,DEV455,0
TXN104621,USER6770,167812.17,2025-03-16 19:09:29,Chennai,merchant_payment,DEV862,0
TXN104622,USER7304,185793.68,2025-02-10 05:59:29,Mumbai,bill_payment,DEV256,0
TXN104623,USER6540,165192.36,2025-01-07 15:17:29,Pune,send,DEV724,0
TXN104624,USER4265,77976.55,2025-02-13 12:18:29,Kolkata,send,DEV398,0
TXN104625,USER7341,60113.55,2025-03-19 16:29:29,Pune,merchant_payment,DEV701,0
TXN104626,USER5219,142385.75,2025-02-05 17:38:29,Chennai,merchant_payment,DEV824,0
TXN104627,USER1015,108357.65,2025-02-10 11:00:29,Delhi,send,DEV449,0
TXN104628,USER3281,186526.48,2025-02-13 12:57:29,Chennai,send,DEV403,0
TXN104629,USER8941,57541.67,2025-02-26 05:02:29,Hyderabad,send,DEV985,0
TXN104630,USER8301,20269.54,2025-01-10 08:48:29,Pune,merchant_payment,DEV811,0
TXN104631,USER4936,161223.58,2025-01-23 20:28:29,Bangalore,self_transfer,DEV395,0
TXN104632,USER6398,117176.51,2025-02-08 01:52:29,Pune,bill_payment,DEV864,1
TXN104633,USER5175,142534.7,2025-01-08 02:00:29,Mumbai,send,DEV343,1
TXN104634,USER9915,188117.34,2025-03-17 21:02:29,Hyderabad,self_transfer,DEV875,0
TXN104635,USER8207,78817.37,2025-02-05 22:16:29,Mumbai,self_transfer,DEV609,0
TXN104636,USER8742,155390.24,2025-04-01 08:41:29,Chennai,bill_payment,DEV299,0
TXN104637,USER9481,100133.14,2025-01-12 00:08:29,Chennai,self_transfer,DEV756,0
TXN104638,USER9287,160242.38,2025-02-05 15:09:29,Hyderabad,bill_payment,DEV938,0
TXN104639,USER4129,179926.27,2025-04-05 07:35:29,Delhi,receive,DEV643,0
TXN104640,USER9567,195646.66,2025-03-05 20:19:29,Chennai,self_transfer,DEV331,0
TXN104641,USER9333,90009.44,2025-01-24 16:23:29,Kolkata,bill_payment,DEV243,0
TXN104642,USER8573,109851.28,2025-02-08 13:10:29,Hyderabad,bill_payment,DEV342,0
TXN104643,USER8123,150525.93,2025-02-22 18:02:29,Jaipur,merchant_payment,DEV557,0
TXN104644,USER2512,137730.91,2025-01-25 22:40:29,Mumbai,merchant_payment,DEV182,0
TXN104645,USER3283,4292.21,2025-02-26 07:43:29,Bangalore,bill_payment,DEV442,0
TXN104646,USER1066,198803.64,2025-01-29 04:07:29,Mumbai,self_transfer,DEV423,0
TXN104647,USER5774,59734.44,2025-02-19 10:37:29,Chennai,receive,DEV646,0
TXN104648,USER5075,103967.04,2025-02-11 12:27:29,Ahmedabad,self_transfer,DEV381,0
TXN104649,USER3947,80140.69,2025-02-01 07:30:29,Delhi,send,DEV417,0
TXN104650,USER5554,177426.37,2025-03-20 05:22:29,Kolkata,receive,DEV993,0
TXN104651,USER2806,37499.16,2025-04-06 13:01:29,Mumbai,receive,DEV432,0
TXN104652,USER9887,65843.5,2025-03-11 17:49:29,Bangalore,bill_payment,DEV202,0
TXN104653,USER8442,43090.47,2025-03-05 18:19:29,Mumbai,send,DEV604,0
TXN104654,USER2719,74778.17,2025-04-04 10:19:29,Kolkata,bill_payment,DEV508,0
TXN104655,USER2136,143574.74,2025-03-31 22:17:29,Kolkata,receive,DEV567,0
TXN104656,USER1753,71753.37,2025-01-18 23:08:29,Ahmedabad,receive,DEV382,0
TXN104657,USER1404,69970.29,2025-04-05 20:58:29,Kolkata,merchant_payment,DEV977,0
TXN104658,USER9116,135214.22,2025-03-16 01:11:29,Delhi,bill_payment,DEV393,1
TXN104659,USER1398,169979.61,2025-02-16 18:48:29,Pune,self_transfer,DEV681,0
TXN104660,USER1797,154527.2,2025-01-09 14:25:29,Mumbai,bill_payment,DEV308,0
TXN104661,USER8323,25863.29,2025-02-21 14:00:29,Mumbai,send,DEV329,0
TXN104662,USER9972,87817.32,2025-03-12 09:58:29,Mumbai,merchant_payment,DEV230,0
TXN104663,USER1698,149523.62,2025-01-26 01:08:29,Chennai,bill_payment,DEV834,1
TXN104664,USER5985,119436.29,2025-03-20 16:25:29,Mumbai,receive,DEV425,0
TXN104665,USER5794,29665.58,2025-04-06 04:24:29,Jaipur,receive,DEV111,0
TXN104666,USER6390,19384.4,2025-02-26 16:49:29,Ahmedabad,merchant_payment,DEV961,0
TXN104667,USER7064,10374.87,2025-03-01 09:26:29,Hyderabad,merchant_payment,DEV979,0
TXN104668,USER3306,84498.56,2025-01-22 10:03:29,Mumbai,merchant_payment,DEV417,0
TXN104669,USER8445,163681.41,2025-02-17 14:06:29,Hyderabad,send,DEV351,0
TXN104670,USER7492,180641.92,2025-03-05 15:17:29,Ahmedabad,receive,DEV404,0
TXN104671,USER9254,164657.25,2025-01-18 21:41:29,Mumbai,merchant_payment,DEV280,0
TXN104672,USER1201,52792.4,2025-01-14 16:42:29,Jaipur,merchant_payment,DEV282,0
TXN104673,USER9773,118409.16,2025-02-15 19:47:29,Mumbai,receive,DEV144,0
TXN104674,USER1249,119636.48,2025-01-26 09:05:29,Ahmedabad,self_transfer,DEV682,0
TXN104675,USER8891,125289.25,2025-01-29 15:38:29,Delhi,bill_payment,DEV141,0
TXN104676,USER1332,192407.44,2025-04-03 09:37:29,Hyderabad,send,DEV786,0
TXN104677,USER6892,117485.61,2025-02-27 02:51:29,Hyderabad,bill_payment,DEV269,1
TXN104678,USER2099,199870.17,2025-02-09 21:17:29,Kolkata,send,DEV344,0
TXN104679,USER4291,181010.26,2025-03-19 00:49:29,Kolkata,self_transfer,DEV986,0
TXN104680,USER6573,27356.11,2025-04-02 07:23:29,Mumbai,send,DEV909,0
TXN104681,USER7483,100293.32,2025-01-23 18:05:29,Kolkata,receive,DEV242,0
TXN104682,USER3660,154096.6,2025-01-31 23:12:29,Kolkata,merchant_payment,DEV157,0
TXN104683,USER9579,164336.71,2025-03-01 14:07:29,Pune,send,DEV896,0
TXN104684,USER6898,198432.89,2025-03-04 14:26:29,Chennai,receive,DEV973,0
TXN104685,USER1913,34227.04,2025-01-09 18:52:29,Chennai,receive,DEV182,0
TXN104686,USER7947,186478.73,2025-02-12 02:03:29,Hyderabad,send,DEV174,1
TXN104687,USER8022,132451.28,2025-03-04 04:16:29,Pune,merchant_payment,DEV978,0
TXN104688,USER4905,38907.92,2025-02-28 20:53:29,Hyderabad,merchant_payment,DEV732,0
TXN104689,USER3081,116950.52,2025-04-02 08:15:29,Jaipur,merchant_payment,DEV983,0
TXN104690,USER4662,133164.85,2025-02-10 13:33:29,Mumbai,send,DEV749,0
TXN104691,USER2057,80843.08,2025-03-18 11:37:29,Pune,receive,DEV309,0
TXN104692,USER1375,87268.33,2025-02-06 06:31:29,Pune,send,DEV802,0
TXN104693,USER3158,190251.74,2025-03-08 04:05:29,Pune,self_transfer,DEV313,0
TXN104694,USER7012,28519.33,2025-01-26 13:20:29,Jaipur,send,DEV836,0
TXN104695,USER7047,26200.38,2025-03-08 07:26:29,Hyderabad,bill_payment,DEV711,0
TXN104696,USER4588,87059.32,2025-02-05 11:29:29,Kolkata,bill_payment,DEV625,0
TXN104697,USER6351,62642.79,2025-04-01 04:28:29,Chennai,self_transfer,DEV945,0
TXN104698,USER3005,199233.96,2025-01-10 14:04:29,Chennai,send,DEV583,0
TXN104699,USER5167,198376.18,2025-03-30 08:15:29,Hyderabad,bill_payment,DEV310,0
TXN104700,USER7633,52637.02,2025-04-05 11:49:29,Mumbai,bill_payment,DEV898,0
TXN104701,USER2596,46994.99,2025-02-11 08:26:29,Chennai,merchant_payment,DEV892,0
TXN104702,USER4680,85099.83,2025-03-26 16:35:29,Chennai,send,DEV428,0
TXN104703,USER2837,196635.11,2025-02-06 11:21:29,Hyderabad,self_transfer,DEV280,0
TXN104704,USER9155,145978.37,2025-03-01 18:03:29,Delhi,self_transfer,DEV418,0
TXN104705,USER5188,82522.86,2025-02-14 20:00:29,Pune,send,DEV224,0
TXN104706,USER5951,56921.1,2025-01-20 02:38:29,Pune,send,DEV893,0
TXN104707,USER9439,4727.13,2025-03-27 02:02:29,Delhi,receive,DEV388,0
TXN104708,USER4437,26298.18,2025-02-22 16:40:29,Jaipur,bill_payment,DEV996,0
TXN104709,USER3620,90866.72,2025-02-23 11:33:29,Hyderabad,bill_payment,DEV722,0
TXN104710,USER6340,42379.29,2025-02-04 03:38:29,Ahmedabad,bill_payment,DEV870,0
TXN104711,USER8632,156432.48,2025-01-16 03:24:29,Delhi,self_transfer,DEV915,1
TXN104712,USER8748,196865.74,2025-02-10 09:22:29,Delhi,self_transfer,DEV671,0
TXN104713,USER8463,135795.18,2025-03-28 15:48:29,Bangalore,send,DEV615,0
TXN104714,USER1648,63877.96,2025-03-10 05:40:29,Kolkata,send,DEV524,0
TXN104715,USER3769,59517.74,2025-02-05 06:57:29,Jaipur,merchant_payment,DEV890,0
TXN104716,USER5760,119621.04,2025-03-19 15:08:29,Chennai,receive,DEV749,0
TXN104717,USER7944,23537.56,2025-01-24 12:26:29,Delhi,merchant_payment,DEV635,0
TXN104718,USER3428,8818.53,2025-03-06 01:48:29,Ahmedabad,send,DEV570,0
TXN104719,USER5960,84341.83,2025-01-17 08:46:29,Delhi,bill_payment,DEV448,0
TXN104720,USER7289,80937.02,2025-01-29 14:51:29,Ahmedabad,bill_payment,DEV216,0
TXN104721,USER8205,37220.74,2025-01-20 21:30:29,Bangalore,merchant_payment,DEV156,0
TXN104722,USER7523,197910.39,2025-02-23 07:49:29,Hyderabad,send,DEV551,0
TXN104723,USER4096,52941.96,2025-03-07 21:48:29,Ahmedabad,send,DEV180,0
TXN104724,USER7490,88702.86,2025-01-09 21:45:29,Jaipur,merchant_payment,DEV991,0
TXN104725,USER2777,108917.47,2025-03-17 15:14:29,Ahmedabad,merchant_payment,DEV452,0
TXN104726,USER9983,112509.84,2025-02-12 07:48:29,Jaipur,bill_payment,DEV693,0
TXN104727,USER8570,76339.55,2025-03-27 13:27:29,Pune,bill_payment,DEV187,0
TXN104728,USER9156,150756.28,2025-01-23 03:23:29,Chennai,send,DEV140,1
TXN104729,USER9248,196543.74,2025-03-02 00:46:29,Hyderabad,send,DEV333,0
TXN104730,USER7771,84768.69,2025-02-09 12:17:29,Ahmedabad,self_transfer,DEV220,0
TXN104731,USER9476,126120.11,2025-03-29 12:43:29,Ahmedabad,bill_payment,DEV424,1
TXN104732,USER4358,31360.95,2025-02-12 16:32:29,Mumbai,send,DEV133,0
TXN104733,USER1781,52724.96,2025-01-07 23:34:29,Jaipur,receive,DEV849,1
TXN104734,USER4806,109375.73,2025-03-30 15:55:29,Ahmedabad,bill_payment,DEV199,0
TXN104735,USER9341,198803.4,2025-02-24 07:09:29,Chennai,receive,DEV185,0
TXN104736,USER7070,103445.97,2025-03-07 19:48:29,Bangalore,merchant_payment,DEV959,1
TXN104737,USER4747,10929.5,2025-01-13 23:33:29,Bangalore,self_transfer,DEV630,0
TXN104738,USER4931,151226.7,2025-02-01 17:38:29,Mumbai,bill_payment,DEV705,0
TXN104739,USER1464,162133.42,2025-03-24 02:58:29,Delhi,merchant_payment,DEV952,1
TXN104740,USER4019,72989.9,2025-02-18 07:01:29,Ahmedabad,receive,DEV271,0
TXN104741,USER2714,102772.18,2025-01-18 09:07:29,Kolkata,merchant_payment,DEV115,0
TXN104742,USER1774,64641.86,2025-02-06 15:20:29,Chennai,bill_payment,DEV521,0
TXN104743,USER6262,134191.65,2025-02-28 17:10:29,Pune,bill_payment,DEV761,0
TXN104744,USER1925,167602.08,2025-04-06 13:59:29,Ahmedabad,receive,DEV717,0
TXN104745,USER3155,47903.67,2025-02-28 08:39:29,Bangalore,bill_payment,DEV875,0
TXN104746,USER9304,168674.47,2025-03-28 16:59:29,Bangalore,bill_payment,DEV407,0
TXN104747,USER6867,15168.52,2025-01-20 02:47:29,Kolkata,self_transfer,DEV150,0
TXN104748,USER7511,81397.89,2025-03-17 21:45:29,Mumbai,receive,DEV783,0
TXN104749,USER6633,133904.68,2025-02-21 22:28:29,Ahmedabad,self_transfer,DEV521,0
TXN104750,USER2043,70904.09,2025-02-16 17:59:29,Mumbai,bill_payment,DEV398,0
TXN104751,USER2275,190786.9,2025-02-04 15:10:29,Kolkata,send,DEV259,0
TXN104752,USER9283,16383.56,2025-01-18 03:40:29,Pune,merchant_payment,DEV339,0
TXN104753,USER8322,42805.1,2025-03-29 19:05:29,Chennai,receive,DEV528,0
TXN104754,USER1751,158857.42,2025-02-23 04:49:29,Pune,bill_payment,DEV417,0
TXN104755,USER1376,139490.29,2025-04-05 11:03:29,Bangalore,merchant_payment,DEV162,0
TXN104756,USER5397,43259.11,2025-04-05 10:04:29,Ahmedabad,send,DEV753,0
TXN104757,USER5674,99824.09,2025-03-01 05:16:29,Chennai,bill_payment,DEV408,0
TXN104758,USER2615,141881.29,2025-02-21 02:43:29,Mumbai,bill_payment,DEV912,1
TXN104759,USER3949,127103.06,2025-03-09 17:40:29,Mumbai,receive,DEV918,0
TXN104760,USER1670,53240.03,2025-03-10 23:23:29,Delhi,receive,DEV370,0
TXN104761,USER3130,72577.17,2025-01-22 12:31:29,Chennai,receive,DEV473,0
TXN104762,USER4724,46312.55,2025-02-13 01:50:29,Jaipur,bill_payment,DEV114,0
TXN104763,USER2359,3757.94,2025-01-23 06:23:29,Ahmedabad,receive,DEV136,0
TXN104764,USER5658,103534.71,2025-04-03 18:01:29,Jaipur,self_transfer,DEV381,0
TXN104765,USER8556,54730.25,2025-03-13 22:12:29,Bangalore,receive,DEV230,0
TXN104766,USER4669,20732.24,2025-03-27 08:30:29,Kolkata,receive,DEV514,0
TXN104767,USER4248,165598.03,2025-02-12 14:26:29,Ahmedabad,send,DEV951,0
TXN104768,USER7368,102683.45,2025-01-16 15:27:29,Bangalore,send,DEV410,0
TXN104769,USER6865,114691.72,2025-01-15 02:34:29,Kolkata,self_transfer,DEV578,1
TXN104770,USER6188,179528.15,2025-01-14 23:57:29,Ahmedabad,send,DEV484,0
TXN104771,USER8151,9915.3,2025-01-11 23:25:29,Ahmedabad,merchant_payment,DEV104,0
TXN104772,USER5658,88973.72,2025-02-15 07:49:29,Bangalore,send,DEV441,0
TXN104773,USER9012,109031.92,2025-03-27 20:58:29,Pune,send,DEV738,0
TXN104774,USER4007,14762.32,2025-03-01 15:19:29,Kolkata,merchant_payment,DEV714,0
TXN104775,USER7660,195311.53,2025-01-23 16:07:29,Delhi,bill_payment,DEV307,0
TXN104776,USER8393,190732.56,2025-01-10 07:31:29,Kolkata,merchant_payment,DEV168,0
TXN104777,USER4784,195502.75,2025-03-26 11:05:29,Jaipur,send,DEV665,0
TXN104778,USER2821,152708.18,2025-01-20 14:23:29,Jaipur,self_transfer,DEV622,0
TXN104779,USER9027,5213.78,2025-01-24 22:10:29,Delhi,bill_payment,DEV717,0
TXN104780,USER1194,43173.3,2025-01-29 22:09:29,Chennai,receive,DEV217,0
TXN104781,USER3662,46201.06,2025-01-28 10:31:29,Ahmedabad,self_transfer,DEV684,0
TXN104782,USER2361,92820.02,2025-03-24 04:48:29,Mumbai,receive,DEV736,0
TXN104783,USER8941,2563.56,2025-03-15 07:18:29,Mumbai,receive,DEV905,0
TXN104784,USER8532,96663.87,2025-03-31 10:40:29,Chennai,merchant_payment,DEV567,0
TXN104785,USER3508,104276.34,2025-01-26 04:57:29,Jaipur,bill_payment,DEV330,0
TXN104786,USER3094,40116.99,2025-01-27 18:24:29,Delhi,receive,DEV160,0
TXN104787,USER3597,44966.99,2025-02-11 12:42:29,Kolkata,bill_payment,DEV473,0
TXN104788,USER5615,109461.48,2025-04-06 07:34:29,Chennai,send,DEV880,0
TXN104789,USER5309,195433.74,2025-01-09 12:03:29,Ahmedabad,self_transfer,DEV389,0
TXN104790,USER5291,180128.88,2025-03-01 23:01:29,Bangalore,self_transfer,DEV476,0
TXN104791,USER4841,35438.32,2025-01-18 12:45:29,Pune,self_transfer,DEV404,0
TXN104792,USER2198,157535.75,2025-01-28 03:27:29,Delhi,bill_payment,DEV717,1
TXN104793,USER1390,41967.25,2025-02-07 14:46:29,Delhi,send,DEV996,0
TXN104794,USER3232,67369.65,2025-02-17 18:19:29,Jaipur,bill_payment,DEV920,0
TXN104795,USER6348,136491.14,2025-03-21 12:54:29,Chennai,receive,DEV244,0
TXN104796,USER7853,166781.69,2025-02-25 19:10:29,Delhi,merchant_payment,DEV217,0
TXN104797,USER2284,79689.06,2025-02-19 23:55:29,Kolkata,merchant_payment,DEV115,0
TXN104798,USER7665,38102.7,2025-04-01 23:11:29,Pune,bill_payment,DEV849,0
TXN104799,USER8461,187642.44,2025-01-10 11:30:29,Mumbai,self_transfer,DEV946,0
TXN104800,USER1133,172278.21,2025-01-27 13:12:29,Ahmedabad,merchant_payment,DEV975,0
TXN104801,USER2886,62055.11,2025-01-10 06:50:29,Pune,self_transfer,DEV788,0
TXN104802,USER7886,36524.59,2025-03-20 20:00:29,Jaipur,merchant_payment,DEV343,0
TXN104803,USER5491,18849.52,2025-02-10 03:10:29,Jaipur,self_transfer,DEV259,0
TXN104804,USER8816,42601.29,2025-01-25 00:15:29,Bangalore,self_transfer,DEV229,0
TXN104805,USER2359,42166.43,2025-02-07 21:11:29,Jaipur,merchant_payment,DEV990,0
TXN104806,USER2640,157.85,2025-03-16 09:33:29,Bangalore,merchant_payment,DEV702,0
TXN104807,USER1397,61445.52,2025-02-14 14:58:29,Chennai,receive,DEV998,1
TXN104808,USER9501,16412.18,2025-02-04 12:23:29,Pune,bill_payment,DEV747,0
TXN104809,USER7129,67362.23,2025-02-24 07:57:29,Ahmedabad,send,DEV573,0
TXN104810,USER9157,14877.31,2025-02-06 06:23:29,Mumbai,self_transfer,DEV592,0
TXN104811,USER3370,33374.33,2025-02-09 22:49:29,Hyderabad,merchant_payment,DEV283,0
TXN104812,USER4858,163159.11,2025-03-13 01:58:29,Hyderabad,self_transfer,DEV773,1
TXN104813,USER6203,124451.96,2025-01-28 02:36:29,Hyderabad,send,DEV295,1
TXN104814,USER1870,21433.63,2025-01-13 19:30:29,Ahmedabad,merchant_payment,DEV304,0
TXN104815,USER6807,77565.22,2025-03-16 06:41:29,Delhi,receive,DEV386,0
TXN104816,USER3601,183116.37,2025-03-19 22:22:29,Jaipur,receive,DEV612,0
TXN104817,USER2711,7169.48,2025-02-01 01:19:29,Chennai,send,DEV145,0
TXN104818,USER6172,70836.25,2025-03-26 06:06:29,Ahmedabad,send,DEV694,0
TXN104819,USER9031,117417.17,2025-03-23 11:18:29,Delhi,receive,DEV268,0
TXN104820,USER3808,96261.98,2025-02-08 03:59:29,Kolkata,merchant_payment,DEV103,0
TXN104821,USER4784,183439.86,2025-02-10 10:05:29,Chennai,self_transfer,DEV476,0
TXN104822,USER2644,65592.55,2025-02-10 15:36:29,Pune,self_transfer,DEV819,0
TXN104823,USER1607,48577.02,2025-03-12 10:25:29,Pune,receive,DEV734,0
TXN104824,USER2811,75182.7,2025-01-21 23:52:29,Mumbai,send,DEV106,0
TXN104825,USER2312,83756.76,2025-03-03 13:11:29,Bangalore,self_transfer,DEV876,0
TXN104826,USER5541,194929.04,2025-03-09 04:06:29,Bangalore,self_transfer,DEV992,0
TXN104827,USER9804,94674.17,2025-01-12 09:48:29,Ahmedabad,send,DEV512,0
TXN104828,USER1064,174954.16,2025-02-19 11:14:29,Bangalore,send,DEV923,0
TXN104829,USER8584,153897.35,2025-01-19 10:30:29,Kolkata,send,DEV996,0
TXN104830,USER3590,186697.61,2025-03-09 11:31:29,Pune,merchant_payment,DEV757,0
TXN104831,USER9512,144311.31,2025-03-06 19:41:29,Kolkata,merchant_payment,DEV846,0
TXN104832,USER4152,27029.14,2025-01-15 21:34:29,Ahmedabad,receive,DEV598,0
TXN104833,USER1220,71165.86,2025-04-06 01:58:29,Ahmedabad,receive,DEV877,0
TXN104834,USER9421,83695.48,2025-03-26 18:18:29,Jaipur,receive,DEV399,0
TXN104835,USER6864,199437.29,2025-02-12 22:33:29,Chennai,bill_payment,DEV530,0
TXN104836,USER3067,9151.26,2025-02-18 17:38:29,Ahmedabad,receive,DEV562,0
TXN104837,USER7622,99423.58,2025-01-24 16:12:29,Kolkata,receive,DEV312,0
TXN104838,USER9897,61749.6,2025-04-01 17:12:29,Chennai,send,DEV381,0
TXN104839,USER4887,59648.16,2025-03-20 22:40:29,Chennai,receive,DEV694,0
TXN104840,USER9229,104174.31,2025-02-20 02:07:29,Pune,receive,DEV933,1
TXN104841,USER8124,14204.0,2025-01-13 20:10:29,Mumbai,bill_payment,DEV735,0
TXN104842,USER3787,138670.56,2025-03-30 14:48:29,Kolkata,bill_payment,DEV571,0
TXN104843,USER5690,72819.2,2025-02-17 01:21:29,Hyderabad,bill_payment,DEV397,0
TXN104844,USER1911,83372.42,2025-02-20 10:24:29,Jaipur,self_transfer,DEV673,0
TXN104845,USER1228,716.51,2025-01-29 14:46:29,Chennai,merchant_payment,DEV981,0
TXN104846,USER7567,95400.18,2025-02-21 00:44:29,Bangalore,bill_payment,DEV987,0
TXN104847,USER9812,136090.74,2025-03-17 11:54:29,Ahmedabad,bill_payment,DEV315,0
TXN104848,USER8388,24881.22,2025-02-25 14:16:29,Hyderabad,merchant_payment,DEV186,0
TXN104849,USER1098,82943.3,2025-03-16 16:33:29,Kolkata,receive,DEV737,0
TXN104850,USER5787,55799.78,2025-01-18 23:18:29,Pune,bill_payment,DEV745,0
TXN104851,USER9881,56118.55,2025-03-19 11:51:29,Mumbai,merchant_payment,DEV663,0
TXN104852,USER1750,923.15,2025-04-03 01:06:29,Delhi,merchant_payment,DEV887,0
TXN104853,USER9936,178814.52,2025-02-28 03:25:29,Pune,send,DEV653,1
TXN104854,USER9482,16814.77,2025-01-26 23:28:29,Chennai,receive,DEV136,0
TXN104855,USER4595,130541.17,2025-01-31 19:29:29,Chennai,send,DEV546,0
TXN104856,USER6809,20550.21,2025-03-31 12:58:29,Hyderabad,send,DEV472,0
TXN104857,USER5348,76912.99,2025-01-26 06:24:29,Mumbai,receive,DEV402,0
TXN104858,USER6510,161709.35,2025-01-24 03:12:29,Hyderabad,receive,DEV212,1
TXN104859,USER3913,6183.77,2025-03-25 18:50:29,Chennai,bill_payment,DEV337,0
TXN104860,USER5318,158002.0,2025-02-07 17:12:29,Chennai,self_transfer,DEV198,0
TXN104861,USER1381,20864.59,2025-03-17 05:50:29,Pune,receive,DEV388,0
TXN104862,USER4621,167398.18,2025-01-25 21:43:29,Chennai,receive,DEV764,0
TXN104863,USER5982,5804.22,2025-03-24 15:49:29,Jaipur,self_transfer,DEV746,0
TXN104864,USER3703,88259.73,2025-03-20 13:03:29,Jaipur,send,DEV467,0
TXN104865,USER2609,195710.78,2025-03-25 15:51:29,Bangalore,self_transfer,DEV714,0
TXN104866,USER5775,110699.24,2025-03-06 05:47:29,Pune,receive,DEV301,0
TXN104867,USER4783,176254.42,2025-02-16 19:41:29,Delhi,self_transfer,DEV363,0
TXN104868,USER7105,97939.09,2025-02-19 22:43:29,Bangalore,receive,DEV230,0
TXN104869,USER7550,94350.14,2025-03-24 20:55:29,Ahmedabad,bill_payment,DEV952,0
TXN104870,USER5955,174664.67,2025-03-16 16:59:29,Jaipur,send,DEV125,0
TXN104871,USER8204,199662.68,2025-01-31 17:53:29,Hyderabad,merchant_payment,DEV806,0
TXN104872,USER2227,5074.3,2025-04-07 10:39:29,Delhi,receive,DEV400,0
TXN104873,USER1819,141083.98,2025-03-27 00:14:29,Pune,merchant_payment,DEV266,0
TXN104874,USER5032,92229.98,2025-03-23 05:14:29,Jaipur,receive,DEV379,0
TXN104875,USER6195,156448.67,2025-02-11 09:17:29,Hyderabad,merchant_payment,DEV961,0
TXN104876,USER7530,403.69,2025-02-13 22:18:29,Mumbai,send,DEV199,0
TXN104877,USER7222,117460.31,2025-02-11 22:23:29,Ahmedabad,self_transfer,DEV482,0
TXN104878,USER6988,50018.27,2025-02-26 00:49:29,Delhi,bill_payment,DEV533,0
TXN104879,USER6567,101980.08,2025-01-13 16:35:29,Ahmedabad,self_transfer,DEV171,0
TXN104880,USER4030,135418.12,2025-03-12 19:35:29,Delhi,bill_payment,DEV200,0
TXN104881,USER1157,23068.43,2025-02-12 02:08:29,Bangalore,receive,DEV435,0
TXN104882,USER1422,109273.1,2025-03-27 21:46:29,Jaipur,merchant_payment,DEV181,0
TXN104883,USER4777,107391.33,2025-03-10 16:27:29,Bangalore,bill_payment,DEV992,0
TXN104884,USER7764,35981.21,2025-02-17 01:05:29,Bangalore,merchant_payment,DEV528,0
TXN104885,USER6717,144343.99,2025-02-18 03:05:29,Pune,send,DEV422,1
TXN104886,USER6778,183569.49,2025-02-02 00:24:29,Mumbai,self_transfer,DEV705,0
TXN104887,USER1529,52886.08,2025-01-20 02:17:29,Jaipur,send,DEV622,0
TXN104888,USER8005,50392.76,2025-03-27 09:37:29,Mumbai,merchant_payment,DEV462,0
TXN104889,USER5215,157683.53,2025-02-01 07:40:29,Kolkata,receive,DEV152,0
TXN104890,USER2838,45374.52,2025-03-01 22:29:29,Mumbai,send,DEV119,0
TXN104891,USER7498,168423.57,2025-01-31 14:58:29,Chennai,merchant_payment,DEV627,0
TXN104892,USER6556,20167.34,2025-01-20 00:07:29,Pune,receive,DEV103,0
TXN104893,USER2527,15722.92,2025-03-18 10:18:29,Delhi,merchant_payment,DEV347,0
TXN104894,USER7660,44658.51,2025-04-03 11:58:29,Mumbai,merchant_payment,DEV818,0
TXN104895,USER7555,101324.84,2025-01-16 20:01:29,Mumbai,self_transfer,DEV708,0
TXN104896,USER6136,74891.53,2025-03-24 14:25:29,Delhi,bill_payment,DEV916,0
TXN104897,USER1826,94452.09,2025-01-30 20:49:29,Hyderabad,merchant_payment,DEV295,0
TXN104898,USER7574,1599.82,2025-01-12 02:10:29,Bangalore,bill_payment,DEV654,0
TXN104899,USER1112,50701.6,2025-01-29 05:56:29,Jaipur,receive,DEV533,0
TXN104900,USER3034,180552.49,2025-03-19 08:25:29,Mumbai,bill_payment,DEV704,0
TXN104901,USER2935,50755.72,2025-03-12 02:59:29,Chennai,receive,DEV621,0
TXN104902,USER4361,74048.05,2025-01-16 22:51:29,Mumbai,receive,DEV310,0
TXN104903,USER3651,143177.58,2025-03-24 23:59:29,Pune,merchant_payment,DEV866,0
TXN104904,USER3859,113268.08,2025-02-02 12:20:29,Chennai,merchant_payment,DEV636,0
TXN104905,USER8707,113668.54,2025-03-08 05:04:29,Bangalore,bill_payment,DEV560,0
TXN104906,USER3346,58551.97,2025-02-26 13:00:29,Mumbai,send,DEV465,0
TXN104907,USER7546,27481.76,2025-02-15 12:13:29,Delhi,merchant_payment,DEV336,0
TXN104908,USER8989,5141.4,2025-01-08 12:14:29,Bangalore,merchant_payment,DEV949,0
TXN104909,USER9271,148801.32,2025-02-12 04:17:29,Hyderabad,self_transfer,DEV994,0
TXN104910,USER6668,156449.7,2025-02-10 06:26:29,Hyderabad,bill_payment,DEV785,0
TXN104911,USER6670,126974.22,2025-03-02 18:41:29,Jaipur,self_transfer,DEV621,0
TXN104912,USER4645,61527.68,2025-03-16 19:11:29,Jaipur,bill_payment,DEV251,0
TXN104913,USER8643,27815.95,2025-01-13 04:03:29,Mumbai,receive,DEV659,0
TXN104914,USER9582,59334.52,2025-03-22 00:25:29,Delhi,merchant_payment,DEV588,0
TXN104915,USER9804,80553.76,2025-02-07 16:34:29,Bangalore,self_transfer,DEV983,0
TXN104916,USER1847,154212.64,2025-01-18 17:42:29,Mumbai,send,DEV635,0
TXN104917,USER7474,146576.58,2025-02-19 14:03:29,Chennai,merchant_payment,DEV254,0
TXN104918,USER5610,119794.31,2025-03-17 01:39:29,Bangalore,receive,DEV490,1
TXN104919,USER5750,193665.57,2025-04-04 08:04:29,Delhi,self_transfer,DEV618,0
TXN104920,USER1736,146679.92,2025-03-14 14:36:29,Delhi,send,DEV598,0
TXN104921,USER1864,163327.58,2025-04-04 02:53:29,Chennai,self_transfer,DEV174,1
TXN104922,USER6519,104366.82,2025-03-24 10:34:29,Pune,send,DEV802,0
TXN104923,USER5427,55496.14,2025-02-04 18:04:29,Pune,bill_payment,DEV299,0
TXN104924,USER6265,7039.41,2025-04-07 06:01:29,Mumbai,receive,DEV722,0
TXN104925,USER9976,111883.68,2025-02-11 16:34:29,Hyderabad,receive,DEV667,0
TXN104926,USER9197,120983.98,2025-01-26 10:21:29,Bangalore,merchant_payment,DEV144,0
TXN104927,USER6774,59767.51,2025-02-04 08:13:29,Mumbai,receive,DEV290,0
TXN104928,USER2217,174260.78,2025-03-23 09:37:29,Pune,send,DEV520,0
TXN104929,USER7055,25706.09,2025-01-31 05:46:29,Pune,receive,DEV901,0
TXN104930,USER6737,25727.56,2025-01-23 22:59:29,Kolkata,self_transfer,DEV677,0
TXN104931,USER2852,21177.35,2025-03-15 00:54:29,Chennai,bill_payment,DEV895,0
TXN104932,USER2096,21008.55,2025-02-07 21:48:29,Chennai,merchant_payment,DEV665,0
TXN104933,USER4442,96885.5,2025-02-18 21:13:29,Kolkata,bill_payment,DEV587,0
TXN104934,USER3166,54797.11,2025-02-06 01:04:29,Pune,self_transfer,DEV668,0
TXN104935,USER3507,8630.27,2025-03-29 09:14:29,Ahmedabad,self_transfer,DEV742,0
TXN104936,USER9771,19055.81,2025-01-22 22:29:29,Kolkata,bill_payment,DEV110,0
TXN104937,USER4397,137320.43,2025-02-26 03:12:29,Jaipur,receive,DEV340,1
TXN104938,USER5654,160496.38,2025-02-28 13:09:29,Jaipur,bill_payment,DEV128,0
TXN104939,USER4625,119438.45,2025-03-23 14:48:29,Chennai,send,DEV848,0
TXN104940,USER9215,12202.06,2025-04-03 21:25:29,Hyderabad,merchant_payment,DEV624,0
TXN104941,USER7606,16579.32,2025-01-17 17:48:29,Hyderabad,bill_payment,DEV629,0
TXN104942,USER6599,26141.08,2025-02-03 21:08:29,Hyderabad,self_transfer,DEV966,0
TXN104943,USER3943,198138.75,2025-02-12 17:05:29,Chennai,bill_payment,DEV664,0
TXN104944,USER4780,181966.06,2025-03-10 07:46:29,Jaipur,bill_payment,DEV364,0
TXN104945,USER7761,99740.91,2025-03-26 20:49:29,Jaipur,send,DEV319,0
TXN104946,USER1340,186197.36,2025-01-12 02:31:29,Hyderabad,send,DEV516,1
TXN104947,USER6236,133502.25,2025-03-01 04:32:29,Mumbai,bill_payment,DEV771,0
TXN104948,USER1748,44445.87,2025-03-31 22:28:29,Delhi,self_transfer,DEV313,0
TXN104949,USER6039,40012.88,2025-03-10 03:40:29,Delhi,bill_payment,DEV686,0
TXN104950,USER9625,128861.22,2025-04-01 02:54:29,Bangalore,receive,DEV868,1
TXN104951,USER2501,131709.29,2025-01-15 14:57:29,Bangalore,send,DEV510,0
TXN104952,USER3438,129139.12,2025-03-13 05:11:29,Bangalore,self_transfer,DEV503,0
TXN104953,USER7679,84839.21,2025-01-20 09:24:29,Kolkata,receive,DEV711,0
TXN104954,USER5097,52299.51,2025-04-01 14:11:29,Hyderabad,receive,DEV645,0
TXN104955,USER2692,65497.08,2025-01-10 00:17:29,Chennai,send,DEV149,0
TXN104956,USER8307,164180.33,2025-03-10 08:55:29,Bangalore,merchant_payment,DEV754,0
TXN104957,USER6094,139902.77,2025-02-07 16:49:29,Mumbai,receive,DEV372,0
TXN104958,USER9426,99518.91,2025-03-26 13:27:29,Kolkata,receive,DEV161,0
TXN104959,USER2878,32246.51,2025-01-18 15:08:29,Bangalore,send,DEV971,0
TXN104960,USER7063,25224.62,2025-02-22 15:35:29,Chennai,send,DEV445,0
TXN104961,USER1926,189669.4,2025-03-29 00:00:29,Chennai,bill_payment,DEV497,0
TXN104962,USER1378,123760.57,2025-01-22 12:24:29,Bangalore,merchant_payment,DEV912,0
TXN104963,USER5386,172487.48,2025-02-09 10:42:29,Kolkata,receive,DEV990,0
TXN104964,USER1829,134080.18,2025-03-14 04:42:29,Ahmedabad,send,DEV646,0
TXN104965,USER5741,53047.57,2025-01-09 04:50:29,Ahmedabad,send,DEV120,0
TXN104966,USER8567,113354.24,2025-04-05 02:31:29,Jaipur,receive,DEV469,1
TXN104967,USER5777,79346.56,2025-04-04 15:27:29,Mumbai,receive,DEV744,0
TXN104968,USER7199,94981.5,2025-03-19 12:55:29,Kolkata,receive,DEV570,0
TXN104969,USER1901,188585.05,2025-03-07 02:20:29,Kolkata,merchant_payment,DEV402,1
TXN104970,USER9318,173014.18,2025-03-15 08:55:29,Ahmedabad,receive,DEV192,0
TXN104971,USER3978,72541.6,2025-03-20 18:31:29,Hyderabad,merchant_payment,DEV738,0
TXN104972,USER9906,137652.25,2025-03-23 13:50:29,Chennai,bill_payment,DEV481,0
TXN104973,USER8276,92296.48,2025-04-06 15:31:29,Mumbai,receive,DEV564,0
TXN104974,USER7979,41595.21,2025-03-01 12:23:29,Hyderabad,self_transfer,DEV182,0
TXN104975,USER6701,52680.6,2025-02-14 05:51:29,Bangalore,receive,DEV926,0
TXN104976,USER1084,159141.02,2025-02-06 02:18:29,Delhi,send,DEV270,1
TXN104977,USER5613,146996.85,2025-01-13 14:33:29,Chennai,self_transfer,DEV439,0
TXN104978,USER2959,138696.7,2025-03-12 09:23:29,Ahmedabad,send,DEV617,0
TXN104979,USER3912,141948.36,2025-03-21 18:25:29,Delhi,self_transfer,DEV271,0
TXN104980,USER5072,130922.93,2025-03-30 23:29:29,Bangalore,bill_payment,DEV515,0
TXN104981,USER8143,77349.76,2025-02-26 10:28:29,Hyderabad,self_transfer,DEV889,0
TXN104982,USER7511,159916.43,2025-03-17 07:34:29,Mumbai,self_transfer,DEV762,0
TXN104983,USER1393,108203.56,2025-03-17 17:50:29,Hyderabad,send,DEV487,0
TXN104984,USER8579,17534.64,2025-02-14 05:39:29,Ahmedabad,self_transfer,DEV779,0
TXN104985,USER4099,19661.9,2025-03-03 20:31:29,Mumbai,self_transfer,DEV773,0
TXN104986,USER8815,176507.5,2025-04-05 16:02:29,Hyderabad,receive,DEV221,0
TXN104987,USER5330,115153.46,2025-01-16 22:41:29,Bangalore,bill_payment,DEV144,0
TXN104988,USER6349,148644.19,2025-03-08 00:06:29,Jaipur,self_transfer,DEV673,0
TXN104989,USER6695,142735.97,2025-02-05 04:19:29,Chennai,receive,DEV499,0
TXN104990,USER8361,101049.5,2025-03-12 15:09:29,Kolkata,merchant_payment,DEV385,0
TXN104991,USER3487,91556.9,2025-01-07 01:38:29,Bangalore,send,DEV796,0
TXN104992,USER3573,65197.39,2025-01-24 01:33:29,Chennai,send,DEV542,0
TXN104993,USER9176,149890.73,2025-04-06 23:08:29,Ahmedabad,self_transfer,DEV344,0
TXN104994,USER1954,180095.76,2025-01-14 20:38:29,Pune,self_transfer,DEV546,0
TXN104995,USER2818,166854.47,2025-01-24 19:24:29,Mumbai,bill_payment,DEV965,0
TXN104996,USER9543,102756.66,2025-01-28 20:35:29,Bangalore,bill_payment,DEV927,0
TXN104997,USER4366,120555.0,2025-02-21 13:31:29,Ahmedabad,self_transfer,DEV736,0
TXN104998,USER9003,198966.38,2025-02-07 23:49:29,Ahmedabad,bill_payment,DEV292,0
TXN104999,USER4215,190031.81,2025-02-15 19:08:29,Ahmedabad,receive,DEV616,0
TXN105000,USER8495,67158.0,2025-03-15 06:18:29,Jaipur,self_transfer,DEV290,0
TXN105001,USER7291,91567.22,2025-02-02 14:28:29,Jaipur,receive,DEV923,0
TXN105002,USER9959,74559.8,2025-02-08 16:16:29,Delhi,merchant_payment,DEV463,0
TXN105003,USER5194,19889.38,2025-02-27 06:25:29,Ahmedabad,receive,DEV251,0
TXN105004,USER5225,52617.54,2025-02-24 09:31:29,Pune,receive,DEV434,0
TXN105005,USER5802,116724.64,2025-03-03 04:54:29,Delhi,receive,DEV299,0
TXN105006,USER5094,171494.43,2025-03-15 09:28:29,Pune,receive,DEV774,0
TXN105007,USER7882,133915.29,2025-02-26 03:15:29,Kolkata,send,DEV698,1
TXN105008,USER2769,65708.4,2025-02-03 04:19:29,Delhi,merchant_payment,DEV849,0
TXN105009,USER1231,170582.18,2025-02-26 21:33:29,Kolkata,bill_payment,DEV823,0
TXN105010,USER9267,88987.74,2025-01-19 02:33:29,Pune,merchant_payment,DEV366,0
TXN105011,USER7745,78458.43,2025-01-20 20:54:29,Jaipur,self_transfer,DEV114,0
TXN105012,USER7233,116043.07,2025-02-05 20:43:29,Kolkata,merchant_payment,DEV421,0
TXN105013,USER6702,138217.56,2025-01-08 03:27:29,Chennai,bill_payment,DEV655,1
TXN105014,USER9632,77494.34,2025-03-08 09:18:29,Hyderabad,receive,DEV707,0
TXN105015,USER9101,149695.1,2025-01-27 09:47:29,Kolkata,self_transfer,DEV713,0
TXN105016,USER5536,133147.3,2025-04-06 17:55:29,Chennai,send,DEV973,0
TXN105017,USER6718,13187.65,2025-01-11 00:38:29,Pune,merchant_payment,DEV890,0
TXN105018,USER3671,127173.21,2025-01-23 18:04:29,Bangalore,send,DEV911,0
TXN105019,USER2596,145701.58,2025-03-31 01:06:29,Delhi,receive,DEV710,1
TXN105020,USER8143,24200.68,2025-04-01 23:13:29,Jaipur,self_transfer,DEV198,0
TXN105021,USER3598,39419.91,2025-03-07 23:10:29,Mumbai,receive,DEV336,0
TXN105022,USER5681,122567.81,2025-03-01 20:17:29,Chennai,send,DEV365,0
TXN105023,USER7880,17686.96,2025-01-17 05:44:29,Jaipur,self_transfer,DEV413,0
TXN105024,USER3048,163324.39,2025-01-15 01:45:29,Pune,merchant_payment,DEV518,1
TXN105025,USER4440,3444.39,2025-03-24 12:49:29,Hyderabad,bill_payment,DEV164,0
TXN105026,USER8787,53119.38,2025-01-15 03:44:29,Chennai,receive,DEV716,0
TXN105027,USER8045,105081.05,2025-03-23 02:14:29,Hyderabad,receive,DEV308,1
TXN105028,USER8998,117155.23,2025-01-09 23:01:29,Pune,self_transfer,DEV900,0
TXN105029,USER3193,119300.57,2025-02-16 16:13:29,Mumbai,send,DEV640,0
TXN105030,USER7788,19089.97,2025-03-20 23:53:29,Kolkata,bill_payment,DEV451,0
TXN105031,USER4664,84339.55,2025-03-15 03:07:29,Delhi,send,DEV228,0
TXN105032,USER3552,123745.9,2025-04-05 16:28:29,Delhi,bill_payment,DEV897,0
TXN105033,USER9540,153125.73,2025-02-25 10:17:29,Hyderabad,self_transfer,DEV572,0
TXN105034,USER2572,70323.41,2025-03-13 18:20:29,Ahmedabad,bill_payment,DEV314,0
TXN105035,USER8551,45544.41,2025-03-30 21:48:29,Delhi,receive,DEV766,0
TXN105036,USER4688,100158.56,2025-01-27 22:38:29,Hyderabad,self_transfer,DEV930,0
TXN105037,USER4887,173333.08,2025-03-21 19:37:29,Hyderabad,self_transfer,DEV291,0
TXN105038,USER8366,72075.11,2025-01-16 20:07:29,Kolkata,merchant_payment,DEV684,0
TXN105039,USER6329,7897.95,2025-03-01 10:58:29,Pune,merchant_payment,DEV765,0
TXN105040,USER2163,50925.1,2025-03-09 15:44:29,Ahmedabad,bill_payment,DEV756,0
TXN105041,USER3307,88505.92,2025-01-20 18:18:29,Bangalore,self_transfer,DEV886,0
TXN105042,USER2182,52580.65,2025-01-18 09:30:29,Bangalore,receive,DEV996,0
TXN105043,USER2739,85672.99,2025-03-20 13:56:29,Bangalore,bill_payment,DEV102,0
TXN105044,USER4465,190687.4,2025-01-10 04:41:29,Chennai,merchant_payment,DEV898,0
TXN105045,USER5009,154500.27,2025-02-12 01:39:29,Mumbai,send,DEV862,1
TXN105046,USER4867,55258.01,2025-03-31 03:56:29,Ahmedabad,merchant_payment,DEV713,0
TXN105047,USER7207,39343.27,2025-01-22 09:43:29,Ahmedabad,bill_payment,DEV686,0
TXN105048,USER8546,170353.18,2025-01-18 01:36:29,Mumbai,bill_payment,DEV328,1
TXN105049,USER9503,21605.53,2025-03-20 14:09:29,Kolkata,self_transfer,DEV573,0
TXN105050,USER5694,184102.25,2025-03-09 20:21:29,Jaipur,merchant_payment,DEV714,0
TXN105051,USER4295,76957.66,2025-02-28 03:18:29,Jaipur,self_transfer,DEV974,0
TXN105052,USER5855,184789.25,2025-02-24 03:38:29,Delhi,merchant_payment,DEV718,1
TXN105053,USER2743,171588.49,2025-01-19 02:39:29,Hyderabad,receive,DEV764,1
TXN105054,USER7517,146767.1,2025-02-26 23:06:29,Chennai,merchant_payment,DEV456,0
TXN105055,USER4926,45441.48,2025-04-01 04:57:29,Delhi,receive,DEV670,0
TXN105056,USER8935,179040.3,2025-02-07 14:43:29,Jaipur,bill_payment,DEV478,0
TXN105057,USER3790,94091.31,2025-03-20 05:44:29,Pune,send,DEV664,0
TXN105058,USER2845,114110.45,2025-01-24 12:38:29,Jaipur,send,DEV180,0
TXN105059,USER9446,119490.65,2025-03-22 15:17:29,Chennai,receive,DEV344,0
TXN105060,USER6514,138844.46,2025-02-20 20:36:29,Pune,merchant_payment,DEV736,0
TXN105061,USER4740,52523.13,2025-03-28 13:48:29,Ahmedabad,merchant_payment,DEV958,0
TXN105062,USER4777,59812.79,2025-02-09 06:35:29,Mumbai,receive,DEV842,0
TXN105063,USER5093,66112.32,2025-02-11 05:51:29,Jaipur,send,DEV240,0
TXN105064,USER7561,9277.44,2025-02-01 18:37:29,Jaipur,receive,DEV286,0
TXN105065,USER4550,149691.32,2025-01-18 23:35:29,Jaipur,self_transfer,DEV621,0
TXN105066,USER9405,147572.31,2025-03-31 18:40:29,Chennai,send,DEV556,0
TXN105067,USER8083,75025.62,2025-03-29 21:55:29,Bangalore,self_transfer,DEV185,0
TXN105068,USER1686,1200.83,2025-04-04 23:25:29,Ahmedabad,receive,DEV660,0
TXN105069,USER4771,167022.06,2025-02-25 16:21:29,Delhi,merchant_payment,DEV134,0
TXN105070,USER3042,114793.54,2025-01-15 21:26:29,Delhi,bill_payment,DEV100,0
TXN105071,USER3656,105549.04,2025-02-08 16:20:29,Kolkata,self_transfer,DEV627,0
TXN105072,USER9642,171358.9,2025-01-15 23:07:29,Kolkata,send,DEV297,0
TXN105073,USER3810,38922.68,2025-02-18 15:01:29,Hyderabad,merchant_payment,DEV692,0
TXN105074,USER6592,166119.54,2025-03-17 19:52:29,Delhi,send,DEV245,0
TXN105075,USER3857,177837.69,2025-02-18 09:43:29,Chennai,bill_payment,DEV471,0
TXN105076,USER3323,15405.19,2025-01-21 19:11:29,Bangalore,self_transfer,DEV502,0
TXN105077,USER5177,43984.55,2025-03-10 22:27:29,Ahmedabad,bill_payment,DEV523,0
TXN105078,USER3615,181451.32,2025-01-27 20:36:29,Mumbai,merchant_payment,DEV897,0
TXN105079,USER7748,32874.88,2025-01-22 21:22:29,Pune,send,DEV730,0
TXN105080,USER8475,551.35,2025-01-16 16:58:29,Chennai,self_transfer,DEV473,0
TXN105081,USER3533,81795.74,2025-04-05 13:42:29,Mumbai,merchant_payment,DEV686,0
TXN105082,USER4901,66001.55,2025-01-28 10:49:29,Mumbai,merchant_payment,DEV223,0
TXN105083,USER9654,68043.26,2025-02-15 07:37:29,Chennai,send,DEV229,0
TXN105084,USER4455,14889.1,2025-02-10 16:27:29,Bangalore,receive,DEV775,0
TXN105085,USER2468,22962.53,2025-01-07 05:19:30,Hyderabad,bill_payment,DEV223,0
TXN105086,USER9326,51821.46,2025-02-10 18:13:30,Mumbai,bill_payment,DEV407,0
TXN105087,USER1432,18076.39,2025-01-16 19:03:30,Hyderabad,bill_payment,DEV250,0
TXN105088,USER1163,139843.32,2025-02-21 10:08:30,Kolkata,bill_payment,DEV148,0
TXN105089,USER6861,9973.99,2025-03-02 12:52:30,Kolkata,receive,DEV857,0
TXN105090,USER9091,181972.92,2025-03-17 12:05:30,Ahmedabad,merchant_payment,DEV219,0
TXN105091,USER8144,18132.48,2025-02-02 03:06:30,Jaipur,bill_payment,DEV581,0
TXN105092,USER6306,109743.22,2025-01-16 13:15:30,Jaipur,send,DEV848,0
TXN105093,USER4174,21141.15,2025-03-23 11:30:30,Mumbai,receive,DEV687,0
TXN105094,USER3722,193990.21,2025-03-30 13:42:30,Jaipur,bill_payment,DEV391,0
TXN105095,USER4843,183995.0,2025-03-04 15:56:30,Ahmedabad,bill_payment,DEV414,0
TXN105096,USER4331,77487.49,2025-02-28 07:03:30,Hyderabad,self_transfer,DEV927,0
TXN105097,USER1192,194536.51,2025-03-14 16:03:30,Jaipur,merchant_payment,DEV794,0
TXN105098,USER4628,65255.42,2025-03-08 00:21:30,Mumbai,bill_payment,DEV637,0
TXN105099,USER3188,93997.54,2025-04-03 00:38:30,Pune,send,DEV814,0
TXN105100,USER5620,102018.58,2025-02-27 11:44:30,Kolkata,bill_payment,DEV862,0
TXN105101,USER5035,102752.11,2025-02-02 06:59:30,Kolkata,self_transfer,DEV417,0
TXN105102,USER6994,66772.57,2025-01-27 10:30:30,Pune,self_transfer,DEV422,0
TXN105103,USER7998,7380.7,2025-02-26 21:48:30,Chennai,receive,DEV647,0
TXN105104,USER3601,177475.43,2025-01-17 12:12:30,Bangalore,merchant_payment,DEV586,0
TXN105105,USER2512,99046.38,2025-02-03 02:46:30,Chennai,receive,DEV678,0
TXN105106,USER8948,193031.25,2025-03-03 05:09:30,Bangalore,self_transfer,DEV460,0
TXN105107,USER2026,65730.06,2025-01-23 00:35:30,Kolkata,send,DEV367,0
TXN105108,USER3684,65061.37,2025-01-16 23:41:30,Jaipur,merchant_payment,DEV617,0
TXN105109,USER8321,84814.1,2025-01-29 01:53:30,Bangalore,bill_payment,DEV581,0
TXN105110,USER8217,139874.86,2025-02-08 01:24:30,Bangalore,receive,DEV194,1
TXN105111,USER7406,10046.47,2025-02-07 20:43:30,Bangalore,merchant_payment,DEV663,0
TXN105112,USER9098,97303.8,2025-03-29 07:47:30,Pune,self_transfer,DEV834,0
TXN105113,USER4247,196654.11,2025-04-05 04:38:30,Chennai,self_transfer,DEV736,0
TXN105114,USER8203,93229.84,2025-01-21 08:03:30,Pune,self_transfer,DEV712,0
TXN105115,USER4973,190254.64,2025-02-04 03:52:30,Delhi,self_transfer,DEV555,1
TXN105116,USER9432,144596.96,2025-02-27 20:05:30,Bangalore,bill_payment,DEV446,0
TXN105117,USER2131,74319.92,2025-02-10 09:33:30,Kolkata,bill_payment,DEV650,0
TXN105118,USER8730,164745.47,2025-04-01 11:15:30,Mumbai,bill_payment,DEV742,0
TXN105119,USER1827,38613.98,2025-03-12 16:02:30,Bangalore,self_transfer,DEV966,0
TXN105120,USER6223,36286.06,2025-02-26 13:31:30,Kolkata,bill_payment,DEV337,0
TXN105121,USER5998,193811.39,2025-02-19 19:51:30,Jaipur,bill_payment,DEV667,0
TXN105122,USER6958,171166.63,2025-03-05 07:50:30,Ahmedabad,merchant_payment,DEV223,0
TXN105123,USER2800,83875.62,2025-01-19 18:28:30,Bangalore,send,DEV677,0
TXN105124,USER6744,190430.06,2025-04-07 01:32:30,Chennai,bill_payment,DEV525,1
TXN105125,USER3536,25537.2,2025-02-24 07:20:30,Kolkata,send,DEV890,0
TXN105126,USER2615,169418.21,2025-03-20 12:58:30,Pune,send,DEV158,0
TXN105127,USER5589,32001.97,2025-01-16 08:30:30,Kolkata,bill_payment,DEV833,0
TXN105128,USER2826,10693.4,2025-03-10 07:17:30,Kolkata,bill_payment,DEV383,0
TXN105129,USER9572,12834.13,2025-02-05 21:22:30,Ahmedabad,merchant_payment,DEV587,0
TXN105130,USER8733,13016.85,2025-01-31 03:07:30,Chennai,receive,DEV911,0
TXN105131,USER7003,55878.7,2025-02-12 19:19:30,Ahmedabad,bill_payment,DEV700,0
TXN105132,USER8983,104180.41,2025-03-06 01:47:30,Delhi,receive,DEV120,1
TXN105133,USER1922,59240.83,2025-03-03 22:18:30,Ahmedabad,merchant_payment,DEV419,0
TXN105134,USER8566,15166.88,2025-02-14 07:58:30,Bangalore,send,DEV463,0
TXN105135,USER5641,151577.52,2025-03-22 22:17:30,Bangalore,merchant_payment,DEV713,0
TXN105136,USER7315,32475.1,2025-01-15 22:11:30,Hyderabad,merchant_payment,DEV608,0
TXN105137,USER7272,160616.43,2025-02-15 23:12:30,Pune,bill_payment,DEV554,0
TXN105138,USER7386,78249.02,2025-03-02 06:09:30,Jaipur,self_transfer,DEV973,0
TXN105139,USER1788,25959.08,2025-01-07 17:13:30,Kolkata,self_transfer,DEV575,0
TXN105140,USER3945,192290.44,2025-04-07 13:36:30,Ahmedabad,receive,DEV400,0
TXN105141,USER8815,23594.67,2025-04-03 20:01:30,Delhi,merchant_payment,DEV742,0
TXN105142,USER3663,572.33,2025-01-20 05:21:30,Chennai,receive,DEV544,0
TXN105143,USER8898,29325.23,2025-03-17 06:17:30,Hyderabad,merchant_payment,DEV687,0
TXN105144,USER6033,65956.99,2025-04-02 17:31:30,Chennai,send,DEV302,0
TXN105145,USER4113,104552.7,2025-03-25 16:05:30,Chennai,self_transfer,DEV557,0
TXN105146,USER3997,104227.81,2025-02-13 14:17:30,Mumbai,receive,DEV732,0
TXN105147,USER4678,46457.16,2025-03-21 16:19:30,Delhi,merchant_payment,DEV150,0
TXN105148,USER8998,35383.56,2025-03-29 09:50:30,Jaipur,send,DEV265,0
TXN105149,USER1787,142711.58,2025-03-31 16:19:30,Jaipur,send,DEV917,0
TXN105150,USER3139,5290.5,2025-03-30 06:32:30,Mumbai,send,DEV448,0
TXN105151,USER4400,14288.78,2025-03-01 08:12:30,Kolkata,self_transfer,DEV875,0
TXN105152,USER8883,180577.36,2025-03-24 06:59:30,Pune,merchant_payment,DEV617,0
TXN105153,USER3730,7447.5,2025-01-23 19:37:30,Hyderabad,receive,DEV959,0
TXN105154,USER8769,85349.12,2025-01-19 15:00:30,Jaipur,merchant_payment,DEV590,0
TXN105155,USER8974,194271.25,2025-02-19 18:17:30,Chennai,bill_payment,DEV837,0
TXN105156,USER8080,2850.59,2025-03-03 12:45:30,Bangalore,self_transfer,DEV869,0
TXN105157,USER4173,142270.3,2025-04-05 14:32:30,Pune,send,DEV690,0
TXN105158,USER8207,148723.12,2025-02-05 04:32:30,Chennai,send,DEV708,0
TXN105159,USER8956,50792.69,2025-03-25 10:41:30,Hyderabad,self_transfer,DEV749,0
TXN105160,USER5406,22328.09,2025-01-20 10:43:30,Ahmedabad,self_transfer,DEV161,0
TXN105161,USER4952,156356.57,2025-01-20 12:27:30,Chennai,merchant_payment,DEV442,1
TXN105162,USER6781,147893.11,2025-01-07 09:17:30,Pune,receive,DEV329,0
TXN105163,USER2573,67773.42,2025-01-24 20:09:30,Delhi,merchant_payment,DEV497,0
TXN105164,USER4573,179715.16,2025-02-14 18:23:30,Chennai,receive,DEV830,0
TXN105165,USER5174,186311.25,2025-02-10 09:44:30,Jaipur,send,DEV684,0
TXN105166,USER2674,112734.9,2025-03-20 12:01:30,Mumbai,self_transfer,DEV633,0
TXN105167,USER3224,157812.75,2025-03-24 08:52:30,Delhi,receive,DEV716,0
TXN105168,USER3611,58895.38,2025-02-16 21:36:30,Pune,bill_payment,DEV449,0
TXN105169,USER2600,146858.78,2025-04-03 23:22:30,Mumbai,send,DEV459,0
TXN105170,USER1461,74540.27,2025-03-12 10:57:30,Chennai,bill_payment,DEV143,0
TXN105171,USER8405,23857.26,2025-01-12 04:42:30,Chennai,merchant_payment,DEV174,0
TXN105172,USER9946,87292.73,2025-02-28 08:03:30,Pune,send,DEV968,0
TXN105173,USER5614,49122.63,2025-02-02 15:23:30,Ahmedabad,receive,DEV848,0
TXN105174,USER7499,173981.46,2025-02-09 16:28:30,Hyderabad,receive,DEV657,0
TXN105175,USER9179,55444.46,2025-01-10 02:06:30,Mumbai,bill_payment,DEV953,0
TXN105176,USER3063,37773.17,2025-03-30 16:19:30,Bangalore,self_transfer,DEV812,0
TXN105177,USER1590,39702.3,2025-03-31 10:11:30,Hyderabad,merchant_payment,DEV544,0
TXN105178,USER1483,55264.34,2025-03-07 08:41:30,Ahmedabad,send,DEV991,0
TXN105179,USER2794,110715.49,2025-01-07 21:29:30,Kolkata,bill_payment,DEV883,0
TXN105180,USER5517,185934.28,2025-02-23 00:29:30,Hyderabad,bill_payment,DEV981,0
TXN105181,USER1112,109484.02,2025-04-04 21:53:30,Jaipur,self_transfer,DEV552,0
TXN105182,USER8502,131902.71,2025-01-12 14:30:30,Hyderabad,bill_payment,DEV323,0
TXN105183,USER2144,73949.18,2025-03-06 00:43:30,Pune,send,DEV514,0
TXN105184,USER3680,183326.69,2025-03-27 12:23:30,Kolkata,send,DEV421,0
TXN105185,USER9275,75602.61,2025-03-18 20:04:30,Hyderabad,send,DEV939,0
TXN105186,USER1084,106635.28,2025-02-03 12:42:30,Chennai,merchant_payment,DEV772,0
TXN105187,USER5068,61722.86,2025-04-02 09:17:30,Bangalore,merchant_payment,DEV917,0
TXN105188,USER7874,82979.72,2025-02-25 10:38:30,Jaipur,receive,DEV148,0
TXN105189,USER9312,145743.68,2025-04-02 10:01:30,Bangalore,receive,DEV691,0
TXN105190,USER8664,131873.54,2025-01-30 10:23:30,Chennai,send,DEV610,0
TXN105191,USER3775,64254.29,2025-04-03 04:40:30,Jaipur,self_transfer,DEV158,0
TXN105192,USER7330,23660.25,2025-03-02 14:05:30,Kolkata,send,DEV551,0
TXN105193,USER5151,33147.43,2025-01-16 16:44:30,Mumbai,send,DEV154,0
TXN105194,USER5496,100523.26,2025-01-21 08:39:30,Mumbai,self_transfer,DEV394,0
TXN105195,USER7466,88881.99,2025-02-08 08:19:30,Mumbai,bill_payment,DEV381,0
TXN105196,USER4964,84518.26,2025-02-26 07:25:30,Hyderabad,self_transfer,DEV449,0
TXN105197,USER8098,121653.21,2025-02-09 19:28:30,Jaipur,send,DEV652,0
TXN105198,USER5582,89029.07,2025-02-27 04:56:30,Bangalore,self_transfer,DEV934,0
TXN105199,USER1006,77817.47,2025-03-03 03:37:30,Delhi,send,DEV379,0
TXN105200,USER7754,73180.72,2025-03-11 01:11:30,Chennai,send,DEV298,0
TXN105201,USER5462,112910.69,2025-02-21 13:28:30,Pune,merchant_payment,DEV878,0
TXN105202,USER2385,141336.57,2025-02-09 14:51:30,Hyderabad,bill_payment,DEV860,0
TXN105203,USER6499,25929.75,2025-04-01 12:22:30,Pune,bill_payment,DEV987,0
TXN105204,USER5933,86340.63,2025-04-06 05:42:30,Mumbai,self_transfer,DEV173,0
TXN105205,USER2680,10751.84,2025-02-06 19:03:30,Bangalore,merchant_payment,DEV558,0
TXN105206,USER2947,194904.98,2025-02-23 01:17:30,Bangalore,merchant_payment,DEV715,1
TXN105207,USER7701,106663.58,2025-03-11 17:46:30,Ahmedabad,send,DEV942,0
TXN105208,USER7318,163123.18,2025-03-08 20:21:30,Hyderabad,bill_payment,DEV893,0
TXN105209,USER3286,33711.81,2025-03-10 17:07:30,Bangalore,merchant_payment,DEV412,0
TXN105210,USER8809,76871.24,2025-03-01 22:19:30,Chennai,receive,DEV621,0
TXN105211,USER6651,56300.99,2025-03-14 00:31:30,Chennai,send,DEV405,0
TXN105212,USER4831,19234.65,2025-03-15 22:36:30,Delhi,bill_payment,DEV211,0
TXN105213,USER1741,73464.81,2025-03-08 07:44:30,Pune,receive,DEV310,0
TXN105214,USER3475,72196.41,2025-03-07 14:32:30,Kolkata,bill_payment,DEV376,0
TXN105215,USER2846,43338.77,2025-02-10 22:15:30,Mumbai,merchant_payment,DEV966,0
TXN105216,USER6587,130061.17,2025-02-13 18:37:30,Bangalore,self_transfer,DEV543,0
TXN105217,USER6930,145031.19,2025-02-19 14:58:30,Delhi,bill_payment,DEV967,0
TXN105218,USER6478,171509.74,2025-02-28 15:18:30,Kolkata,self_transfer,DEV657,0
TXN105219,USER8052,6116.36,2025-02-25 00:41:30,Chennai,merchant_payment,DEV425,0
TXN105220,USER3572,135733.18,2025-02-19 21:27:30,Hyderabad,receive,DEV170,0
TXN105221,USER1669,95726.93,2025-03-08 01:09:30,Pune,merchant_payment,DEV579,0
TXN105222,USER9636,173696.42,2025-02-23 05:44:30,Chennai,bill_payment,DEV649,0
TXN105223,USER4686,126998.22,2025-02-07 12:55:30,Jaipur,receive,DEV595,0
TXN105224,USER8936,126204.91,2025-02-25 07:01:30,Jaipur,bill_payment,DEV950,0
TXN105225,USER2991,116659.31,2025-03-29 10:40:30,Jaipur,receive,DEV239,0
TXN105226,USER7202,21188.66,2025-01-29 07:31:30,Chennai,bill_payment,DEV905,0
TXN105227,USER6841,151423.2,2025-02-16 12:49:30,Jaipur,receive,DEV575,0
TXN105228,USER5050,36138.57,2025-03-21 14:41:30,Hyderabad,receive,DEV715,0
TXN105229,USER5151,54435.7,2025-04-01 10:41:30,Delhi,receive,DEV803,0
TXN105230,USER8992,120002.08,2025-02-17 00:07:30,Pune,self_transfer,DEV351,0
TXN105231,USER6174,161745.22,2025-02-09 17:48:30,Kolkata,self_transfer,DEV384,0
TXN105232,USER3493,51310.64,2025-01-24 15:41:30,Ahmedabad,self_transfer,DEV190,0
TXN105233,USER4517,180913.38,2025-04-02 23:47:30,Pune,merchant_payment,DEV595,0
TXN105234,USER4067,37926.41,2025-02-17 04:49:30,Kolkata,bill_payment,DEV469,0
TXN105235,USER2130,23747.09,2025-01-27 11:42:30,Delhi,merchant_payment,DEV801,1
TXN105236,USER7280,29470.67,2025-01-18 22:59:30,Hyderabad,receive,DEV459,0
TXN105237,USER3789,137157.92,2025-01-18 15:41:30,Chennai,send,DEV477,0
TXN105238,USER2814,171558.79,2025-02-10 21:25:30,Pune,merchant_payment,DEV971,0
TXN105239,USER3176,187953.28,2025-03-19 18:20:30,Ahmedabad,merchant_payment,DEV489,0
TXN105240,USER4200,186758.88,2025-03-01 04:38:30,Delhi,send,DEV692,0
TXN105241,USER9889,132889.74,2025-01-13 03:06:30,Pune,self_transfer,DEV478,1
TXN105242,USER6137,134803.88,2025-04-06 04:08:30,Kolkata,receive,DEV782,0
TXN105243,USER3363,109458.85,2025-02-26 12:32:30,Mumbai,merchant_payment,DEV594,0
TXN105244,USER7584,151929.0,2025-01-07 01:19:30,Ahmedabad,self_transfer,DEV239,1
TXN105245,USER7736,35526.22,2025-01-24 08:48:30,Kolkata,self_transfer,DEV406,0
TXN105246,USER3082,71057.05,2025-03-15 12:03:30,Ahmedabad,bill_payment,DEV872,0
TXN105247,USER6372,43950.18,2025-04-01 00:32:30,Hyderabad,bill_payment,DEV921,0
TXN105248,USER7314,152824.48,2025-04-02 14:18:30,Jaipur,bill_payment,DEV354,0
TXN105249,USER7918,133972.5,2025-01-28 18:24:30,Kolkata,bill_payment,DEV424,0
TXN105250,USER4934,189696.22,2025-02-25 18:54:30,Ahmedabad,bill_payment,DEV254,0
TXN105251,USER5832,152288.75,2025-02-26 09:07:30,Kolkata,send,DEV716,0
TXN105252,USER8423,156418.1,2025-03-08 02:38:30,Mumbai,self_transfer,DEV192,1
TXN105253,USER3292,198294.6,2025-01-22 04:05:30,Chennai,receive,DEV899,0
TXN105254,USER5403,111679.87,2025-03-03 02:59:30,Ahmedabad,send,DEV914,1
TXN105255,USER7099,109700.84,2025-02-09 22:05:30,Hyderabad,self_transfer,DEV220,1
TXN105256,USER4425,23421.97,2025-01-18 12:19:30,Jaipur,bill_payment,DEV781,0
TXN105257,USER2391,194491.03,2025-01-12 22:54:30,Mumbai,receive,DEV417,0
TXN105258,USER1871,11230.6,2025-02-14 18:46:30,Pune,receive,DEV643,0
TXN105259,USER3081,10150.26,2025-02-11 00:22:30,Delhi,receive,DEV297,0
TXN105260,USER5480,35159.45,2025-03-18 04:40:30,Kolkata,self_transfer,DEV929,0
TXN105261,USER1444,131231.5,2025-01-24 10:40:30,Delhi,merchant_payment,DEV992,0
TXN105262,USER8548,36038.64,2025-01-06 22:11:30,Hyderabad,send,DEV819,0
TXN105263,USER9282,181680.77,2025-01-23 01:04:30,Ahmedabad,self_transfer,DEV727,1
TXN105264,USER4446,76450.51,2025-03-31 20:58:30,Kolkata,receive,DEV498,0
TXN105265,USER7369,126542.76,2025-03-01 06:32:30,Pune,receive,DEV427,0
TXN105266,USER2038,178057.16,2025-01-23 00:26:30,Jaipur,merchant_payment,DEV206,0
TXN105267,USER5068,104188.91,2025-02-05 17:31:30,Delhi,bill_payment,DEV468,0
TXN105268,USER3080,131259.08,2025-02-14 22:01:30,Mumbai,bill_payment,DEV944,0
TXN105269,USER5971,103246.28,2025-03-19 11:00:30,Kolkata,send,DEV972,0
TXN105270,USER7908,149522.14,2025-01-22 17:13:30,Delhi,receive,DEV675,0
TXN105271,USER8056,5996.83,2025-03-27 06:11:30,Hyderabad,merchant_payment,DEV900,0
TXN105272,USER2365,68614.28,2025-03-22 03:47:30,Mumbai,send,DEV998,0
TXN105273,USER5546,101582.37,2025-03-04 04:41:30,Pune,send,DEV325,0
TXN105274,USER3571,4559.0,2025-01-21 22:15:30,Jaipur,receive,DEV455,0
TXN105275,USER9238,159960.02,2025-03-18 07:00:30,Chennai,merchant_payment,DEV653,0
TXN105276,USER3563,119457.5,2025-03-03 03:20:30,Pune,self_transfer,DEV320,1
TXN105277,USER6630,110210.86,2025-04-02 13:05:30,Kolkata,merchant_payment,DEV520,0
TXN105278,USER6661,51275.26,2025-01-11 05:58:30,Kolkata,receive,DEV116,0
TXN105279,USER9741,56570.59,2025-04-03 17:34:30,Ahmedabad,bill_payment,DEV386,0
TXN105280,USER5983,3158.05,2025-01-22 16:46:30,Delhi,receive,DEV362,0
TXN105281,USER1330,47713.51,2025-02-06 08:41:30,Hyderabad,send,DEV521,0
TXN105282,USER5240,106893.08,2025-03-29 00:41:30,Jaipur,self_transfer,DEV885,0
TXN105283,USER7852,8552.53,2025-04-03 17:43:30,Bangalore,bill_payment,DEV154,0
TXN105284,USER5774,150204.91,2025-01-29 08:41:30,Jaipur,self_transfer,DEV496,0
TXN105285,USER5871,100640.8,2025-02-21 14:57:30,Hyderabad,self_transfer,DEV432,0
TXN105286,USER8454,191770.41,2025-04-02 08:08:30,Hyderabad,receive,DEV108,0
TXN105287,USER6347,66206.18,2025-02-08 14:47:30,Chennai,bill_payment,DEV854,0
TXN105288,USER1097,33662.18,2025-03-28 11:35:30,Bangalore,send,DEV989,0
TXN105289,USER2012,181113.46,2025-02-06 07:44:30,Ahmedabad,merchant_payment,DEV289,0
TXN105290,USER6592,76491.25,2025-01-25 17:53:30,Bangalore,receive,DEV858,0
TXN105291,USER2662,165367.29,2025-01-16 04:46:30,Mumbai,send,DEV194,0
TXN105292,USER1390,186447.83,2025-01-12 10:30:30,Mumbai,receive,DEV241,0
TXN105293,USER1503,176775.11,2025-04-07 12:14:30,Bangalore,send,DEV458,0
TXN105294,USER5077,44163.91,2025-03-12 07:44:30,Kolkata,receive,DEV231,0
TXN105295,USER9471,33331.55,2025-03-18 07:48:30,Hyderabad,self_transfer,DEV131,0
TXN105296,USER7623,166745.24,2025-03-16 11:58:30,Chennai,send,DEV243,0
TXN105297,USER3667,185476.18,2025-02-08 23:45:30,Ahmedabad,self_transfer,DEV651,0
TXN105298,USER2853,118485.06,2025-03-24 12:32:30,Hyderabad,receive,DEV191,0
TXN105299,USER4711,19386.27,2025-01-07 18:29:30,Jaipur,self_transfer,DEV688,0
TXN105300,USER5945,63727.86,2025-02-21 00:50:30,Pune,send,DEV781,0
TXN105301,USER8105,195889.23,2025-03-28 20:40:30,Delhi,merchant_payment,DEV850,0
TXN105302,USER2795,68283.9,2025-03-06 13:28:30,Pune,self_transfer,DEV394,0
TXN105303,USER6220,174519.72,2025-03-06 21:34:30,Mumbai,merchant_payment,DEV895,0
TXN105304,USER7219,25816.79,2025-02-20 08:16:30,Ahmedabad,send,DEV597,0
TXN105305,USER6234,169772.81,2025-03-17 15:51:30,Ahmedabad,self_transfer,DEV906,0
TXN105306,USER3134,78031.8,2025-03-03 19:25:30,Jaipur,bill_payment,DEV918,0
TXN105307,USER9136,64608.81,2025-02-09 14:34:30,Jaipur,merchant_payment,DEV978,0
TXN105308,USER6103,152612.86,2025-03-11 02:43:30,Hyderabad,self_transfer,DEV128,1
TXN105309,USER5181,88360.16,2025-03-02 16:46:30,Delhi,bill_payment,DEV588,0
TXN105310,USER1048,136135.36,2025-02-01 11:48:30,Pune,send,DEV953,0
TXN105311,USER3301,654.48,2025-02-09 22:05:30,Pune,bill_payment,DEV849,0
TXN105312,USER8251,88495.86,2025-03-11 11:47:30,Chennai,bill_payment,DEV360,0
TXN105313,USER1684,179063.68,2025-01-17 12:06:30,Bangalore,receive,DEV741,0
TXN105314,USER7492,110386.25,2025-01-15 04:13:30,Hyderabad,self_transfer,DEV945,0
TXN105315,USER7171,183828.59,2025-03-09 21:09:30,Kolkata,send,DEV234,0
TXN105316,USER9260,176455.1,2025-02-01 04:53:30,Delhi,send,DEV992,0
TXN105317,USER5174,75694.83,2025-01-15 08:46:30,Hyderabad,bill_payment,DEV993,0
TXN105318,USER7002,99963.28,2025-03-04 20:51:30,Kolkata,send,DEV938,0
TXN105319,USER9641,44847.0,2025-03-23 01:12:30,Chennai,merchant_payment,DEV155,0
TXN105320,USER8940,118416.22,2025-01-20 08:01:30,Bangalore,merchant_payment,DEV467,0
TXN105321,USER9112,171724.38,2025-04-07 10:56:30,Pune,merchant_payment,DEV926,0
TXN105322,USER3062,31307.2,2025-04-07 00:32:30,Delhi,merchant_payment,DEV943,0
TXN105323,USER9539,53460.49,2025-01-20 07:34:30,Delhi,send,DEV538,0
TXN105324,USER3795,113861.77,2025-04-01 07:44:30,Mumbai,merchant_payment,DEV802,0
TXN105325,USER1281,66779.61,2025-02-04 04:58:30,Pune,self_transfer,DEV348,0
TXN105326,USER5584,190490.39,2025-02-05 00:45:30,Bangalore,send,DEV544,0
TXN105327,USER2442,137720.94,2025-01-23 21:01:30,Jaipur,merchant_payment,DEV799,0
TXN105328,USER1942,158475.68,2025-02-02 19:46:30,Jaipur,merchant_payment,DEV676,0
TXN105329,USER5034,104490.9,2025-01-06 14:35:30,Mumbai,send,DEV626,0
TXN105330,USER9864,91945.8,2025-02-26 07:39:30,Chennai,merchant_payment,DEV344,0
TXN105331,USER8586,133080.06,2025-03-12 01:09:30,Mumbai,self_transfer,DEV432,1
TXN105332,USER1346,96442.26,2025-02-08 01:30:30,Delhi,self_transfer,DEV813,0
TXN105333,USER1815,45024.02,2025-03-17 05:46:30,Jaipur,bill_payment,DEV630,0
TXN105334,USER8172,13099.07,2025-01-20 10:35:30,Ahmedabad,receive,DEV345,0
TXN105335,USER5740,168265.45,2025-01-15 22:11:30,Bangalore,merchant_payment,DEV139,0
TXN105336,USER8785,18445.21,2025-03-15 18:35:30,Kolkata,send,DEV309,0
TXN105337,USER1361,18979.27,2025-02-02 12:20:30,Mumbai,receive,DEV829,0
TXN105338,USER2143,94614.98,2025-01-20 15:57:30,Pune,self_transfer,DEV188,0
TXN105339,USER5030,90208.66,2025-02-13 04:12:30,Chennai,send,DEV998,0
TXN105340,USER4654,182015.06,2025-03-10 10:11:30,Jaipur,bill_payment,DEV760,0
TXN105341,USER8547,166361.2,2025-01-22 11:42:30,Ahmedabad,merchant_payment,DEV186,0
TXN105342,USER5636,8415.49,2025-02-26 00:02:30,Chennai,merchant_payment,DEV253,0
TXN105343,USER8749,186551.66,2025-02-04 19:32:30,Hyderabad,self_transfer,DEV554,0
TXN105344,USER9002,131481.46,2025-02-22 03:30:30,Bangalore,bill_payment,DEV331,1
TXN105345,USER1197,191836.79,2025-02-08 11:02:30,Delhi,merchant_payment,DEV321,1
TXN105346,USER3716,184124.56,2025-03-22 05:04:30,Hyderabad,bill_payment,DEV654,0
TXN105347,USER3871,34086.92,2025-03-27 07:02:30,Bangalore,receive,DEV615,0
TXN105348,USER5916,80828.56,2025-01-14 13:58:30,Delhi,receive,DEV365,0
TXN105349,USER2090,86372.53,2025-01-31 01:28:30,Jaipur,bill_payment,DEV525,0
TXN105350,USER5908,92953.47,2025-01-19 10:44:30,Jaipur,merchant_payment,DEV967,0
TXN105351,USER5363,60449.79,2025-02-28 20:10:30,Jaipur,receive,DEV205,0
TXN105352,USER4152,99159.39,2025-02-23 11:18:30,Ahmedabad,self_transfer,DEV318,0
TXN105353,USER7552,33361.09,2025-03-20 10:08:30,Hyderabad,merchant_payment,DEV387,0
TXN105354,USER8343,55940.72,2025-02-15 05:22:30,Jaipur,bill_payment,DEV977,0
TXN105355,USER9617,179912.29,2025-01-20 08:21:30,Bangalore,bill_payment,DEV770,0
TXN105356,USER9358,22091.27,2025-03-18 20:35:30,Mumbai,bill_payment,DEV385,0
TXN105357,USER7980,73645.49,2025-02-04 01:57:30,Hyderabad,self_transfer,DEV196,0
TXN105358,USER7877,111354.53,2025-03-20 00:24:30,Chennai,self_transfer,DEV250,0
TXN105359,USER5642,37973.46,2025-03-31 12:13:30,Hyderabad,merchant_payment,DEV445,1
TXN105360,USER1091,91509.01,2025-02-12 11:34:30,Ahmedabad,receive,DEV659,0
TXN105361,USER8731,58207.87,2025-04-07 09:22:30,Jaipur,merchant_payment,DEV181,0
TXN105362,USER1903,30468.35,2025-01-29 01:47:30,Kolkata,receive,DEV952,0
TXN105363,USER1179,19935.28,2025-01-12 11:16:30,Delhi,send,DEV707,0
TXN105364,USER4943,69211.01,2025-04-04 14:16:30,Delhi,bill_payment,DEV313,0
TXN105365,USER2117,172935.9,2025-03-20 22:58:30,Pune,bill_payment,DEV883,0
TXN105366,USER7348,116183.98,2025-03-23 03:25:30,Chennai,send,DEV216,1
TXN105367,USER3443,16851.84,2025-02-16 09:47:30,Jaipur,merchant_payment,DEV687,0
TXN105368,USER6950,22287.66,2025-03-05 02:45:30,Delhi,receive,DEV812,0
TXN105369,USER4720,166045.91,2025-01-21 16:05:30,Bangalore,self_transfer,DEV234,0
TXN105370,USER5806,191192.06,2025-02-15 00:27:30,Ahmedabad,receive,DEV801,0
TXN105371,USER1283,25565.5,2025-02-20 02:42:30,Kolkata,receive,DEV732,0
TXN105372,USER7692,133906.4,2025-02-23 19:08:30,Hyderabad,merchant_payment,DEV937,0
TXN105373,USER1281,185933.17,2025-01-06 20:56:30,Hyderabad,receive,DEV212,0
TXN105374,USER8394,69712.48,2025-03-13 12:05:30,Delhi,send,DEV151,0
TXN105375,USER7310,146679.31,2025-04-03 05:23:30,Delhi,receive,DEV893,0
TXN105376,USER8543,88562.67,2025-01-21 17:20:30,Hyderabad,receive,DEV809,0
TXN105377,USER8844,125819.48,2025-03-02 21:45:30,Hyderabad,self_transfer,DEV903,0
TXN105378,USER8211,9522.55,2025-01-28 01:08:30,Delhi,merchant_payment,DEV261,0
TXN105379,USER4373,19831.44,2025-03-29 02:13:30,Pune,bill_payment,DEV560,0
TXN105380,USER6933,84984.66,2025-02-25 19:25:30,Bangalore,self_transfer,DEV935,0
TXN105381,USER9517,198797.19,2025-01-13 16:23:30,Delhi,receive,DEV581,0
TXN105382,USER2794,143545.26,2025-01-17 01:55:30,Delhi,bill_payment,DEV827,1
TXN105383,USER2240,48531.12,2025-03-23 15:32:30,Jaipur,bill_payment,DEV458,0
TXN105384,USER2261,41.59,2025-01-25 12:23:30,Ahmedabad,self_transfer,DEV945,0
TXN105385,USER7360,51159.7,2025-02-06 01:07:30,Pune,self_transfer,DEV907,0
TXN105386,USER8479,7200.35,2025-01-08 04:26:30,Pune,bill_payment,DEV707,0
TXN105387,USER6463,89721.56,2025-02-26 06:27:30,Ahmedabad,merchant_payment,DEV773,0
TXN105388,USER7808,69138.68,2025-02-24 23:38:30,Chennai,merchant_payment,DEV783,0
TXN105389,USER7070,10090.68,2025-02-07 22:43:30,Jaipur,self_transfer,DEV843,0
TXN105390,USER4100,147238.79,2025-03-03 18:07:30,Ahmedabad,receive,DEV985,0
TXN105391,USER1719,54256.89,2025-01-21 03:52:30,Jaipur,receive,DEV670,0
TXN105392,USER9045,172427.53,2025-03-27 08:27:30,Jaipur,self_transfer,DEV276,0
TXN105393,USER3428,8071.84,2025-01-24 07:37:30,Mumbai,send,DEV444,0
TXN105394,USER7447,197871.94,2025-01-21 00:37:30,Pune,merchant_payment,DEV156,0
TXN105395,USER4054,95907.46,2025-03-07 22:32:30,Hyderabad,send,DEV287,0
TXN105396,USER2060,64890.56,2025-01-19 06:56:30,Pune,self_transfer,DEV131,0
TXN105397,USER4204,182404.91,2025-03-19 09:36:30,Pune,send,DEV924,0
TXN105398,USER5316,117735.73,2025-02-23 17:37:30,Chennai,bill_payment,DEV515,0
TXN105399,USER4183,28996.55,2025-03-13 14:51:30,Hyderabad,self_transfer,DEV740,0
TXN105400,USER7943,82718.9,2025-01-28 04:58:30,Delhi,merchant_payment,DEV838,0
TXN105401,USER9535,37523.9,2025-03-11 10:29:30,Jaipur,bill_payment,DEV274,0
TXN105402,USER2430,93086.2,2025-03-21 18:47:30,Jaipur,send,DEV796,0
TXN105403,USER1319,79736.66,2025-01-24 03:07:30,Bangalore,send,DEV407,0
TXN105404,USER9829,10570.91,2025-01-30 22:29:30,Jaipur,receive,DEV864,0
TXN105405,USER9551,42094.4,2025-02-05 17:59:30,Ahmedabad,send,DEV218,0
TXN105406,USER1180,130509.91,2025-04-01 09:24:30,Mumbai,merchant_payment,DEV725,0
TXN105407,USER7515,75254.58,2025-01-21 06:13:30,Mumbai,merchant_payment,DEV130,0
TXN105408,USER9717,108605.28,2025-02-09 22:57:30,Bangalore,self_transfer,DEV527,0
TXN105409,USER7090,97376.08,2025-01-13 16:23:30,Chennai,self_transfer,DEV764,0
TXN105410,USER7969,66450.0,2025-02-25 23:59:30,Pune,receive,DEV605,0
TXN105411,USER7441,56877.68,2025-02-08 13:48:30,Pune,self_transfer,DEV697,1
TXN105412,USER8249,155269.78,2025-02-20 07:41:30,Jaipur,bill_payment,DEV565,0
TXN105413,USER2037,26633.83,2025-01-08 17:19:30,Pune,bill_payment,DEV723,0
TXN105414,USER1565,179739.09,2025-04-02 00:45:30,Delhi,bill_payment,DEV918,0
TXN105415,USER4297,13943.99,2025-03-27 21:33:30,Bangalore,receive,DEV298,0
TXN105416,USER3160,169519.3,2025-02-15 05:51:30,Hyderabad,bill_payment,DEV790,0
TXN105417,USER2541,125902.3,2025-02-17 07:47:30,Mumbai,bill_payment,DEV489,0
TXN105418,USER3988,9838.52,2025-02-17 02:14:30,Hyderabad,bill_payment,DEV235,0
TXN105419,USER7171,35716.86,2025-02-12 10:52:30,Mumbai,bill_payment,DEV256,0
TXN105420,USER9101,89034.14,2025-03-09 12:34:30,Kolkata,merchant_payment,DEV550,0
TXN105421,USER3124,160707.76,2025-03-02 10:17:30,Chennai,self_transfer,DEV209,0
TXN105422,USER2961,1735.92,2025-01-07 03:07:30,Bangalore,merchant_payment,DEV673,0
TXN105423,USER5643,64799.8,2025-02-19 23:32:30,Mumbai,receive,DEV680,0
TXN105424,USER3504,120702.56,2025-02-02 05:50:30,Mumbai,bill_payment,DEV694,0
TXN105425,USER3136,14612.78,2025-01-19 20:16:30,Chennai,receive,DEV426,0
TXN105426,USER9015,50918.96,2025-03-22 01:37:30,Pune,bill_payment,DEV487,0
TXN105427,USER5874,115135.9,2025-03-03 16:44:30,Pune,bill_payment,DEV352,0
TXN105428,USER9747,90965.68,2025-01-07 05:42:30,Pune,receive,DEV878,0
TXN105429,USER4009,123616.17,2025-03-29 01:23:30,Delhi,merchant_payment,DEV227,1
TXN105430,USER6199,127400.45,2025-02-07 09:48:30,Kolkata,bill_payment,DEV774,0
TXN105431,USER5983,43399.05,2025-01-06 15:36:30,Hyderabad,merchant_payment,DEV716,0
TXN105432,USER9922,92489.78,2025-02-05 02:32:30,Mumbai,self_transfer,DEV185,0
TXN105433,USER9106,100856.74,2025-02-13 19:08:30,Bangalore,bill_payment,DEV545,0
TXN105434,USER5166,98948.64,2025-03-02 08:52:30,Mumbai,bill_payment,DEV130,0
TXN105435,USER1538,173944.43,2025-03-09 11:21:30,Bangalore,merchant_payment,DEV419,0
TXN105436,USER6009,148138.28,2025-01-24 14:04:30,Ahmedabad,receive,DEV643,0
TXN105437,USER7921,6314.02,2025-01-23 00:42:30,Mumbai,receive,DEV959,0
TXN105438,USER4535,146628.94,2025-02-15 06:55:30,Bangalore,self_transfer,DEV713,0
TXN105439,USER4332,36205.47,2025-02-18 21:25:30,Hyderabad,bill_payment,DEV844,0
TXN105440,USER5013,106962.78,2025-03-14 17:33:30,Chennai,send,DEV326,0
TXN105441,USER9474,5745.38,2025-02-18 19:30:30,Kolkata,bill_payment,DEV444,0
TXN105442,USER1110,73402.72,2025-04-06 23:50:30,Mumbai,send,DEV214,0
TXN105443,USER4167,77342.96,2025-03-24 10:40:30,Ahmedabad,self_transfer,DEV197,0
TXN105444,USER8893,76111.99,2025-03-30 18:20:30,Mumbai,self_transfer,DEV819,0
TXN105445,USER8245,2486.27,2025-01-18 04:04:30,Jaipur,bill_payment,DEV994,0
TXN105446,USER8759,17600.39,2025-03-15 12:24:30,Pune,receive,DEV216,0
TXN105447,USER1757,152647.36,2025-04-04 03:31:30,Jaipur,merchant_payment,DEV240,1
TXN105448,USER2369,36536.3,2025-01-09 05:36:30,Kolkata,send,DEV790,0
TXN105449,USER5914,55779.61,2025-01-24 09:51:30,Hyderabad,send,DEV257,0
TXN105450,USER1619,93517.75,2025-01-06 14:32:30,Hyderabad,merchant_payment,DEV376,0
TXN105451,USER6579,113130.8,2025-03-18 15:28:30,Ahmedabad,merchant_payment,DEV332,0
TXN105452,USER2785,143434.87,2025-02-08 04:52:30,Hyderabad,self_transfer,DEV835,0
TXN105453,USER2576,1979.3,2025-02-11 19:39:30,Chennai,receive,DEV887,0
TXN105454,USER4543,113187.7,2025-03-23 19:01:30,Ahmedabad,receive,DEV853,0
TXN105455,USER5056,189148.72,2025-01-18 12:26:30,Mumbai,merchant_payment,DEV771,0
TXN105456,USER3621,34655.68,2025-04-01 22:32:30,Mumbai,merchant_payment,DEV770,0
TXN105457,USER3076,180330.33,2025-03-08 14:06:30,Ahmedabad,self_transfer,DEV494,0
TXN105458,USER1850,137801.69,2025-03-16 21:51:30,Hyderabad,bill_payment,DEV953,0
TXN105459,USER5197,110348.39,2025-02-19 02:05:30,Chennai,self_transfer,DEV783,1
TXN105460,USER4937,132411.15,2025-01-15 13:47:30,Mumbai,bill_payment,DEV382,0
TXN105461,USER7468,3817.21,2025-03-25 20:50:30,Jaipur,send,DEV617,0
TXN105462,USER4364,15216.16,2025-01-26 09:01:30,Mumbai,merchant_payment,DEV726,0
TXN105463,USER1158,134605.07,2025-02-04 20:45:30,Mumbai,merchant_payment,DEV970,0
TXN105464,USER2500,191678.64,2025-02-17 03:55:30,Bangalore,bill_payment,DEV950,1
TXN105465,USER8686,157916.75,2025-03-12 15:50:30,Chennai,self_transfer,DEV336,0
TXN105466,USER1363,65232.51,2025-02-02 22:58:30,Mumbai,bill_payment,DEV811,0
TXN105467,USER9913,125090.83,2025-02-19 00:48:30,Bangalore,send,DEV393,0
TXN105468,USER4156,164029.46,2025-01-26 11:10:30,Chennai,merchant_payment,DEV185,0
TXN105469,USER9416,11863.19,2025-01-13 16:38:30,Bangalore,bill_payment,DEV117,0
TXN105470,USER4804,172577.6,2025-02-17 17:06:30,Ahmedabad,bill_payment,DEV731,0
TXN105471,USER4743,12217.35,2025-02-08 07:33:30,Ahmedabad,bill_payment,DEV781,0
TXN105472,USER2857,129183.0,2025-03-04 13:00:30,Mumbai,bill_payment,DEV594,0
TXN105473,USER7373,176196.63,2025-03-14 06:59:30,Bangalore,send,DEV203,0
TXN105474,USER1153,129963.05,2025-02-26 07:55:30,Bangalore,merchant_payment,DEV217,0
TXN105475,USER7532,102598.61,2025-01-28 17:30:30,Chennai,receive,DEV651,0
TXN105476,USER6322,160323.03,2025-03-24 10:57:30,Kolkata,merchant_payment,DEV411,0
TXN105477,USER9053,11795.42,2025-03-19 23:58:30,Chennai,merchant_payment,DEV795,0
TXN105478,USER1792,182085.84,2025-02-19 12:04:30,Hyderabad,receive,DEV732,0
TXN105479,USER8601,146114.48,2025-01-24 15:48:30,Kolkata,send,DEV460,0
TXN105480,USER1361,177959.32,2025-02-16 03:25:30,Chennai,receive,DEV273,1
TXN105481,USER4018,194496.23,2025-02-28 18:49:30,Chennai,receive,DEV794,0
TXN105482,USER9878,75973.35,2025-01-27 06:08:30,Chennai,merchant_payment,DEV175,0
TXN105483,USER4960,37205.64,2025-02-25 15:12:30,Hyderabad,bill_payment,DEV598,0
TXN105484,USER9581,193666.6,2025-02-19 07:55:30,Ahmedabad,merchant_payment,DEV820,0
TXN105485,USER1029,34409.06,2025-03-07 08:34:30,Mumbai,self_transfer,DEV648,0
TXN105486,USER1459,38803.01,2025-04-02 17:19:30,Jaipur,merchant_payment,DEV769,0
TXN105487,USER6077,64604.33,2025-01-06 15:20:30,Pune,receive,DEV879,0
TXN105488,USER9406,101673.46,2025-02-11 01:17:30,Hyderabad,merchant_payment,DEV817,1
TXN105489,USER7231,100073.04,2025-01-24 08:41:30,Mumbai,merchant_payment,DEV289,0
TXN105490,USER1710,10009.51,2025-03-25 11:48:30,Hyderabad,receive,DEV192,0
TXN105491,USER1548,169683.27,2025-03-11 04:28:30,Pune,receive,DEV616,0
TXN105492,USER5915,121304.72,2025-01-12 10:41:30,Mumbai,receive,DEV434,0
TXN105493,USER7149,60116.87,2025-04-03 19:07:30,Hyderabad,bill_payment,DEV855,0
TXN105494,USER8634,148990.46,2025-02-22 07:03:30,Jaipur,self_transfer,DEV305,0
TXN105495,USER6701,198320.97,2025-01-06 23:13:30,Bangalore,bill_payment,DEV902,0
TXN105496,USER6112,177637.26,2025-01-12 17:02:30,Chennai,bill_payment,DEV964,0
TXN105497,USER8857,107100.67,2025-03-09 10:20:30,Bangalore,receive,DEV101,0
TXN105498,USER3341,173514.5,2025-01-12 19:07:30,Mumbai,merchant_payment,DEV646,0
TXN105499,USER3531,186848.15,2025-03-20 08:47:30,Chennai,receive,DEV375,0
TXN105500,USER1186,198337.88,2025-02-13 04:09:30,Chennai,merchant_payment,DEV434,0
TXN105501,USER3597,31727.45,2025-03-15 02:45:30,Ahmedabad,bill_payment,DEV518,0
TXN105502,USER6751,97996.15,2025-01-11 10:09:30,Jaipur,self_transfer,DEV391,0
TXN105503,USER5336,114152.41,2025-02-17 16:08:30,Chennai,merchant_payment,DEV174,0
TXN105504,USER4983,157456.82,2025-01-19 08:37:30,Kolkata,receive,DEV343,0
TXN105505,USER1634,108041.24,2025-03-28 07:01:30,Jaipur,receive,DEV868,0
TXN105506,USER3479,25744.96,2025-01-23 22:44:30,Kolkata,send,DEV109,0
TXN105507,USER2523,146525.4,2025-02-27 09:00:30,Delhi,self_transfer,DEV743,0
TXN105508,USER5678,153563.8,2025-02-10 04:31:30,Hyderabad,bill_payment,DEV914,0
TXN105509,USER4883,103634.59,2025-01-18 14:49:30,Chennai,self_transfer,DEV149,0
TXN105510,USER7243,64740.57,2025-03-17 14:14:30,Kolkata,merchant_payment,DEV886,0
TXN105511,USER2481,23841.17,2025-03-27 14:34:30,Hyderabad,bill_payment,DEV515,0
TXN105512,USER6109,83423.52,2025-01-12 18:19:30,Delhi,receive,DEV299,0
TXN105513,USER6343,132042.83,2025-03-08 10:32:30,Pune,receive,DEV566,0
TXN105514,USER3214,58766.29,2025-02-05 01:34:30,Ahmedabad,send,DEV132,0
TXN105515,USER2488,172994.46,2025-03-30 20:05:30,Bangalore,merchant_payment,DEV787,0
TXN105516,USER2302,6834.03,2025-01-18 19:18:30,Chennai,receive,DEV201,0
TXN105517,USER2099,2427.92,2025-01-16 02:02:30,Jaipur,merchant_payment,DEV138,0
TXN105518,USER3917,135957.43,2025-02-10 18:04:30,Kolkata,send,DEV572,0
TXN105519,USER6317,146673.55,2025-03-08 14:29:30,Delhi,bill_payment,DEV601,0
TXN105520,USER1692,43944.59,2025-03-29 07:40:30,Kolkata,receive,DEV761,0
TXN105521,USER5354,49324.49,2025-01-20 12:01:30,Jaipur,bill_payment,DEV751,0
TXN105522,USER5576,146949.34,2025-02-23 03:27:30,Mumbai,receive,DEV928,1
TXN105523,USER7129,145234.55,2025-02-24 19:22:30,Bangalore,send,DEV446,0
TXN105524,USER7122,185967.92,2025-04-06 17:58:30,Delhi,self_transfer,DEV456,0
TXN105525,USER7220,32170.44,2025-03-19 08:35:30,Delhi,merchant_payment,DEV535,0
TXN105526,USER8642,6150.05,2025-01-22 12:57:30,Chennai,self_transfer,DEV857,0
TXN105527,USER2509,24277.39,2025-01-15 23:04:30,Bangalore,bill_payment,DEV485,0
TXN105528,USER4466,176125.16,2025-03-07 22:11:30,Kolkata,receive,DEV123,0
TXN105529,USER2313,60892.09,2025-02-28 20:02:30,Mumbai,self_transfer,DEV323,0
TXN105530,USER7333,165364.64,2025-02-23 15:11:30,Ahmedabad,bill_payment,DEV899,0
TXN105531,USER9854,72662.48,2025-01-20 18:53:30,Ahmedabad,bill_payment,DEV710,0
TXN105532,USER3158,12049.52,2025-01-27 09:37:30,Bangalore,bill_payment,DEV573,0
TXN105533,USER3416,11749.78,2025-03-28 14:37:30,Delhi,self_transfer,DEV858,0
TXN105534,USER4868,77246.09,2025-01-22 02:15:30,Kolkata,self_transfer,DEV763,0
TXN105535,USER6918,178650.57,2025-03-24 15:48:30,Chennai,self_transfer,DEV324,0
TXN105536,USER4632,131637.09,2025-01-24 07:52:30,Delhi,receive,DEV333,0
TXN105537,USER8235,57370.72,2025-03-07 19:48:30,Hyderabad,bill_payment,DEV278,0
TXN105538,USER9857,194437.88,2025-01-07 22:48:30,Delhi,self_transfer,DEV355,0
TXN105539,USER7010,6743.99,2025-02-28 17:08:30,Delhi,send,DEV827,0
TXN105540,USER6743,112379.25,2025-01-11 08:04:30,Chennai,self_transfer,DEV186,0
TXN105541,USER4563,115503.65,2025-02-03 12:12:30,Hyderabad,self_transfer,DEV391,0
TXN105542,USER1797,162065.4,2025-04-05 14:23:30,Chennai,receive,DEV719,0
TXN105543,USER8619,104727.66,2025-03-07 22:21:30,Mumbai,merchant_payment,DEV217,0
TXN105544,USER3909,98085.92,2025-01-28 07:05:30,Bangalore,receive,DEV290,0
TXN105545,USER2189,183494.1,2025-03-17 04:46:30,Ahmedabad,self_transfer,DEV812,0
TXN105546,USER8273,64430.73,2025-01-23 12:25:30,Pune,bill_payment,DEV600,0
TXN105547,USER7969,163491.81,2025-02-27 12:02:30,Ahmedabad,merchant_payment,DEV134,0
TXN105548,USER7776,17042.24,2025-02-22 09:49:30,Mumbai,send,DEV966,0
TXN105549,USER6832,141626.83,2025-01-20 20:15:30,Ahmedabad,send,DEV894,0
TXN105550,USER2603,58912.58,2025-03-07 02:17:30,Bangalore,bill_payment,DEV684,0
TXN105551,USER4721,103093.15,2025-03-26 08:37:30,Chennai,bill_payment,DEV767,0
TXN105552,USER1725,74495.62,2025-01-19 09:24:30,Hyderabad,merchant_payment,DEV784,0
TXN105553,USER1730,73602.53,2025-04-04 11:39:30,Jaipur,merchant_payment,DEV485,0
TXN105554,USER5688,59085.91,2025-02-23 16:17:30,Ahmedabad,receive,DEV652,0
TXN105555,USER6585,55188.13,2025-02-26 23:28:30,Kolkata,bill_payment,DEV154,0
TXN105556,USER2167,19841.12,2025-01-28 07:14:30,Kolkata,bill_payment,DEV395,0
TXN105557,USER3373,69109.67,2025-02-05 23:04:30,Delhi,send,DEV238,0
TXN105558,USER8155,84918.97,2025-01-18 11:18:30,Ahmedabad,bill_payment,DEV330,0
TXN105559,USER2501,6996.02,2025-03-26 20:01:30,Chennai,send,DEV882,0
TXN105560,USER1149,52051.55,2025-01-19 05:53:30,Delhi,self_transfer,DEV573,0
TXN105561,USER5056,111956.86,2025-03-22 11:16:30,Ahmedabad,bill_payment,DEV514,0
TXN105562,USER7388,171960.0,2025-03-04 22:31:30,Bangalore,bill_payment,DEV937,0
TXN105563,USER9609,5410.99,2025-02-01 03:23:30,Jaipur,bill_payment,DEV679,0
TXN105564,USER9469,135258.34,2025-02-26 03:34:30,Ahmedabad,send,DEV394,1
TXN105565,USER3775,66821.4,2025-01-26 15:53:30,Jaipur,send,DEV857,0
TXN105566,USER3315,156476.85,2025-02-12 02:57:30,Bangalore,merchant_payment,DEV135,1
TXN105567,USER7918,188961.79,2025-02-19 03:41:30,Delhi,bill_payment,DEV859,1
TXN105568,USER6011,101778.21,2025-03-01 02:10:30,Kolkata,send,DEV623,1
TXN105569,USER8893,112717.51,2025-03-04 11:08:30,Mumbai,merchant_payment,DEV150,0
TXN105570,USER6556,132106.48,2025-01-26 15:12:30,Bangalore,merchant_payment,DEV830,0
TXN105571,USER4503,101467.27,2025-02-04 22:23:30,Pune,merchant_payment,DEV289,0
TXN105572,USER9197,57207.78,2025-02-26 19:23:30,Chennai,self_transfer,DEV726,0
TXN105573,USER1116,30773.95,2025-03-29 15:27:30,Ahmedabad,self_transfer,DEV312,0
TXN105574,USER9149,154208.9,2025-04-04 20:27:30,Jaipur,self_transfer,DEV655,0
TXN105575,USER5671,34605.32,2025-02-01 06:01:30,Delhi,send,DEV578,0
TXN105576,USER7649,45007.97,2025-01-08 05:19:30,Bangalore,bill_payment,DEV341,0
TXN105577,USER3167,15202.21,2025-02-18 16:34:30,Bangalore,receive,DEV818,0
TXN105578,USER3234,153999.31,2025-01-10 20:44:30,Ahmedabad,self_transfer,DEV773,0
TXN105579,USER1529,31409.06,2025-01-11 01:28:30,Bangalore,bill_payment,DEV394,0
TXN105580,USER3085,155222.64,2025-01-31 09:42:30,Kolkata,bill_payment,DEV886,0
TXN105581,USER9553,168035.31,2025-04-03 21:57:30,Pune,send,DEV207,0
TXN105582,USER4309,137334.51,2025-01-24 06:44:30,Bangalore,send,DEV715,0
TXN105583,USER6798,186425.57,2025-01-15 07:08:30,Pune,receive,DEV195,0
TXN105584,USER1752,111650.83,2025-03-31 18:11:30,Pune,self_transfer,DEV493,0
TXN105585,USER5596,109380.17,2025-01-31 23:58:30,Hyderabad,merchant_payment,DEV108,0
TXN105586,USER6920,60057.56,2025-04-03 14:00:30,Kolkata,receive,DEV597,0
TXN105587,USER6622,134157.26,2025-01-09 17:41:30,Kolkata,self_transfer,DEV293,0
TXN105588,USER7662,78243.88,2025-02-08 11:57:30,Kolkata,merchant_payment,DEV439,0
TXN105589,USER1420,32311.59,2025-02-09 05:32:30,Chennai,send,DEV537,0
TXN105590,USER9164,34769.45,2025-01-11 08:12:30,Kolkata,merchant_payment,DEV175,0
TXN105591,USER6201,144645.54,2025-04-04 05:58:30,Chennai,send,DEV712,0
TXN105592,USER3804,78325.62,2025-01-14 14:09:30,Pune,merchant_payment,DEV120,0
TXN105593,USER8112,104831.67,2025-03-15 20:02:30,Pune,send,DEV663,0
TXN105594,USER4601,56149.26,2025-03-04 23:47:30,Ahmedabad,merchant_payment,DEV720,0
TXN105595,USER4664,64558.76,2025-02-25 13:58:30,Bangalore,self_transfer,DEV392,0
TXN105596,USER2011,70925.79,2025-03-17 05:41:30,Ahmedabad,merchant_payment,DEV144,0
TXN105597,USER5770,32899.36,2025-04-06 22:34:30,Kolkata,self_transfer,DEV676,0
TXN105598,USER1224,184553.05,2025-03-18 13:05:30,Hyderabad,merchant_payment,DEV809,0
TXN105599,USER8504,59443.67,2025-01-10 01:59:30,Mumbai,merchant_payment,DEV223,0
TXN105600,USER2102,119974.07,2025-01-20 04:59:30,Pune,self_transfer,DEV897,0
TXN105601,USER8312,23092.43,2025-02-22 08:53:30,Delhi,bill_payment,DEV668,0
TXN105602,USER4729,65319.22,2025-02-27 21:35:30,Ahmedabad,merchant_payment,DEV230,0
TXN105603,USER2464,195881.23,2025-02-24 22:39:30,Jaipur,bill_payment,DEV595,0
TXN105604,USER1653,126386.96,2025-01-09 03:46:30,Bangalore,merchant_payment,DEV351,1
TXN105605,USER3378,41220.67,2025-02-22 23:35:30,Pune,send,DEV417,0
TXN105606,USER4696,30679.72,2025-04-01 16:31:30,Ahmedabad,send,DEV661,0
TXN105607,USER5015,85209.06,2025-01-24 14:48:30,Bangalore,merchant_payment,DEV784,0
TXN105608,USER9854,97876.52,2025-02-08 02:04:30,Ahmedabad,send,DEV575,0
TXN105609,USER6385,67647.79,2025-02-18 15:51:30,Delhi,send,DEV183,0
TXN105610,USER5284,132541.44,2025-02-24 06:12:30,Jaipur,send,DEV567,0
TXN105611,USER2286,37523.84,2025-02-19 07:01:30,Jaipur,bill_payment,DEV375,0
TXN105612,USER7235,139504.89,2025-01-17 13:28:30,Jaipur,send,DEV356,0
TXN105613,USER8415,163180.74,2025-01-22 03:52:30,Kolkata,self_transfer,DEV989,1
TXN105614,USER5263,161504.81,2025-03-11 15:34:30,Pune,self_transfer,DEV377,0
TXN105615,USER8620,127096.85,2025-02-21 04:47:30,Kolkata,send,DEV423,0
TXN105616,USER6735,129018.57,2025-03-25 03:24:30,Ahmedabad,bill_payment,DEV332,1
TXN105617,USER5164,185588.11,2025-04-01 16:36:30,Ahmedabad,self_transfer,DEV677,0
TXN105618,USER5814,9703.9,2025-02-01 09:20:30,Pune,send,DEV732,0
TXN105619,USER8475,163976.92,2025-03-24 17:06:30,Pune,self_transfer,DEV551,0
TXN105620,USER8025,112594.24,2025-02-27 02:36:30,Mumbai,bill_payment,DEV472,1
TXN105621,USER7511,186651.22,2025-02-11 08:33:30,Hyderabad,receive,DEV251,0
TXN105622,USER9283,24463.63,2025-03-11 23:32:30,Hyderabad,receive,DEV335,0
TXN105623,USER1304,77891.35,2025-04-04 09:02:30,Delhi,merchant_payment,DEV993,0
TXN105624,USER7468,49654.27,2025-01-27 18:26:30,Bangalore,self_transfer,DEV819,0
TXN105625,USER7097,171874.19,2025-03-19 03:09:30,Chennai,receive,DEV697,1
TXN105626,USER7887,132450.71,2025-03-08 11:01:30,Jaipur,send,DEV125,0
TXN105627,USER9265,139244.32,2025-02-19 09:15:30,Pune,merchant_payment,DEV189,0
TXN105628,USER7471,197508.54,2025-01-23 03:29:30,Ahmedabad,send,DEV662,1
TXN105629,USER6565,9001.72,2025-03-02 21:06:30,Hyderabad,send,DEV862,0
TXN105630,USER6386,191427.57,2025-02-15 08:20:30,Delhi,bill_payment,DEV591,0
TXN105631,USER2289,167304.01,2025-02-16 05:05:30,Mumbai,merchant_payment,DEV884,0
TXN105632,USER6248,45106.73,2025-01-10 19:34:30,Hyderabad,self_transfer,DEV965,0
TXN105633,USER5389,198841.7,2025-03-12 07:16:30,Kolkata,receive,DEV268,0
TXN105634,USER9092,4483.63,2025-03-02 07:21:30,Jaipur,self_transfer,DEV460,0
TXN105635,USER4791,65461.55,2025-01-11 16:57:30,Mumbai,bill_payment,DEV539,0
TXN105636,USER3532,87337.28,2025-04-04 05:27:30,Jaipur,merchant_payment,DEV758,0
TXN105637,USER7957,96192.12,2025-03-06 11:17:30,Chennai,send,DEV908,0
TXN105638,USER1048,59829.66,2025-03-25 21:45:30,Delhi,merchant_payment,DEV566,0
TXN105639,USER5930,14357.09,2025-01-14 11:54:30,Ahmedabad,send,DEV665,0
TXN105640,USER8667,15487.05,2025-02-24 08:07:30,Ahmedabad,bill_payment,DEV507,0
TXN105641,USER8048,157583.74,2025-03-19 15:03:30,Kolkata,receive,DEV556,0
TXN105642,USER3091,165437.46,2025-02-06 22:36:30,Bangalore,send,DEV113,0
TXN105643,USER6538,46212.99,2025-02-12 22:59:30,Jaipur,self_transfer,DEV976,0
TXN105644,USER8515,46631.97,2025-03-04 21:13:30,Pune,send,DEV885,0
TXN105645,USER2261,40548.84,2025-02-19 05:37:30,Chennai,receive,DEV113,0
TXN105646,USER2591,118339.17,2025-01-30 20:51:30,Delhi,merchant_payment,DEV804,0
TXN105647,USER9944,53171.64,2025-01-14 04:04:30,Jaipur,self_transfer,DEV678,0
TXN105648,USER8117,63578.74,2025-01-09 20:48:30,Kolkata,receive,DEV360,0
TXN105649,USER9000,79808.33,2025-03-01 05:16:30,Bangalore,self_transfer,DEV450,0
TXN105650,USER3391,186636.44,2025-02-25 09:18:30,Delhi,merchant_payment,DEV572,0
TXN105651,USER8727,65395.04,2025-03-14 07:54:30,Jaipur,bill_payment,DEV422,0
TXN105652,USER9857,2877.59,2025-02-06 11:27:30,Pune,merchant_payment,DEV577,0
TXN105653,USER1921,131097.4,2025-02-02 17:35:30,Jaipur,bill_payment,DEV431,0
TXN105654,USER3881,109498.1,2025-02-23 03:18:30,Pune,bill_payment,DEV203,1
TXN105655,USER2641,100769.08,2025-01-19 05:16:30,Kolkata,receive,DEV468,0
TXN105656,USER9304,147653.52,2025-02-04 05:33:30,Bangalore,self_transfer,DEV949,0
TXN105657,USER6095,73541.32,2025-01-21 07:56:30,Delhi,send,DEV949,0
TXN105658,USER2657,7384.89,2025-02-11 16:04:30,Jaipur,bill_payment,DEV978,0
TXN105659,USER7750,124651.25,2025-03-22 15:26:30,Bangalore,send,DEV783,0
TXN105660,USER9643,155024.71,2025-02-18 13:04:30,Mumbai,bill_payment,DEV195,0
TXN105661,USER1374,42721.69,2025-01-19 10:54:30,Hyderabad,bill_payment,DEV768,0
TXN105662,USER4143,8070.95,2025-04-03 14:27:30,Delhi,send,DEV864,0
TXN105663,USER3168,122836.16,2025-02-14 14:56:30,Hyderabad,merchant_payment,DEV940,0
TXN105664,USER8931,102748.88,2025-03-01 07:58:30,Kolkata,bill_payment,DEV980,0
TXN105665,USER8265,54214.83,2025-01-13 12:56:30,Mumbai,merchant_payment,DEV210,0
TXN105666,USER9128,194321.93,2025-03-17 20:07:30,Bangalore,merchant_payment,DEV950,0
TXN105667,USER6385,79181.83,2025-02-15 05:25:30,Bangalore,merchant_payment,DEV925,0
TXN105668,USER7000,194765.33,2025-03-17 21:16:30,Pune,receive,DEV803,0
TXN105669,USER2222,49666.74,2025-03-03 19:51:30,Hyderabad,receive,DEV842,1
TXN105670,USER3027,195951.57,2025-02-13 01:56:30,Mumbai,merchant_payment,DEV620,1
TXN105671,USER2470,39249.82,2025-03-30 01:51:30,Bangalore,send,DEV372,0
TXN105672,USER1422,32135.69,2025-01-10 01:35:30,Kolkata,receive,DEV366,0
TXN105673,USER3158,118825.03,2025-01-12 12:56:30,Chennai,self_transfer,DEV867,0
TXN105674,USER4685,166696.22,2025-03-18 05:21:30,Kolkata,bill_payment,DEV267,0
TXN105675,USER6167,64556.39,2025-01-30 04:58:30,Jaipur,bill_payment,DEV579,0
TXN105676,USER5328,47369.74,2025-02-08 03:25:30,Hyderabad,receive,DEV214,0
TXN105677,USER2036,101195.64,2025-02-02 07:03:30,Bangalore,merchant_payment,DEV626,0
TXN105678,USER4048,91753.95,2025-03-13 21:21:30,Bangalore,merchant_payment,DEV123,0
TXN105679,USER1368,87755.15,2025-02-06 20:12:30,Mumbai,self_transfer,DEV836,0
TXN105680,USER4351,13930.72,2025-02-14 15:36:30,Chennai,bill_payment,DEV791,0
TXN105681,USER8944,178412.34,2025-02-15 02:57:30,Kolkata,self_transfer,DEV524,1
TXN105682,USER7654,183904.25,2025-03-20 19:50:30,Kolkata,send,DEV101,0
TXN105683,USER4433,63651.33,2025-03-25 10:08:30,Pune,merchant_payment,DEV891,0
TXN105684,USER7722,78777.73,2025-01-15 06:32:30,Pune,merchant_payment,DEV296,0
TXN105685,USER3806,85341.23,2025-03-29 05:26:30,Bangalore,send,DEV311,0
TXN105686,USER6803,90365.76,2025-03-18 13:50:30,Kolkata,receive,DEV739,0
TXN105687,USER8781,185802.18,2025-01-27 21:09:30,Mumbai,merchant_payment,DEV911,0
TXN105688,USER2673,44887.54,2025-01-21 20:54:30,Kolkata,receive,DEV413,0
TXN105689,USER4782,101917.03,2025-02-27 08:18:30,Chennai,bill_payment,DEV886,0
TXN105690,USER2682,154245.74,2025-03-19 00:37:30,Hyderabad,self_transfer,DEV996,0
TXN105691,USER7997,132901.83,2025-02-18 08:23:30,Chennai,self_transfer,DEV877,0
TXN105692,USER7632,171833.47,2025-03-15 22:43:30,Delhi,receive,DEV970,0
TXN105693,USER8120,186732.0,2025-01-23 08:24:30,Mumbai,self_transfer,DEV501,0
TXN105694,USER9892,37816.05,2025-02-02 17:46:30,Mumbai,bill_payment,DEV213,1
TXN105695,USER1623,10877.32,2025-01-17 12:38:30,Mumbai,receive,DEV355,0
TXN105696,USER4315,191846.49,2025-03-04 05:16:30,Jaipur,self_transfer,DEV436,0
TXN105697,USER3603,81142.81,2025-01-16 11:15:30,Hyderabad,merchant_payment,DEV499,0
TXN105698,USER4291,54090.29,2025-01-26 07:04:30,Chennai,merchant_payment,DEV909,0
TXN105699,USER7584,178053.35,2025-01-11 04:17:30,Chennai,merchant_payment,DEV400,0
TXN105700,USER3460,168906.62,2025-02-15 19:28:30,Mumbai,bill_payment,DEV470,0
TXN105701,USER2740,90966.4,2025-02-03 03:07:30,Bangalore,merchant_payment,DEV276,0
TXN105702,USER6625,109557.29,2025-03-11 14:42:30,Pune,send,DEV756,0
TXN105703,USER2699,146969.56,2025-03-29 01:52:30,Pune,bill_payment,DEV203,1
TXN105704,USER9469,5332.05,2025-02-11 18:50:30,Hyderabad,bill_payment,DEV980,0
TXN105705,USER6319,55042.93,2025-01-29 23:38:30,Ahmedabad,merchant_payment,DEV631,0
TXN105706,USER7003,139223.65,2025-02-28 17:33:30,Mumbai,self_transfer,DEV507,0
TXN105707,USER5773,139345.75,2025-02-16 13:53:30,Delhi,merchant_payment,DEV832,0
TXN105708,USER3442,146585.03,2025-03-07 22:35:30,Pune,bill_payment,DEV319,0
TXN105709,USER6292,3877.33,2025-03-09 15:25:30,Kolkata,send,DEV867,0
TXN105710,USER1319,123332.17,2025-04-03 09:56:30,Jaipur,merchant_payment,DEV486,0
TXN105711,USER9840,143911.8,2025-01-07 21:38:30,Chennai,receive,DEV698,0
TXN105712,USER4139,79336.03,2025-02-09 07:43:30,Kolkata,send,DEV214,0
TXN105713,USER2015,58787.49,2025-03-22 10:20:30,Bangalore,self_transfer,DEV422,0
TXN105714,USER1179,65370.7,2025-01-22 13:16:30,Hyderabad,merchant_payment,DEV944,0
TXN105715,USER6787,117456.79,2025-01-30 12:32:30,Jaipur,self_transfer,DEV743,0
TXN105716,USER3733,138674.25,2025-03-06 18:52:30,Kolkata,send,DEV669,0
TXN105717,USER5656,122418.87,2025-02-13 03:14:30,Kolkata,merchant_payment,DEV578,1
TXN105718,USER4652,144141.0,2025-03-14 02:57:30,Delhi,receive,DEV212,1
TXN105719,USER4374,96074.0,2025-03-16 21:09:30,Jaipur,self_transfer,DEV370,0
TXN105720,USER6966,50186.85,2025-01-13 22:35:30,Delhi,receive,DEV586,0
TXN105721,USER5653,117386.35,2025-02-04 11:23:30,Pune,send,DEV889,0
TXN105722,USER4169,136068.06,2025-02-18 22:23:30,Delhi,receive,DEV135,0
TXN105723,USER2513,16428.7,2025-02-06 17:38:30,Bangalore,receive,DEV205,0
TXN105724,USER1215,51809.27,2025-03-28 01:15:30,Mumbai,send,DEV556,0
TXN105725,USER4057,121860.47,2025-03-15 23:10:30,Chennai,bill_payment,DEV370,0
TXN105726,USER4244,112336.38,2025-02-18 21:56:30,Pune,self_transfer,DEV822,0
TXN105727,USER1004,155716.34,2025-03-26 20:45:30,Kolkata,receive,DEV107,0
TXN105728,USER3163,78767.77,2025-02-17 21:47:30,Hyderabad,self_transfer,DEV249,0
TXN105729,USER1733,30916.42,2025-03-23 10:30:30,Kolkata,send,DEV183,0
TXN105730,USER7149,160691.12,2025-04-03 14:27:30,Ahmedabad,send,DEV175,0
TXN105731,USER1376,144560.66,2025-03-06 02:15:30,Delhi,merchant_payment,DEV302,1
TXN105732,USER5494,168866.26,2025-02-28 04:49:30,Ahmedabad,self_transfer,DEV400,0
TXN105733,USER7356,123604.78,2025-02-10 00:42:30,Jaipur,merchant_payment,DEV702,0
TXN105734,USER5548,46693.29,2025-04-02 07:22:30,Hyderabad,receive,DEV321,0
TXN105735,USER4270,880.13,2025-03-29 22:06:30,Mumbai,self_transfer,DEV991,0
TXN105736,USER3650,9190.38,2025-02-22 23:54:30,Kolkata,merchant_payment,DEV391,0
TXN105737,USER2339,52157.35,2025-01-18 21:00:30,Hyderabad,merchant_payment,DEV850,0
TXN105738,USER4797,177906.54,2025-01-16 20:35:30,Kolkata,merchant_payment,DEV516,0
TXN105739,USER4867,40008.92,2025-02-01 12:11:30,Bangalore,self_transfer,DEV697,0
TXN105740,USER1660,3663.99,2025-02-23 15:40:30,Mumbai,send,DEV392,0
TXN105741,USER2914,191459.47,2025-01-08 10:53:30,Jaipur,receive,DEV848,0
TXN105742,USER7458,6483.63,2025-02-16 18:50:30,Chennai,send,DEV633,0
TXN105743,USER9050,51792.48,2025-03-26 13:15:30,Kolkata,bill_payment,DEV845,0
TXN105744,USER5632,73400.7,2025-02-15 10:50:30,Bangalore,send,DEV840,1
TXN105745,USER6609,12946.87,2025-02-23 18:16:30,Bangalore,merchant_payment,DEV729,0
TXN105746,USER4886,149961.29,2025-02-17 09:28:30,Mumbai,bill_payment,DEV442,0
TXN105747,USER5076,27328.58,2025-02-11 12:23:30,Hyderabad,receive,DEV282,0
TXN105748,USER2070,57501.09,2025-02-13 20:33:30,Delhi,send,DEV969,0
TXN105749,USER1942,115940.69,2025-01-10 05:54:30,Delhi,bill_payment,DEV119,0
TXN105750,USER8350,82799.22,2025-02-17 22:58:30,Jaipur,receive,DEV829,0
TXN105751,USER2965,169717.87,2025-02-06 07:10:30,Pune,send,DEV301,0
TXN105752,USER7806,58532.24,2025-01-22 15:04:30,Delhi,merchant_payment,DEV337,0
TXN105753,USER2403,193330.62,2025-03-28 20:59:30,Jaipur,receive,DEV880,0
TXN105754,USER6401,36603.2,2025-03-14 09:02:30,Bangalore,send,DEV785,0
TXN105755,USER6317,26772.65,2025-02-25 14:41:30,Jaipur,send,DEV692,0
TXN105756,USER4374,36880.32,2025-01-29 00:02:30,Pune,send,DEV648,0
TXN105757,USER8097,125220.05,2025-02-18 21:57:30,Mumbai,send,DEV562,0
TXN105758,USER5118,65228.81,2025-01-20 17:53:30,Hyderabad,bill_payment,DEV292,0
TXN105759,USER6553,126970.05,2025-03-27 14:52:30,Pune,self_transfer,DEV270,0
TXN105760,USER2653,168371.49,2025-04-02 12:49:30,Mumbai,receive,DEV588,0
TXN105761,USER8682,11031.86,2025-03-18 05:42:30,Jaipur,receive,DEV640,0
TXN105762,USER1308,195207.86,2025-01-22 09:47:30,Mumbai,merchant_payment,DEV700,0
TXN105763,USER4799,128316.16,2025-04-03 02:39:30,Kolkata,merchant_payment,DEV783,1
TXN105764,USER8523,125611.51,2025-01-31 09:49:30,Chennai,merchant_payment,DEV408,0
TXN105765,USER7038,155017.03,2025-01-11 23:47:30,Mumbai,bill_payment,DEV897,0
TXN105766,USER7836,146787.72,2025-03-17 22:01:30,Bangalore,merchant_payment,DEV850,0
TXN105767,USER2429,174141.35,2025-04-03 01:36:30,Kolkata,bill_payment,DEV189,1
TXN105768,USER3761,73467.65,2025-02-20 01:43:30,Hyderabad,self_transfer,DEV157,0
TXN105769,USER6735,129319.4,2025-04-06 11:50:30,Mumbai,bill_payment,DEV292,0
TXN105770,USER7543,10259.73,2025-01-18 11:58:30,Jaipur,bill_payment,DEV315,0
TXN105771,USER5800,66028.34,2025-03-24 07:55:30,Pune,bill_payment,DEV966,0
TXN105772,USER4830,2940.04,2025-03-20 00:47:30,Chennai,self_transfer,DEV613,0
TXN105773,USER1638,167323.24,2025-02-28 17:57:30,Delhi,send,DEV465,0
TXN105774,USER4029,142420.46,2025-04-05 20:44:30,Kolkata,self_transfer,DEV528,0
TXN105775,USER3845,42214.0,2025-02-10 07:31:30,Kolkata,send,DEV700,0
TXN105776,USER7797,15091.13,2025-02-04 07:26:30,Bangalore,send,DEV765,0
TXN105777,USER5852,185677.7,2025-04-03 06:11:30,Jaipur,self_transfer,DEV949,0
TXN105778,USER9599,169674.84,2025-01-23 10:42:30,Delhi,receive,DEV820,0
TXN105779,USER4386,105000.36,2025-02-26 20:07:30,Jaipur,bill_payment,DEV948,0
TXN105780,USER8204,134864.79,2025-02-20 16:52:30,Pune,self_transfer,DEV642,0
TXN105781,USER6013,192692.97,2025-03-10 14:28:30,Mumbai,self_transfer,DEV997,0
TXN105782,USER7635,62367.87,2025-03-01 13:59:30,Kolkata,merchant_payment,DEV163,0
TXN105783,USER6081,121387.59,2025-01-13 04:59:30,Pune,self_transfer,DEV987,0
TXN105784,USER9562,116682.04,2025-02-01 04:04:30,Pune,merchant_payment,DEV224,0
TXN105785,USER2238,11604.87,2025-02-26 22:02:30,Mumbai,merchant_payment,DEV315,0
TXN105786,USER6498,31976.1,2025-02-03 16:12:30,Chennai,receive,DEV739,0
TXN105787,USER8186,13347.85,2025-03-30 00:12:30,Jaipur,bill_payment,DEV755,0
TXN105788,USER1942,123220.55,2025-02-01 22:35:30,Hyderabad,bill_payment,DEV320,0
TXN105789,USER8581,152956.18,2025-01-22 19:10:30,Delhi,self_transfer,DEV284,0
TXN105790,USER9111,165641.63,2025-01-28 15:16:30,Pune,bill_payment,DEV311,0
TXN105791,USER7541,124759.69,2025-02-20 11:55:30,Chennai,bill_payment,DEV669,0
TXN105792,USER7893,37242.71,2025-03-25 18:31:30,Bangalore,self_transfer,DEV652,0
TXN105793,USER7370,125715.54,2025-04-01 08:46:30,Pune,self_transfer,DEV395,0
TXN105794,USER3777,420.77,2025-01-25 17:56:30,Delhi,merchant_payment,DEV245,0
TXN105795,USER2611,146807.11,2025-01-22 01:26:30,Pune,receive,DEV727,1
TXN105796,USER1675,166895.16,2025-02-18 04:23:30,Bangalore,merchant_payment,DEV673,0
TXN105797,USER7765,163365.38,2025-02-09 05:50:30,Delhi,receive,DEV876,0
TXN105798,USER4680,17655.03,2025-02-14 17:57:30,Delhi,bill_payment,DEV355,0
TXN105799,USER2519,69990.11,2025-03-18 17:48:30,Hyderabad,send,DEV786,0
TXN105800,USER7259,30549.44,2025-03-05 00:06:30,Kolkata,receive,DEV117,0
TXN105801,USER9032,199799.75,2025-02-04 05:24:30,Chennai,self_transfer,DEV430,0
TXN105802,USER7187,109807.24,2025-02-12 10:57:30,Jaipur,merchant_payment,DEV645,0
TXN105803,USER8080,127858.9,2025-01-27 03:32:30,Pune,merchant_payment,DEV844,1
TXN105804,USER2391,195202.81,2025-01-26 19:01:30,Pune,merchant_payment,DEV364,0
TXN105805,USER2464,7685.67,2025-01-23 18:30:30,Hyderabad,self_transfer,DEV173,0
TXN105806,USER6645,155028.97,2025-01-17 22:29:30,Kolkata,merchant_payment,DEV237,0
TXN105807,USER4501,176218.03,2025-01-16 17:23:30,Mumbai,merchant_payment,DEV463,0
TXN105808,USER1194,117633.96,2025-01-08 09:50:30,Mumbai,self_transfer,DEV131,0
TXN105809,USER8646,72807.44,2025-03-30 13:39:30,Chennai,self_transfer,DEV288,1
TXN105810,USER3749,95460.74,2025-02-27 14:42:30,Mumbai,receive,DEV111,0
TXN105811,USER2639,160682.49,2025-02-23 04:13:30,Kolkata,send,DEV386,0
TXN105812,USER7077,44967.28,2025-02-02 18:25:30,Ahmedabad,self_transfer,DEV862,0
TXN105813,USER9759,117496.7,2025-01-16 08:58:30,Jaipur,receive,DEV316,0
TXN105814,USER3503,56252.07,2025-04-05 22:56:30,Jaipur,merchant_payment,DEV586,0
TXN105815,USER2413,107773.7,2025-04-02 18:21:30,Delhi,receive,DEV936,0
TXN105816,USER4939,68516.6,2025-02-24 21:32:30,Pune,receive,DEV593,0
TXN105817,USER4607,75543.94,2025-02-10 00:33:30,Delhi,bill_payment,DEV638,0
TXN105818,USER2211,96316.07,2025-02-28 18:31:30,Kolkata,self_transfer,DEV887,0
TXN105819,USER8345,180501.83,2025-04-05 16:51:30,Mumbai,receive,DEV835,0
TXN105820,USER1181,170677.34,2025-01-24 19:47:30,Hyderabad,merchant_payment,DEV785,0
TXN105821,USER5507,188593.69,2025-01-29 21:27:30,Delhi,self_transfer,DEV918,0
TXN105822,USER6928,83524.27,2025-02-07 23:39:30,Mumbai,send,DEV237,0
TXN105823,USER5582,3734.78,2025-02-14 13:50:30,Ahmedabad,merchant_payment,DEV288,0
TXN105824,USER3162,48024.85,2025-02-04 00:20:30,Ahmedabad,merchant_payment,DEV811,0
TXN105825,USER4436,45637.13,2025-01-16 10:51:30,Mumbai,merchant_payment,DEV273,0
TXN105826,USER9954,86032.61,2025-03-07 15:00:30,Delhi,send,DEV109,0
TXN105827,USER7578,91022.25,2025-01-16 21:29:30,Bangalore,bill_payment,DEV888,0
TXN105828,USER2335,88084.84,2025-02-09 12:16:30,Hyderabad,merchant_payment,DEV349,0
TXN105829,USER9882,132065.36,2025-04-01 10:45:30,Jaipur,merchant_payment,DEV813,0
TXN105830,USER9535,154658.92,2025-02-08 07:24:30,Ahmedabad,merchant_payment,DEV891,0
TXN105831,USER8642,8909.63,2025-03-10 10:35:30,Delhi,send,DEV833,0
TXN105832,USER6051,105798.6,2025-03-30 13:56:30,Hyderabad,self_transfer,DEV787,0
TXN105833,USER9668,134350.42,2025-03-28 23:41:30,Delhi,receive,DEV218,0
TXN105834,USER8610,116998.38,2025-02-18 06:19:30,Hyderabad,self_transfer,DEV586,0
TXN105835,USER3915,16710.62,2025-02-19 13:34:30,Pune,merchant_payment,DEV562,0
TXN105836,USER1403,14670.76,2025-01-24 16:12:30,Jaipur,receive,DEV118,0
TXN105837,USER6421,47947.86,2025-03-26 18:42:30,Hyderabad,send,DEV884,0
TXN105838,USER8311,168899.2,2025-01-10 02:09:30,Delhi,bill_payment,DEV487,1
TXN105839,USER4064,142453.41,2025-01-28 14:18:30,Hyderabad,receive,DEV352,0
TXN105840,USER3360,108765.04,2025-02-10 21:10:30,Pune,receive,DEV157,0
TXN105841,USER2340,110652.96,2025-03-26 17:06:30,Chennai,self_transfer,DEV456,0
TXN105842,USER1444,32208.58,2025-03-15 12:10:30,Delhi,self_transfer,DEV789,0
TXN105843,USER9795,22380.55,2025-03-15 03:47:30,Jaipur,merchant_payment,DEV204,0
TXN105844,USER9528,123216.15,2025-02-18 15:03:30,Jaipur,merchant_payment,DEV235,0
TXN105845,USER6111,194906.49,2025-01-17 20:13:30,Jaipur,send,DEV810,0
TXN105846,USER1814,39359.53,2025-03-02 02:22:30,Bangalore,receive,DEV210,0
TXN105847,USER2964,142492.78,2025-03-20 16:00:30,Mumbai,receive,DEV963,0
TXN105848,USER1071,109180.5,2025-01-30 21:02:30,Bangalore,self_transfer,DEV644,0
TXN105849,USER4211,77971.12,2025-03-22 17:02:30,Mumbai,merchant_payment,DEV143,0
TXN105850,USER7902,193796.54,2025-02-07 22:16:30,Jaipur,send,DEV557,0
TXN105851,USER6003,13732.28,2025-03-04 21:39:30,Kolkata,self_transfer,DEV232,0
TXN105852,USER2273,12639.12,2025-03-22 03:50:30,Pune,merchant_payment,DEV263,0
TXN105853,USER2985,195321.88,2025-03-27 18:47:30,Hyderabad,send,DEV399,0
TXN105854,USER9888,45432.74,2025-01-19 12:34:30,Delhi,send,DEV698,0
TXN105855,USER6927,130006.96,2025-03-27 13:25:30,Hyderabad,merchant_payment,DEV286,0
TXN105856,USER2629,94480.14,2025-02-19 17:39:30,Delhi,bill_payment,DEV837,0
TXN105857,USER5261,152183.23,2025-03-20 11:33:30,Chennai,bill_payment,DEV174,0
TXN105858,USER7958,76057.48,2025-03-07 22:12:30,Mumbai,bill_payment,DEV775,0
TXN105859,USER3212,67456.04,2025-01-23 04:06:30,Bangalore,receive,DEV137,0
TXN105860,USER1569,12321.17,2025-02-06 11:47:30,Hyderabad,send,DEV127,0
TXN105861,USER2457,182152.95,2025-03-14 09:34:30,Pune,receive,DEV702,0
TXN105862,USER1000,159233.82,2025-03-10 05:17:30,Ahmedabad,receive,DEV658,0
TXN105863,USER2262,81636.07,2025-03-14 09:49:30,Pune,bill_payment,DEV439,0
TXN105864,USER6709,93945.54,2025-03-16 12:31:30,Jaipur,send,DEV629,0
TXN105865,USER7881,5855.04,2025-03-26 04:04:30,Pune,bill_payment,DEV678,0
TXN105866,USER7013,14110.38,2025-02-07 14:27:30,Hyderabad,bill_payment,DEV941,0
TXN105867,USER5420,88827.3,2025-01-09 16:17:30,Chennai,merchant_payment,DEV142,0
TXN105868,USER9186,186003.43,2025-01-17 17:19:30,Kolkata,receive,DEV968,0
TXN105869,USER3959,64854.0,2025-01-23 20:02:30,Chennai,bill_payment,DEV633,0
TXN105870,USER3846,169060.32,2025-02-05 11:33:30,Mumbai,receive,DEV400,0
TXN105871,USER1426,119714.01,2025-02-26 22:02:30,Mumbai,self_transfer,DEV100,0
TXN105872,USER5072,120611.6,2025-03-29 09:06:30,Kolkata,send,DEV953,0
TXN105873,USER1356,51878.96,2025-04-06 01:01:30,Ahmedabad,self_transfer,DEV480,0
TXN105874,USER4559,149646.54,2025-02-20 11:30:30,Pune,receive,DEV401,0
TXN105875,USER2616,96470.97,2025-03-17 21:19:30,Pune,self_transfer,DEV499,0
TXN105876,USER9345,181913.47,2025-03-06 23:32:30,Chennai,send,DEV213,0
TXN105877,USER6943,199292.48,2025-01-18 06:31:30,Ahmedabad,bill_payment,DEV713,0
TXN105878,USER9819,46852.75,2025-03-02 04:57:30,Bangalore,self_transfer,DEV193,0
TXN105879,USER3262,17119.17,2025-03-16 02:00:30,Pune,bill_payment,DEV855,0
TXN105880,USER3967,86894.69,2025-04-03 14:33:30,Chennai,self_transfer,DEV422,0
TXN105881,USER3983,154846.35,2025-03-23 22:24:30,Chennai,self_transfer,DEV751,0
TXN105882,USER3114,161560.6,2025-04-01 22:14:30,Chennai,send,DEV660,0
TXN105883,USER5637,82941.95,2025-02-20 12:19:30,Jaipur,bill_payment,DEV126,0
TXN105884,USER5176,101015.42,2025-03-19 12:08:30,Bangalore,send,DEV800,0
TXN105885,USER1251,80493.67,2025-02-19 15:59:30,Bangalore,merchant_payment,DEV672,0
TXN105886,USER5080,69800.36,2025-04-02 00:39:30,Hyderabad,receive,DEV388,0
TXN105887,USER9578,97024.68,2025-02-06 05:54:30,Kolkata,self_transfer,DEV187,0
TXN105888,USER9868,143199.24,2025-03-20 02:22:30,Pune,self_transfer,DEV685,1
TXN105889,USER6596,120168.58,2025-01-08 10:29:30,Hyderabad,send,DEV392,0
TXN105890,USER3314,182525.1,2025-01-18 09:08:30,Pune,send,DEV349,0
TXN105891,USER3866,138753.16,2025-01-25 12:05:30,Bangalore,bill_payment,DEV619,0
TXN105892,USER6086,68792.69,2025-03-07 08:08:30,Ahmedabad,self_transfer,DEV372,0
TXN105893,USER2298,43007.07,2025-02-27 10:31:30,Jaipur,bill_payment,DEV232,0
TXN105894,USER7950,170141.89,2025-01-24 05:28:30,Hyderabad,send,DEV734,0
TXN105895,USER4465,76642.72,2025-01-12 23:10:30,Jaipur,self_transfer,DEV959,0
TXN105896,USER2974,24119.24,2025-02-17 11:00:30,Delhi,merchant_payment,DEV815,0
TXN105897,USER4325,26308.1,2025-03-16 23:57:30,Bangalore,receive,DEV370,0
TXN105898,USER2429,135225.74,2025-01-19 15:49:30,Delhi,receive,DEV131,0
TXN105899,USER7313,66170.29,2025-03-29 02:42:30,Delhi,merchant_payment,DEV440,0
TXN105900,USER2133,70963.52,2025-02-12 23:07:30,Mumbai,merchant_payment,DEV116,0
TXN105901,USER9968,82815.94,2025-01-23 20:45:30,Pune,merchant_payment,DEV985,0
TXN105902,USER7527,24248.76,2025-03-17 18:31:30,Jaipur,send,DEV732,0
TXN105903,USER9200,61082.93,2025-03-29 13:19:30,Hyderabad,receive,DEV950,0
TXN105904,USER6624,108795.44,2025-02-03 18:40:30,Chennai,self_transfer,DEV611,0
TXN105905,USER7985,161473.19,2025-01-17 18:08:30,Jaipur,merchant_payment,DEV340,0
TXN105906,USER3446,100431.12,2025-04-06 12:51:30,Chennai,send,DEV719,0
TXN105907,USER5275,161737.07,2025-04-06 13:49:30,Bangalore,self_transfer,DEV754,0
TXN105908,USER2194,96553.73,2025-04-02 15:42:30,Jaipur,receive,DEV819,0
TXN105909,USER8108,141443.33,2025-02-15 04:20:30,Hyderabad,merchant_payment,DEV630,0
TXN105910,USER2476,146490.54,2025-03-05 16:58:30,Bangalore,bill_payment,DEV749,0
TXN105911,USER2984,191976.06,2025-01-14 03:03:30,Kolkata,receive,DEV753,1
TXN105912,USER6254,30190.61,2025-01-25 01:13:30,Mumbai,receive,DEV114,0
TXN105913,USER2393,164051.02,2025-02-27 20:22:30,Delhi,send,DEV800,0
TXN105914,USER5685,188552.03,2025-04-04 22:57:30,Pune,merchant_payment,DEV827,0
TXN105915,USER2684,41937.89,2025-02-27 01:41:30,Hyderabad,bill_payment,DEV274,0
TXN105916,USER7109,1301.98,2025-01-10 06:20:30,Mumbai,merchant_payment,DEV506,0
TXN105917,USER9220,33788.33,2025-02-18 11:39:30,Mumbai,merchant_payment,DEV897,0
TXN105918,USER5867,62678.69,2025-01-18 00:28:30,Ahmedabad,receive,DEV153,0
TXN105919,USER3485,187679.22,2025-01-31 06:32:30,Kolkata,merchant_payment,DEV320,0
TXN105920,USER3643,5524.45,2025-04-06 08:13:30,Pune,self_transfer,DEV844,0
TXN105921,USER5029,93109.22,2025-01-25 22:38:30,Bangalore,merchant_payment,DEV487,0
TXN105922,USER2259,30655.4,2025-02-04 14:24:30,Ahmedabad,merchant_payment,DEV115,0
TXN105923,USER7254,109098.07,2025-03-19 05:41:30,Jaipur,merchant_payment,DEV977,0
TXN105924,USER1100,41707.23,2025-04-05 00:53:30,Ahmedabad,bill_payment,DEV833,0
TXN105925,USER1412,152223.95,2025-03-19 08:21:30,Hyderabad,send,DEV961,0
TXN105926,USER5488,122904.68,2025-01-29 04:06:30,Kolkata,send,DEV648,0
TXN105927,USER4617,31774.26,2025-03-09 22:27:30,Hyderabad,self_transfer,DEV810,0
TXN105928,USER7107,50361.95,2025-03-16 14:47:30,Kolkata,merchant_payment,DEV947,0
TXN105929,USER7287,190746.99,2025-03-20 07:39:30,Kolkata,receive,DEV688,0
TXN105930,USER3570,104864.93,2025-02-01 12:18:30,Hyderabad,merchant_payment,DEV904,0
TXN105931,USER2143,39753.76,2025-01-30 07:04:30,Jaipur,receive,DEV772,0
TXN105932,USER3171,50370.28,2025-01-16 06:55:30,Kolkata,merchant_payment,DEV954,0
TXN105933,USER7210,186883.3,2025-02-15 20:51:30,Pune,receive,DEV366,0
TXN105934,USER2123,130831.09,2025-02-21 23:58:30,Mumbai,send,DEV747,0
TXN105935,USER6825,93627.33,2025-02-07 03:56:30,Jaipur,self_transfer,DEV523,0
TXN105936,USER9777,102064.66,2025-01-27 21:30:30,Bangalore,bill_payment,DEV638,0
TXN105937,USER1691,71459.06,2025-02-22 10:16:30,Delhi,send,DEV168,0
TXN105938,USER6942,128467.38,2025-01-24 11:02:30,Bangalore,bill_payment,DEV386,0
TXN105939,USER5753,81534.36,2025-03-27 14:19:30,Delhi,send,DEV342,0
TXN105940,USER3605,131488.92,2025-04-07 11:30:30,Kolkata,receive,DEV604,0
TXN105941,USER9896,63820.97,2025-04-02 09:58:30,Jaipur,self_transfer,DEV602,0
TXN105942,USER6320,5936.83,2025-01-13 22:07:30,Hyderabad,receive,DEV857,0
TXN105943,USER3957,71886.77,2025-02-16 08:41:30,Pune,send,DEV774,0
TXN105944,USER5874,146579.63,2025-03-06 20:15:30,Pune,bill_payment,DEV335,0
TXN105945,USER2909,181411.81,2025-03-03 01:28:30,Hyderabad,send,DEV671,1
TXN105946,USER1557,81380.18,2025-04-07 09:11:30,Hyderabad,merchant_payment,DEV726,0
TXN105947,USER8029,90666.77,2025-02-08 01:55:30,Pune,receive,DEV481,0
TXN105948,USER1960,119055.99,2025-04-04 01:46:30,Mumbai,merchant_payment,DEV391,1
TXN105949,USER4879,93349.73,2025-04-04 03:12:30,Pune,send,DEV755,0
TXN105950,USER3119,171171.05,2025-02-10 01:35:30,Bangalore,send,DEV681,1
TXN105951,USER2622,93696.66,2025-03-30 09:43:30,Delhi,merchant_payment,DEV173,0
TXN105952,USER4640,148821.45,2025-04-05 09:24:30,Delhi,send,DEV383,0
TXN105953,USER4892,180063.32,2025-01-15 09:02:30,Pune,receive,DEV226,0
TXN105954,USER1855,153384.45,2025-02-24 19:11:30,Ahmedabad,send,DEV144,0
TXN105955,USER9058,42664.08,2025-01-29 04:08:30,Mumbai,send,DEV341,0
TXN105956,USER7897,187454.23,2025-01-14 20:45:30,Kolkata,merchant_payment,DEV237,0
TXN105957,USER2940,31120.73,2025-03-18 12:14:30,Delhi,merchant_payment,DEV139,0
TXN105958,USER2776,113702.46,2025-03-18 08:07:30,Delhi,bill_payment,DEV294,0
TXN105959,USER3546,57118.01,2025-04-07 07:17:30,Pune,receive,DEV203,0
TXN105960,USER1186,69394.49,2025-01-25 06:34:30,Pune,self_transfer,DEV757,0
TXN105961,USER6115,171881.61,2025-02-23 11:02:30,Hyderabad,self_transfer,DEV556,0
TXN105962,USER7689,139037.13,2025-04-07 06:16:30,Chennai,send,DEV299,0
TXN105963,USER3999,4891.91,2025-03-07 16:00:30,Mumbai,merchant_payment,DEV412,0
TXN105964,USER9852,187395.13,2025-03-25 00:50:30,Pune,send,DEV974,0
TXN105965,USER8869,52058.56,2025-03-06 20:29:30,Delhi,self_transfer,DEV172,0
TXN105966,USER8254,69466.19,2025-01-28 05:56:30,Pune,bill_payment,DEV271,0
TXN105967,USER3938,114550.82,2025-03-29 00:24:30,Kolkata,self_transfer,DEV271,0
TXN105968,USER9994,38096.89,2025-04-05 08:51:30,Bangalore,receive,DEV425,0
TXN105969,USER7284,1903.94,2025-01-28 22:16:30,Bangalore,receive,DEV358,0
TXN105970,USER7172,148700.71,2025-01-28 09:28:30,Chennai,send,DEV594,0
TXN105971,USER2008,27018.37,2025-02-18 16:34:30,Bangalore,merchant_payment,DEV216,0
TXN105972,USER7906,23713.99,2025-04-02 10:02:30,Delhi,receive,DEV269,0
TXN105973,USER3963,138203.76,2025-03-28 17:27:30,Mumbai,merchant_payment,DEV463,0
TXN105974,USER6438,11087.82,2025-02-26 18:09:30,Delhi,send,DEV395,0
TXN105975,USER8550,144665.83,2025-01-20 00:46:30,Pune,send,DEV209,0
TXN105976,USER2426,55297.03,2025-02-26 20:22:30,Chennai,self_transfer,DEV625,0
TXN105977,USER8232,181193.06,2025-02-04 04:52:30,Jaipur,merchant_payment,DEV416,0
TXN105978,USER5116,150345.56,2025-03-26 23:15:30,Delhi,bill_payment,DEV309,0
TXN105979,USER9132,49700.24,2025-02-01 13:41:30,Pune,self_transfer,DEV933,0
TXN105980,USER9476,119378.02,2025-03-02 12:04:30,Hyderabad,merchant_payment,DEV630,0
TXN105981,USER8804,175709.28,2025-02-06 09:11:30,Kolkata,receive,DEV560,0
TXN105982,USER2568,163024.09,2025-03-18 13:49:30,Mumbai,merchant_payment,DEV983,0
TXN105983,USER6791,187994.53,2025-02-14 17:38:30,Mumbai,bill_payment,DEV899,0
TXN105984,USER7038,91234.62,2025-03-13 15:00:30,Pune,send,DEV609,0
TXN105985,USER3629,1035.84,2025-01-24 09:24:30,Bangalore,bill_payment,DEV132,0
TXN105986,USER2738,193493.06,2025-02-15 09:42:30,Pune,bill_payment,DEV781,0
TXN105987,USER3997,34604.64,2025-01-19 01:11:30,Jaipur,self_transfer,DEV278,0
TXN105988,USER8937,42792.22,2025-02-15 16:15:30,Pune,send,DEV391,0
TXN105989,USER5882,169583.92,2025-02-09 12:22:30,Hyderabad,bill_payment,DEV650,0
TXN105990,USER2354,172185.47,2025-02-18 16:32:30,Pune,send,DEV133,1
TXN105991,USER7582,22894.73,2025-03-10 23:55:30,Delhi,send,DEV311,0
TXN105992,USER5642,159529.52,2025-01-10 12:43:30,Chennai,self_transfer,DEV275,0
TXN105993,USER4799,191729.91,2025-03-11 14:25:30,Hyderabad,bill_payment,DEV132,0
TXN105994,USER2229,116529.6,2025-02-11 03:05:30,Ahmedabad,receive,DEV580,1
TXN105995,USER2327,59220.26,2025-01-10 06:12:30,Hyderabad,bill_payment,DEV974,0
TXN105996,USER1376,111028.97,2025-03-13 09:13:30,Delhi,bill_payment,DEV715,0
TXN105997,USER2337,151458.85,2025-03-29 00:05:30,Jaipur,self_transfer,DEV697,0
TXN105998,USER5607,135466.85,2025-01-17 23:13:30,Kolkata,send,DEV822,0
TXN105999,USER3482,161524.31,2025-01-18 21:23:30,Kolkata,receive,DEV172,0
TXN106000,USER1791,151855.51,2025-02-06 15:10:30,Hyderabad,bill_payment,DEV624,0
TXN106001,USER2150,64691.42,2025-02-19 14:06:30,Delhi,receive,DEV694,0
TXN106002,USER2588,66431.5,2025-03-21 09:18:30,Pune,self_transfer,DEV751,0
TXN106003,USER4495,42777.29,2025-03-23 01:27:30,Jaipur,merchant_payment,DEV206,0
TXN106004,USER3583,109005.85,2025-04-06 06:36:30,Hyderabad,receive,DEV429,0
TXN106005,USER9398,36334.76,2025-01-14 17:41:30,Delhi,self_transfer,DEV944,0
TXN106006,USER2483,57605.52,2025-03-22 03:22:30,Ahmedabad,receive,DEV846,0
TXN106007,USER5263,88334.12,2025-03-10 08:26:30,Ahmedabad,receive,DEV280,0
TXN106008,USER6395,75501.4,2025-02-05 11:25:30,Mumbai,merchant_payment,DEV968,0
TXN106009,USER7934,89328.09,2025-03-02 08:24:30,Ahmedabad,self_transfer,DEV816,0
TXN106010,USER7655,132249.08,2025-02-22 21:45:30,Pune,self_transfer,DEV601,0
TXN106011,USER4041,78601.55,2025-01-09 17:43:30,Delhi,self_transfer,DEV860,0
TXN106012,USER1189,26744.09,2025-02-02 09:16:30,Jaipur,send,DEV997,0
TXN106013,USER6456,16861.37,2025-03-14 09:58:30,Pune,merchant_payment,DEV252,0
TXN106014,USER3225,29246.21,2025-04-04 10:09:30,Delhi,send,DEV669,0
TXN106015,USER8811,43242.91,2025-03-28 01:47:30,Mumbai,merchant_payment,DEV603,0
TXN106016,USER3779,152823.61,2025-02-17 09:48:30,Delhi,self_transfer,DEV447,0
TXN106017,USER4552,191830.86,2025-02-02 09:18:30,Hyderabad,merchant_payment,DEV983,0
TXN106018,USER3772,159517.34,2025-03-26 20:15:30,Hyderabad,bill_payment,DEV893,1
TXN106019,USER2780,192481.58,2025-03-23 09:01:30,Hyderabad,receive,DEV652,0
TXN106020,USER7653,115603.66,2025-03-17 20:05:30,Jaipur,receive,DEV938,0
TXN106021,USER8455,2707.34,2025-03-16 19:13:30,Mumbai,self_transfer,DEV156,0
TXN106022,USER8433,87320.43,2025-03-27 21:35:30,Delhi,send,DEV234,0
TXN106023,USER1538,33604.57,2025-02-05 02:09:30,Mumbai,bill_payment,DEV383,0
TXN106024,USER2972,48470.42,2025-01-22 17:05:30,Ahmedabad,self_transfer,DEV165,0
TXN106025,USER6198,197449.64,2025-03-03 18:49:30,Pune,bill_payment,DEV995,0
TXN106026,USER2267,124673.04,2025-02-06 15:59:30,Ahmedabad,merchant_payment,DEV597,0
TXN106027,USER9464,140324.42,2025-02-15 01:14:30,Chennai,receive,DEV192,1
TXN106028,USER6938,34305.54,2025-02-13 19:52:30,Bangalore,merchant_payment,DEV509,0
TXN106029,USER3370,68704.09,2025-03-11 19:47:30,Mumbai,self_transfer,DEV995,0
TXN106030,USER3606,76812.95,2025-03-21 09:01:30,Pune,receive,DEV615,0
TXN106031,USER1712,179359.39,2025-03-05 04:00:30,Hyderabad,self_transfer,DEV115,0
TXN106032,USER6698,10664.13,2025-01-16 01:20:30,Jaipur,send,DEV780,0
TXN106033,USER4992,16045.78,2025-04-03 22:25:30,Pune,merchant_payment,DEV851,0
TXN106034,USER8484,108151.71,2025-03-22 01:23:30,Pune,bill_payment,DEV693,1
TXN106035,USER3980,9576.1,2025-03-25 21:33:30,Chennai,bill_payment,DEV823,0
TXN106036,USER8838,137091.36,2025-02-07 12:15:30,Bangalore,self_transfer,DEV320,0
TXN106037,USER3295,91490.49,2025-01-23 07:52:30,Mumbai,bill_payment,DEV461,0
TXN106038,USER6541,97856.12,2025-01-14 22:04:30,Chennai,merchant_payment,DEV279,0
TXN106039,USER3471,146499.36,2025-02-17 18:55:30,Bangalore,send,DEV418,0
TXN106040,USER9557,101840.13,2025-02-18 23:12:30,Delhi,merchant_payment,DEV802,0
TXN106041,USER5869,37781.04,2025-02-26 17:35:30,Bangalore,self_transfer,DEV838,0
TXN106042,USER3341,68149.49,2025-02-11 13:33:30,Ahmedabad,self_transfer,DEV835,0
TXN106043,USER5837,38937.35,2025-02-01 09:06:30,Delhi,send,DEV838,0
TXN106044,USER4738,32294.57,2025-02-25 10:41:30,Mumbai,receive,DEV654,0
TXN106045,USER9258,12102.45,2025-01-16 16:02:30,Pune,send,DEV198,0
TXN106046,USER6876,89948.56,2025-02-13 17:58:30,Delhi,self_transfer,DEV354,0
TXN106047,USER8913,9531.44,2025-02-11 07:39:30,Jaipur,merchant_payment,DEV112,0
TXN106048,USER9101,84609.31,2025-03-10 06:04:30,Bangalore,merchant_payment,DEV414,0
TXN106049,USER2082,33529.59,2025-01-09 12:02:30,Delhi,merchant_payment,DEV111,0
TXN106050,USER2803,197259.25,2025-01-18 04:21:30,Chennai,bill_payment,DEV819,0
TXN106051,USER3189,140765.78,2025-01-24 02:28:30,Pune,send,DEV852,1
TXN106052,USER8351,141886.17,2025-02-03 20:08:30,Kolkata,merchant_payment,DEV354,0
TXN106053,USER8943,116950.26,2025-01-21 22:41:30,Kolkata,send,DEV640,0
TXN106054,USER8707,8573.51,2025-03-01 08:12:30,Bangalore,merchant_payment,DEV946,0
TXN106055,USER5699,47668.43,2025-03-09 06:19:30,Hyderabad,self_transfer,DEV632,0
TXN106056,USER6163,130339.28,2025-03-16 04:44:30,Jaipur,merchant_payment,DEV652,0
TXN106057,USER8101,161777.55,2025-02-04 18:52:30,Jaipur,receive,DEV741,0
TXN106058,USER8312,123623.02,2025-03-02 09:56:30,Delhi,receive,DEV119,0
TXN106059,USER6555,71931.0,2025-03-23 12:27:30,Delhi,send,DEV381,0
TXN106060,USER9281,129700.38,2025-02-27 12:53:30,Delhi,self_transfer,DEV884,0
TXN106061,USER7097,107374.4,2025-02-03 01:09:30,Delhi,self_transfer,DEV730,1
TXN106062,USER5705,30746.92,2025-04-06 18:56:30,Hyderabad,receive,DEV194,0
TXN106063,USER5197,165192.34,2025-02-11 16:05:30,Bangalore,send,DEV781,0
TXN106064,USER8664,194803.56,2025-03-01 19:20:30,Delhi,merchant_payment,DEV571,0
TXN106065,USER9761,112465.08,2025-01-22 19:05:30,Pune,bill_payment,DEV995,0
TXN106066,USER3019,28264.32,2025-03-28 13:15:30,Chennai,bill_payment,DEV946,0
TXN106067,USER6878,23579.49,2025-04-06 00:22:30,Delhi,self_transfer,DEV728,0
TXN106068,USER9827,16831.01,2025-03-02 19:53:30,Chennai,merchant_payment,DEV266,0
TXN106069,USER3434,58967.79,2025-02-07 10:30:30,Chennai,send,DEV670,0
TXN106070,USER5245,192872.56,2025-03-09 19:02:30,Kolkata,bill_payment,DEV673,0
TXN106071,USER4900,139037.1,2025-03-10 06:19:30,Pune,send,DEV749,0
TXN106072,USER3260,113806.84,2025-02-24 20:33:30,Ahmedabad,send,DEV431,0
TXN106073,USER9200,152587.49,2025-01-30 14:23:30,Bangalore,merchant_payment,DEV958,0
TXN106074,USER8225,63015.43,2025-01-11 16:32:30,Jaipur,send,DEV993,0
TXN106075,USER9027,31522.7,2025-01-09 13:43:30,Pune,send,DEV694,0
TXN106076,USER2837,101189.3,2025-02-06 09:39:30,Kolkata,receive,DEV471,0
TXN106077,USER7553,138597.4,2025-01-09 21:59:30,Ahmedabad,self_transfer,DEV679,0
TXN106078,USER8799,126581.2,2025-03-11 10:55:30,Bangalore,merchant_payment,DEV423,0
TXN106079,USER8805,175187.17,2025-01-19 21:58:30,Pune,send,DEV355,0
TXN106080,USER8865,176253.2,2025-03-17 20:15:30,Bangalore,send,DEV320,0
TXN106081,USER6370,85333.56,2025-02-04 03:42:30,Bangalore,send,DEV125,0
TXN106082,USER2779,117694.43,2025-02-25 10:44:30,Pune,bill_payment,DEV664,0
TXN106083,USER1533,13217.84,2025-02-13 12:54:30,Chennai,merchant_payment,DEV299,0
TXN106084,USER2070,10206.8,2025-03-30 14:36:30,Hyderabad,bill_payment,DEV648,0
TXN106085,USER2406,187584.55,2025-03-31 19:53:30,Delhi,merchant_payment,DEV776,0
TXN106086,USER8814,11121.36,2025-03-23 23:32:30,Bangalore,merchant_payment,DEV188,0
TXN106087,USER3066,118164.46,2025-03-11 13:54:30,Pune,receive,DEV688,0
TXN106088,USER5607,27834.37,2025-01-22 22:45:30,Kolkata,self_transfer,DEV874,0
TXN106089,USER3148,29164.81,2025-03-14 08:46:30,Bangalore,receive,DEV762,0
TXN106090,USER1496,37582.65,2025-03-02 12:23:30,Kolkata,receive,DEV661,0
TXN106091,USER5998,131701.35,2025-03-16 07:57:30,Ahmedabad,merchant_payment,DEV573,0
TXN106092,USER4266,136055.28,2025-01-30 23:05:30,Mumbai,self_transfer,DEV387,0
TXN106093,USER6377,51494.89,2025-03-22 05:34:30,Ahmedabad,bill_payment,DEV950,0
TXN106094,USER4919,161026.75,2025-02-12 10:01:30,Hyderabad,receive,DEV888,0
TXN106095,USER4430,105133.76,2025-01-29 11:29:30,Chennai,bill_payment,DEV516,0
TXN106096,USER4583,96737.75,2025-01-20 04:38:30,Pune,receive,DEV527,0
TXN106097,USER1404,30102.75,2025-02-28 10:34:30,Ahmedabad,merchant_payment,DEV314,0
TXN106098,USER9094,196570.84,2025-03-28 22:02:30,Delhi,send,DEV251,0
TXN106099,USER4792,159944.25,2025-04-01 02:06:30,Hyderabad,self_transfer,DEV742,1
TXN106100,USER7275,62414.15,2025-02-14 16:15:30,Hyderabad,self_transfer,DEV292,0
TXN106101,USER4430,111071.76,2025-02-25 23:36:30,Pune,merchant_payment,DEV817,0
TXN106102,USER5654,80948.26,2025-01-21 08:05:30,Pune,send,DEV557,0
TXN106103,USER9842,166059.13,2025-03-09 00:02:30,Pune,receive,DEV961,0
TXN106104,USER3792,106181.27,2025-01-21 22:33:30,Jaipur,self_transfer,DEV474,0
TXN106105,USER9097,98883.84,2025-02-21 06:09:30,Mumbai,receive,DEV994,0
TXN106106,USER1773,103534.56,2025-03-04 09:46:30,Kolkata,bill_payment,DEV208,0
TXN106107,USER3746,58456.6,2025-03-20 03:06:30,Chennai,merchant_payment,DEV705,0
TXN106108,USER5664,67036.62,2025-01-15 16:56:30,Delhi,merchant_payment,DEV704,0
TXN106109,USER4035,74057.74,2025-02-27 11:52:30,Chennai,send,DEV900,0
TXN106110,USER2099,187804.09,2025-02-14 08:29:30,Kolkata,bill_payment,DEV810,0
TXN106111,USER2455,44138.61,2025-03-16 05:06:30,Ahmedabad,bill_payment,DEV627,0
TXN106112,USER4749,161444.37,2025-04-03 18:31:30,Delhi,bill_payment,DEV772,0
TXN106113,USER3695,26743.81,2025-01-12 09:26:30,Jaipur,merchant_payment,DEV964,0
TXN106114,USER5166,67741.25,2025-03-06 02:46:30,Bangalore,merchant_payment,DEV412,0
TXN106115,USER3917,185742.97,2025-02-03 01:33:30,Ahmedabad,bill_payment,DEV182,1
TXN106116,USER5978,165854.48,2025-02-21 03:16:30,Kolkata,bill_payment,DEV687,1
TXN106117,USER7018,84927.94,2025-03-01 04:15:30,Mumbai,merchant_payment,DEV656,0
TXN106118,USER7699,118287.68,2025-03-01 09:41:30,Ahmedabad,bill_payment,DEV172,0
TXN106119,USER5859,80029.64,2025-01-30 15:20:30,Mumbai,merchant_payment,DEV662,0
TXN106120,USER7760,37774.38,2025-03-23 07:02:30,Jaipur,receive,DEV213,0
TXN106121,USER5624,77459.82,2025-03-14 08:11:30,Chennai,receive,DEV329,0
TXN106122,USER4281,62222.34,2025-02-07 07:41:30,Mumbai,receive,DEV779,0
TXN106123,USER9173,82053.33,2025-01-08 19:08:30,Mumbai,receive,DEV937,0
TXN106124,USER9399,61367.96,2025-01-14 03:16:30,Ahmedabad,merchant_payment,DEV462,0
TXN106125,USER6672,174623.0,2025-01-17 03:47:30,Delhi,send,DEV947,1
TXN106126,USER8223,197494.58,2025-01-08 14:02:30,Delhi,receive,DEV307,0
TXN106127,USER8519,8525.38,2025-01-29 06:47:30,Hyderabad,send,DEV949,0
TXN106128,USER1762,135580.29,2025-03-21 17:38:30,Chennai,merchant_payment,DEV870,0
TXN106129,USER1365,15502.61,2025-03-24 08:00:30,Pune,send,DEV689,0
TXN106130,USER1488,84150.61,2025-01-29 00:53:30,Chennai,receive,DEV998,0
TXN106131,USER8095,9087.3,2025-03-18 17:50:30,Delhi,merchant_payment,DEV129,0
TXN106132,USER8082,108638.39,2025-03-30 20:53:30,Chennai,self_transfer,DEV556,0
TXN106133,USER8980,131757.04,2025-03-21 08:24:30,Delhi,receive,DEV628,0
TXN106134,USER5793,152023.02,2025-02-05 08:47:30,Delhi,self_transfer,DEV274,0
TXN106135,USER5787,77414.61,2025-04-05 10:40:30,Hyderabad,self_transfer,DEV932,0
TXN106136,USER7833,91403.33,2025-02-27 10:20:30,Hyderabad,send,DEV374,0
TXN106137,USER4146,53113.34,2025-01-13 11:20:30,Ahmedabad,bill_payment,DEV759,0
TXN106138,USER4482,75281.42,2025-03-16 11:09:30,Chennai,send,DEV716,0
TXN106139,USER5012,140256.04,2025-02-05 00:38:30,Ahmedabad,merchant_payment,DEV702,0
TXN106140,USER9570,130561.42,2025-04-01 15:03:30,Hyderabad,receive,DEV600,0
TXN106141,USER6782,50933.06,2025-01-10 07:54:30,Ahmedabad,send,DEV420,0
TXN106142,USER7016,115853.52,2025-03-26 21:23:30,Jaipur,self_transfer,DEV135,0
TXN106143,USER9203,192073.08,2025-02-26 12:50:30,Chennai,receive,DEV420,0
TXN106144,USER9833,24908.28,2025-02-25 14:38:30,Pune,self_transfer,DEV952,0
TXN106145,USER3026,21922.54,2025-03-19 04:23:30,Hyderabad,bill_payment,DEV348,0
TXN106146,USER3298,117777.32,2025-03-05 03:15:30,Ahmedabad,self_transfer,DEV886,1
TXN106147,USER9408,143255.74,2025-03-03 23:15:30,Jaipur,send,DEV724,0
TXN106148,USER7551,161861.9,2025-02-08 04:48:30,Kolkata,self_transfer,DEV100,0
TXN106149,USER6769,114922.31,2025-01-12 19:06:30,Ahmedabad,self_transfer,DEV587,0
TXN106150,USER1565,82722.42,2025-03-08 00:18:30,Hyderabad,self_transfer,DEV347,0
TXN106151,USER2362,68030.62,2025-01-11 19:53:30,Ahmedabad,merchant_payment,DEV993,0
TXN106152,USER1769,84299.47,2025-02-06 10:26:30,Ahmedabad,send,DEV351,0
TXN106153,USER6308,39969.2,2025-04-05 12:19:30,Ahmedabad,merchant_payment,DEV137,0
TXN106154,USER4712,182671.49,2025-02-18 20:56:30,Kolkata,bill_payment,DEV652,0
TXN106155,USER9991,125893.92,2025-02-13 22:05:30,Bangalore,self_transfer,DEV527,0
TXN106156,USER4690,16113.52,2025-01-20 14:12:30,Chennai,merchant_payment,DEV203,0
TXN106157,USER8016,114588.89,2025-03-15 15:22:30,Delhi,receive,DEV380,0
TXN106158,USER8752,133711.67,2025-02-07 09:39:30,Bangalore,self_transfer,DEV100,0
TXN106159,USER3792,48747.83,2025-03-07 19:09:30,Pune,bill_payment,DEV482,0
TXN106160,USER1983,49351.16,2025-03-21 22:36:30,Kolkata,bill_payment,DEV886,0
TXN106161,USER1136,86062.02,2025-04-06 04:04:30,Delhi,self_transfer,DEV181,0
TXN106162,USER6435,91758.2,2025-03-15 19:28:30,Delhi,receive,DEV636,0
TXN106163,USER8295,84850.45,2025-02-19 21:17:30,Bangalore,receive,DEV357,0
TXN106164,USER4867,145387.93,2025-03-08 07:04:30,Kolkata,merchant_payment,DEV259,0
TXN106165,USER2047,161068.23,2025-03-17 16:01:30,Jaipur,merchant_payment,DEV812,0
TXN106166,USER1044,189122.07,2025-02-07 07:26:30,Ahmedabad,receive,DEV884,0
TXN106167,USER1842,3217.72,2025-03-20 10:25:30,Ahmedabad,merchant_payment,DEV430,0
TXN106168,USER3103,36820.34,2025-01-18 05:40:30,Jaipur,send,DEV710,0
TXN106169,USER7680,57160.73,2025-03-14 09:04:30,Chennai,receive,DEV652,0
TXN106170,USER7898,119000.44,2025-03-28 17:55:30,Pune,send,DEV215,0
TXN106171,USER1314,140654.69,2025-02-17 08:25:30,Delhi,bill_payment,DEV533,0
TXN106172,USER8163,105228.92,2025-03-08 22:48:30,Pune,bill_payment,DEV497,0
TXN106173,USER5791,145235.98,2025-04-04 00:17:30,Chennai,merchant_payment,DEV695,1
TXN106174,USER6624,184980.43,2025-01-22 22:28:30,Kolkata,merchant_payment,DEV614,0
TXN106175,USER2136,30594.67,2025-02-10 22:57:30,Ahmedabad,send,DEV144,0
TXN106176,USER8512,85682.83,2025-03-21 16:14:30,Jaipur,send,DEV948,0
TXN106177,USER5234,70536.98,2025-02-13 02:11:30,Bangalore,bill_payment,DEV237,0
TXN106178,USER7339,62601.75,2025-01-29 09:11:30,Delhi,bill_payment,DEV963,0
TXN106179,USER5705,5107.69,2025-01-11 10:08:30,Chennai,receive,DEV681,0
TXN106180,USER2218,15245.0,2025-03-15 20:02:30,Ahmedabad,self_transfer,DEV828,0
TXN106181,USER2092,174032.41,2025-03-14 04:45:30,Delhi,send,DEV299,0
TXN106182,USER1401,71362.32,2025-01-14 09:56:30,Bangalore,self_transfer,DEV782,0
TXN106183,USER7747,185804.17,2025-01-28 00:44:30,Chennai,self_transfer,DEV904,0
TXN106184,USER8955,49282.75,2025-03-15 06:19:30,Bangalore,bill_payment,DEV782,0
TXN106185,USER5923,55672.01,2025-01-14 03:03:30,Kolkata,receive,DEV609,0
TXN106186,USER4538,182296.83,2025-02-02 07:30:30,Mumbai,merchant_payment,DEV533,0
TXN106187,USER2280,193951.49,2025-01-08 14:49:30,Pune,merchant_payment,DEV547,0
TXN106188,USER4148,63072.15,2025-02-22 07:24:30,Pune,receive,DEV971,0
TXN106189,USER7119,172113.58,2025-03-16 18:10:30,Pune,merchant_payment,DEV627,0
TXN106190,USER3969,177115.11,2025-04-04 11:53:30,Hyderabad,self_transfer,DEV175,0
TXN106191,USER7514,142563.0,2025-02-25 06:29:30,Chennai,self_transfer,DEV970,0
TXN106192,USER3082,198018.27,2025-03-06 07:24:30,Mumbai,bill_payment,DEV272,0
TXN106193,USER5341,94765.12,2025-03-09 13:24:30,Bangalore,merchant_payment,DEV913,0
TXN106194,USER5694,171399.62,2025-02-25 15:54:30,Mumbai,receive,DEV726,0
TXN106195,USER2697,169277.94,2025-02-07 22:00:30,Kolkata,receive,DEV328,0
TXN106196,USER7891,192266.67,2025-01-08 19:03:30,Hyderabad,merchant_payment,DEV903,0
TXN106197,USER7519,99990.49,2025-01-23 05:00:30,Pune,send,DEV176,0
TXN106198,USER2274,134291.68,2025-02-13 20:44:30,Bangalore,merchant_payment,DEV598,0
TXN106199,USER4971,15923.03,2025-01-21 00:14:30,Delhi,bill_payment,DEV670,0
TXN106200,USER5352,12374.14,2025-02-12 07:23:30,Mumbai,send,DEV211,0
TXN106201,USER4680,34257.66,2025-01-12 22:46:30,Kolkata,self_transfer,DEV488,0
TXN106202,USER1120,26750.41,2025-02-05 02:59:30,Jaipur,send,DEV552,0
TXN106203,USER5979,102975.04,2025-01-06 17:42:30,Delhi,receive,DEV757,0
TXN106204,USER4431,145753.59,2025-02-05 22:59:30,Ahmedabad,self_transfer,DEV397,0
TXN106205,USER9664,92420.46,2025-03-18 15:54:30,Mumbai,receive,DEV243,0
TXN106206,USER7402,183532.82,2025-04-03 10:45:30,Ahmedabad,bill_payment,DEV556,0
TXN106207,USER9513,64044.81,2025-01-17 08:04:30,Pune,self_transfer,DEV771,0
TXN106208,USER4925,74979.76,2025-04-06 00:48:30,Kolkata,receive,DEV800,0
TXN106209,USER6418,80963.77,2025-01-11 17:12:30,Ahmedabad,bill_payment,DEV398,0
TXN106210,USER7316,23771.39,2025-03-07 01:07:30,Mumbai,self_transfer,DEV750,0
TXN106211,USER6840,32027.47,2025-01-22 16:33:30,Jaipur,self_transfer,DEV606,0
TXN106212,USER7391,166805.25,2025-02-23 20:20:30,Chennai,merchant_payment,DEV530,0
TXN106213,USER6492,168569.35,2025-02-19 06:45:30,Ahmedabad,receive,DEV178,0
TXN106214,USER1596,186786.09,2025-01-29 12:13:30,Pune,self_transfer,DEV228,0
TXN106215,USER7341,142294.72,2025-01-11 20:58:30,Hyderabad,merchant_payment,DEV934,0
TXN106216,USER9120,15617.57,2025-03-24 14:26:30,Mumbai,bill_payment,DEV353,1
TXN106217,USER5394,103531.93,2025-02-02 09:17:30,Kolkata,send,DEV323,1
TXN106218,USER7859,165821.95,2025-02-09 05:31:30,Pune,bill_payment,DEV745,0
TXN106219,USER4389,68449.24,2025-02-26 16:30:30,Delhi,bill_payment,DEV902,0
TXN106220,USER1227,11703.07,2025-03-30 05:04:30,Ahmedabad,self_transfer,DEV329,0
TXN106221,USER4455,48054.44,2025-01-17 08:05:30,Ahmedabad,merchant_payment,DEV233,0
TXN106222,USER8137,159987.81,2025-03-17 10:31:30,Pune,merchant_payment,DEV108,0
TXN106223,USER4002,150078.96,2025-02-21 02:53:30,Ahmedabad,send,DEV852,1
TXN106224,USER5240,172256.68,2025-03-17 01:45:30,Mumbai,send,DEV521,1
TXN106225,USER1624,75432.05,2025-02-16 08:49:30,Bangalore,send,DEV894,0
TXN106226,USER9037,140033.6,2025-03-07 05:10:30,Delhi,receive,DEV513,0
TXN106227,USER9045,9514.75,2025-03-27 17:49:30,Mumbai,bill_payment,DEV460,0
TXN106228,USER3379,139677.43,2025-02-28 03:06:30,Kolkata,receive,DEV386,1
TXN106229,USER2710,159673.48,2025-03-10 03:06:30,Mumbai,bill_payment,DEV151,1
TXN106230,USER9897,192908.71,2025-02-08 21:52:30,Jaipur,receive,DEV844,0
TXN106231,USER5092,110273.91,2025-03-13 01:49:30,Bangalore,receive,DEV322,1
TXN106232,USER5626,169799.75,2025-01-22 11:27:30,Bangalore,self_transfer,DEV808,0
TXN106233,USER2983,49067.35,2025-03-30 06:37:30,Ahmedabad,self_transfer,DEV204,0
TXN106234,USER3130,189429.97,2025-03-22 14:38:30,Delhi,self_transfer,DEV673,0
TXN106235,USER5230,54629.36,2025-04-06 06:09:30,Ahmedabad,bill_payment,DEV270,0
TXN106236,USER4283,91484.26,2025-01-24 22:31:30,Delhi,self_transfer,DEV968,0
TXN106237,USER6435,175406.1,2025-03-28 05:29:30,Chennai,send,DEV547,0
TXN106238,USER9364,3727.82,2025-01-20 15:03:30,Pune,bill_payment,DEV149,0
TXN106239,USER8158,123869.96,2025-01-12 15:50:30,Pune,receive,DEV955,0
TXN106240,USER5567,17181.92,2025-04-04 16:30:30,Delhi,bill_payment,DEV327,0
TXN106241,USER7441,86121.39,2025-03-12 03:54:30,Chennai,self_transfer,DEV888,0
TXN106242,USER7856,170678.5,2025-01-22 01:58:30,Pune,merchant_payment,DEV972,1
TXN106243,USER8284,63856.19,2025-02-16 09:36:30,Pune,send,DEV369,0
TXN106244,USER2862,121550.97,2025-03-10 20:25:30,Jaipur,send,DEV270,0
TXN106245,USER7922,121338.83,2025-04-01 10:14:30,Mumbai,receive,DEV810,0
TXN106246,USER5490,89121.55,2025-03-15 14:33:30,Kolkata,receive,DEV822,0
TXN106247,USER1910,174086.31,2025-01-09 06:32:30,Pune,send,DEV409,0
TXN106248,USER4730,41552.53,2025-03-18 06:21:30,Delhi,merchant_payment,DEV692,0
TXN106249,USER9519,56704.12,2025-01-13 02:16:30,Delhi,send,DEV219,0
TXN106250,USER5875,101698.62,2025-04-01 10:26:30,Ahmedabad,bill_payment,DEV653,0
TXN106251,USER5406,65385.9,2025-03-16 08:54:30,Ahmedabad,self_transfer,DEV105,0
TXN106252,USER1571,163130.59,2025-01-18 14:50:30,Delhi,bill_payment,DEV922,0
TXN106253,USER8669,146130.78,2025-04-05 21:59:30,Mumbai,receive,DEV183,0
TXN106254,USER9972,84417.21,2025-04-06 19:49:30,Ahmedabad,send,DEV202,0
TXN106255,USER7720,3357.07,2025-01-30 20:16:30,Mumbai,merchant_payment,DEV107,0
TXN106256,USER9089,99118.3,2025-02-24 03:40:30,Chennai,send,DEV627,0
TXN106257,USER2913,78098.03,2025-04-07 07:17:30,Chennai,merchant_payment,DEV679,0
TXN106258,USER8399,119876.31,2025-03-27 23:45:30,Bangalore,self_transfer,DEV455,0
TXN106259,USER5056,70286.28,2025-03-22 23:25:30,Delhi,self_transfer,DEV886,0
TXN106260,USER6907,2844.52,2025-03-26 14:23:30,Bangalore,bill_payment,DEV529,0
TXN106261,USER3196,117622.63,2025-03-24 20:50:30,Bangalore,bill_payment,DEV503,0
TXN106262,USER4741,17913.17,2025-03-07 11:55:30,Chennai,bill_payment,DEV752,0
TXN106263,USER6238,156101.42,2025-02-18 06:50:30,Delhi,receive,DEV169,0
TXN106264,USER8546,144301.66,2025-02-27 13:21:30,Chennai,receive,DEV475,0
TXN106265,USER5957,26030.46,2025-01-18 06:47:30,Jaipur,receive,DEV564,0
TXN106266,USER8224,108188.26,2025-01-08 04:28:30,Hyderabad,merchant_payment,DEV367,0
TXN106267,USER9624,150814.83,2025-03-30 02:25:30,Hyderabad,receive,DEV421,1
TXN106268,USER2600,13986.37,2025-01-24 23:57:30,Ahmedabad,merchant_payment,DEV471,0
TXN106269,USER4186,51145.46,2025-01-18 13:47:30,Pune,bill_payment,DEV672,0
TXN106270,USER1565,166653.38,2025-03-22 13:11:30,Delhi,bill_payment,DEV330,0
TXN106271,USER4696,99735.91,2025-03-17 04:27:30,Delhi,self_transfer,DEV246,0
TXN106272,USER5941,20954.22,2025-01-07 10:19:30,Kolkata,bill_payment,DEV760,0
TXN106273,USER2354,192955.05,2025-03-08 17:43:30,Kolkata,self_transfer,DEV682,0
TXN106274,USER6524,10495.68,2025-02-05 12:22:30,Hyderabad,self_transfer,DEV493,0
TXN106275,USER7023,46319.85,2025-03-29 02:08:30,Hyderabad,bill_payment,DEV300,0
TXN106276,USER7314,20656.39,2025-02-21 01:06:30,Chennai,receive,DEV380,0
TXN106277,USER1690,197381.53,2025-01-11 22:03:30,Jaipur,bill_payment,DEV958,0
TXN106278,USER5758,164424.05,2025-01-11 13:15:30,Hyderabad,merchant_payment,DEV500,0
TXN106279,USER2851,109404.02,2025-02-09 07:50:30,Pune,bill_payment,DEV256,0
TXN106280,USER9477,89328.16,2025-03-27 21:06:30,Delhi,bill_payment,DEV277,0
TXN106281,USER6037,169534.69,2025-03-25 16:13:30,Chennai,merchant_payment,DEV579,0
TXN106282,USER4316,133733.8,2025-03-26 06:34:30,Ahmedabad,send,DEV216,0
TXN106283,USER4131,132503.86,2025-02-07 22:12:30,Ahmedabad,bill_payment,DEV285,0
TXN106284,USER7246,49885.24,2025-03-17 07:30:30,Ahmedabad,self_transfer,DEV721,0
TXN106285,USER5047,112687.22,2025-02-12 08:13:30,Delhi,bill_payment,DEV498,0
TXN106286,USER4025,139593.12,2025-01-11 04:28:30,Jaipur,self_transfer,DEV547,0
TXN106287,USER9245,88682.12,2025-02-20 10:00:30,Hyderabad,self_transfer,DEV408,0
TXN106288,USER9671,16489.42,2025-02-18 06:18:30,Delhi,self_transfer,DEV640,0
TXN106289,USER6478,57218.55,2025-03-25 10:34:30,Jaipur,merchant_payment,DEV140,0
TXN106290,USER2636,111113.92,2025-03-10 12:11:30,Chennai,merchant_payment,DEV572,0
TXN106291,USER3360,138786.66,2025-01-12 14:54:30,Jaipur,bill_payment,DEV300,0
TXN106292,USER7587,116953.03,2025-02-18 21:31:30,Ahmedabad,send,DEV213,0
TXN106293,USER3920,107992.89,2025-04-02 00:45:30,Jaipur,send,DEV880,0
TXN106294,USER6706,50790.79,2025-01-13 09:59:30,Kolkata,self_transfer,DEV866,0
TXN106295,USER7360,171346.91,2025-01-14 04:51:30,Pune,self_transfer,DEV654,0
TXN106296,USER2045,33961.45,2025-03-24 07:58:30,Pune,bill_payment,DEV602,0
TXN106297,USER7685,182821.51,2025-03-08 20:40:30,Mumbai,self_transfer,DEV437,0
TXN106298,USER9061,56247.19,2025-01-30 11:55:30,Chennai,receive,DEV355,0
TXN106299,USER4635,126912.37,2025-03-20 22:27:30,Mumbai,self_transfer,DEV133,0
TXN106300,USER7478,22024.91,2025-03-18 14:24:30,Pune,merchant_payment,DEV336,0
TXN106301,USER6562,51271.89,2025-01-31 19:54:30,Kolkata,merchant_payment,DEV724,0
TXN106302,USER2265,40081.22,2025-01-26 10:16:30,Mumbai,bill_payment,DEV257,0
TXN106303,USER3985,160478.97,2025-02-15 09:43:30,Hyderabad,send,DEV979,0
TXN106304,USER1411,118029.97,2025-01-15 17:15:30,Pune,receive,DEV645,0
TXN106305,USER7005,100624.29,2025-01-08 09:30:30,Hyderabad,self_transfer,DEV893,0
TXN106306,USER3990,136817.11,2025-01-16 19:28:30,Pune,receive,DEV948,0
TXN106307,USER4677,57999.32,2025-03-05 01:18:30,Jaipur,receive,DEV247,0
TXN106308,USER6076,34908.71,2025-02-20 23:35:30,Pune,self_transfer,DEV799,0
TXN106309,USER6944,74659.3,2025-03-23 22:07:30,Delhi,self_transfer,DEV187,0
TXN106310,USER2609,120983.64,2025-03-31 02:31:30,Jaipur,send,DEV628,1
TXN106311,USER2705,111389.16,2025-02-16 04:27:30,Bangalore,self_transfer,DEV491,0
TXN106312,USER2083,23952.06,2025-02-03 18:23:30,Jaipur,merchant_payment,DEV669,0
TXN106313,USER5689,196163.5,2025-03-28 16:18:30,Chennai,bill_payment,DEV566,0
TXN106314,USER9527,83080.65,2025-02-15 02:41:30,Chennai,bill_payment,DEV357,0
TXN106315,USER4799,101560.76,2025-03-08 13:40:30,Hyderabad,merchant_payment,DEV827,0
TXN106316,USER8384,17798.12,2025-01-21 13:26:30,Bangalore,merchant_payment,DEV950,0
TXN106317,USER1085,38472.6,2025-02-20 06:28:30,Bangalore,receive,DEV908,0
TXN106318,USER1214,65396.27,2025-02-07 13:07:30,Pune,merchant_payment,DEV644,0
TXN106319,USER1826,183988.77,2025-01-24 21:03:30,Pune,bill_payment,DEV544,0
TXN106320,USER7243,136324.66,2025-02-11 15:38:30,Delhi,merchant_payment,DEV411,0
TXN106321,USER5370,134569.82,2025-01-25 12:34:30,Kolkata,merchant_payment,DEV296,0
TXN106322,USER5910,40882.2,2025-04-03 05:26:30,Hyderabad,bill_payment,DEV197,0
TXN106323,USER1617,37082.47,2025-03-22 13:48:30,Chennai,merchant_payment,DEV422,0
TXN106324,USER2109,195606.05,2025-02-02 12:24:30,Hyderabad,merchant_payment,DEV630,0
TXN106325,USER6587,35127.69,2025-02-15 17:39:30,Kolkata,merchant_payment,DEV771,0
TXN106326,USER8560,5579.75,2025-03-17 22:33:30,Jaipur,receive,DEV233,0
TXN106327,USER5430,76256.65,2025-03-06 11:42:30,Delhi,bill_payment,DEV631,0
TXN106328,USER9461,85530.65,2025-01-30 06:46:30,Chennai,bill_payment,DEV161,0
TXN106329,USER1106,2983.2,2025-02-21 22:30:30,Mumbai,bill_payment,DEV723,0
TXN106330,USER2860,61172.33,2025-04-07 03:59:30,Delhi,bill_payment,DEV357,0
TXN106331,USER7445,53930.44,2025-02-11 23:50:30,Bangalore,merchant_payment,DEV930,0
TXN106332,USER3706,60289.93,2025-02-01 03:38:30,Hyderabad,bill_payment,DEV626,0
TXN106333,USER6600,89731.11,2025-03-14 03:24:30,Chennai,self_transfer,DEV469,0
TXN106334,USER4863,106680.01,2025-02-17 04:11:30,Bangalore,self_transfer,DEV400,0
TXN106335,USER3531,188100.14,2025-04-05 00:41:30,Delhi,self_transfer,DEV491,0
TXN106336,USER7199,136332.67,2025-03-15 17:45:30,Chennai,send,DEV946,0
TXN106337,USER3815,23161.6,2025-02-17 03:58:30,Mumbai,bill_payment,DEV470,0
TXN106338,USER4380,61517.55,2025-03-04 07:14:30,Hyderabad,send,DEV663,0
TXN106339,USER1947,2520.59,2025-02-25 03:22:30,Bangalore,send,DEV946,0
TXN106340,USER5660,43176.16,2025-02-10 02:18:30,Chennai,self_transfer,DEV162,0
TXN106341,USER9831,36020.19,2025-01-10 14:55:30,Kolkata,self_transfer,DEV342,0
TXN106342,USER4990,47559.71,2025-02-28 04:10:30,Mumbai,send,DEV422,0
TXN106343,USER3864,50623.21,2025-03-05 01:28:30,Kolkata,self_transfer,DEV938,0
TXN106344,USER5026,107234.77,2025-02-17 09:48:30,Ahmedabad,send,DEV758,0
TXN106345,USER6426,124787.93,2025-01-24 00:44:30,Ahmedabad,merchant_payment,DEV746,0
TXN106346,USER3756,16894.11,2025-03-11 04:13:30,Bangalore,send,DEV630,0
TXN106347,USER1155,38312.13,2025-01-29 11:23:30,Jaipur,self_transfer,DEV449,0
TXN106348,USER2765,15003.26,2025-04-06 23:28:30,Hyderabad,receive,DEV186,0
TXN106349,USER6846,161330.75,2025-02-17 06:31:30,Hyderabad,merchant_payment,DEV764,0
TXN106350,USER4241,69651.98,2025-02-24 17:30:30,Chennai,bill_payment,DEV517,0
TXN106351,USER1188,28066.13,2025-02-10 13:00:30,Pune,receive,DEV530,0
TXN106352,USER8421,97881.75,2025-02-05 11:23:30,Ahmedabad,merchant_payment,DEV598,0
TXN106353,USER6760,59366.92,2025-01-15 21:48:30,Chennai,merchant_payment,DEV686,0
TXN106354,USER9935,121872.99,2025-02-05 13:46:30,Ahmedabad,self_transfer,DEV506,0
TXN106355,USER6833,117719.97,2025-04-04 13:45:30,Bangalore,self_transfer,DEV402,0
TXN106356,USER1960,187931.73,2025-01-30 23:41:30,Mumbai,merchant_payment,DEV145,0
TXN106357,USER4484,62146.05,2025-03-30 08:58:30,Kolkata,merchant_payment,DEV978,0
TXN106358,USER7437,118672.15,2025-03-14 07:58:30,Delhi,send,DEV199,0
TXN106359,USER9336,104346.75,2025-02-16 07:29:30,Bangalore,receive,DEV596,0
TXN106360,USER9857,36227.11,2025-02-22 02:14:30,Pune,merchant_payment,DEV837,0
TXN106361,USER6951,92299.0,2025-03-19 08:48:30,Pune,bill_payment,DEV318,0
TXN106362,USER1311,138470.59,2025-01-09 08:59:30,Ahmedabad,bill_payment,DEV777,0
TXN106363,USER5572,28945.33,2025-03-07 00:42:30,Mumbai,merchant_payment,DEV651,0
TXN106364,USER7003,165147.27,2025-04-06 14:13:30,Jaipur,merchant_payment,DEV679,0
TXN106365,USER8698,5609.81,2025-04-04 16:02:30,Pune,send,DEV181,0
TXN106366,USER8404,29515.46,2025-01-14 23:31:30,Mumbai,merchant_payment,DEV873,0
TXN106367,USER3750,124838.7,2025-02-27 21:56:30,Bangalore,send,DEV533,0
TXN106368,USER8621,59918.73,2025-03-16 13:24:30,Chennai,receive,DEV119,0
TXN106369,USER1655,155917.34,2025-01-14 11:01:30,Bangalore,bill_payment,DEV969,0
TXN106370,USER2722,52155.56,2025-01-21 21:39:30,Ahmedabad,send,DEV591,0
TXN106371,USER4563,133023.47,2025-02-03 05:35:30,Kolkata,bill_payment,DEV154,0
TXN106372,USER1951,93417.85,2025-01-31 06:23:30,Jaipur,bill_payment,DEV798,0
TXN106373,USER5834,91974.96,2025-01-29 01:44:30,Jaipur,self_transfer,DEV503,0
TXN106374,USER7568,176487.02,2025-03-31 21:57:30,Hyderabad,self_transfer,DEV687,0
TXN106375,USER5885,111804.32,2025-03-13 16:29:30,Hyderabad,receive,DEV303,0
TXN106376,USER2188,123491.48,2025-03-13 15:29:30,Delhi,self_transfer,DEV308,0
TXN106377,USER1118,109376.63,2025-02-14 09:13:30,Kolkata,send,DEV294,0
TXN106378,USER5107,20108.3,2025-04-03 21:43:30,Kolkata,bill_payment,DEV926,0
TXN106379,USER8409,49087.1,2025-01-11 07:44:30,Delhi,self_transfer,DEV263,0
TXN106380,USER4999,148389.26,2025-01-06 18:47:30,Hyderabad,receive,DEV569,1
TXN106381,USER9658,79452.94,2025-03-23 21:09:30,Jaipur,self_transfer,DEV516,0
TXN106382,USER1977,198134.79,2025-02-20 15:48:30,Kolkata,receive,DEV538,0
TXN106383,USER6392,5757.0,2025-01-28 00:43:30,Chennai,self_transfer,DEV134,0
TXN106384,USER9775,14412.5,2025-02-11 09:05:30,Jaipur,send,DEV764,0
TXN106385,USER8891,188016.65,2025-02-10 20:46:30,Ahmedabad,send,DEV587,0
TXN106386,USER3005,74924.1,2025-02-03 18:51:30,Pune,receive,DEV916,0
TXN106387,USER5896,34330.31,2025-02-01 05:59:30,Kolkata,receive,DEV434,0
TXN106388,USER2222,124761.7,2025-02-13 09:36:30,Hyderabad,send,DEV806,0
TXN106389,USER7622,173892.77,2025-02-01 06:43:30,Pune,receive,DEV260,0
TXN106390,USER6695,164369.65,2025-02-06 21:07:30,Jaipur,bill_payment,DEV696,0
TXN106391,USER6767,143994.27,2025-01-18 14:08:30,Hyderabad,merchant_payment,DEV562,0
TXN106392,USER1630,94431.09,2025-03-20 07:41:30,Hyderabad,self_transfer,DEV578,0
TXN106393,USER1960,93521.29,2025-01-28 12:43:30,Hyderabad,self_transfer,DEV873,0
TXN106394,USER2980,17755.0,2025-01-21 09:02:30,Hyderabad,merchant_payment,DEV536,0
TXN106395,USER6047,47009.66,2025-02-27 05:08:30,Chennai,merchant_payment,DEV779,0
TXN106396,USER2772,75847.9,2025-03-31 23:17:30,Pune,bill_payment,DEV118,0
TXN106397,USER2025,62835.12,2025-02-28 16:57:30,Jaipur,receive,DEV551,0
TXN106398,USER2166,195482.63,2025-03-16 05:03:30,Hyderabad,merchant_payment,DEV335,0
TXN106399,USER5230,7681.58,2025-02-28 13:47:30,Kolkata,self_transfer,DEV661,0
TXN106400,USER4778,188960.11,2025-03-28 15:07:30,Mumbai,self_transfer,DEV405,0
TXN106401,USER1082,102621.72,2025-04-03 11:30:30,Pune,receive,DEV455,0
TXN106402,USER2504,23952.94,2025-02-14 00:16:30,Pune,receive,DEV458,0
TXN106403,USER7825,185596.43,2025-03-28 04:08:30,Pune,bill_payment,DEV916,0
TXN106404,USER9395,9709.47,2025-02-22 00:28:30,Bangalore,send,DEV690,0
TXN106405,USER3689,110908.35,2025-02-08 14:36:30,Mumbai,bill_payment,DEV699,0
TXN106406,USER2713,47562.04,2025-02-26 13:28:30,Ahmedabad,self_transfer,DEV489,0
TXN106407,USER4220,81198.93,2025-01-11 23:05:30,Hyderabad,bill_payment,DEV486,0
TXN106408,USER2889,117836.12,2025-04-06 06:57:30,Jaipur,send,DEV586,0
TXN106409,USER7100,90476.31,2025-01-27 19:20:30,Bangalore,bill_payment,DEV604,0
TXN106410,USER4705,78558.69,2025-03-17 20:13:30,Chennai,merchant_payment,DEV719,0
TXN106411,USER3260,9655.71,2025-03-31 17:24:30,Kolkata,receive,DEV982,0
TXN106412,USER3582,6639.08,2025-02-23 13:25:30,Bangalore,self_transfer,DEV822,0
TXN106413,USER9345,7733.88,2025-02-27 16:30:30,Delhi,merchant_payment,DEV840,0
TXN106414,USER4787,26996.96,2025-03-12 01:24:30,Ahmedabad,receive,DEV710,0
TXN106415,USER7497,26818.29,2025-02-09 05:51:30,Jaipur,merchant_payment,DEV394,0
TXN106416,USER1806,131796.42,2025-03-16 10:05:30,Ahmedabad,bill_payment,DEV935,0
TXN106417,USER2364,61709.62,2025-03-20 22:54:30,Ahmedabad,self_transfer,DEV811,0
TXN106418,USER2742,115842.37,2025-03-19 16:06:30,Chennai,merchant_payment,DEV766,0
TXN106419,USER6496,69281.85,2025-03-27 11:16:30,Pune,send,DEV217,0
TXN106420,USER2976,31248.41,2025-03-23 20:36:30,Kolkata,self_transfer,DEV501,0
TXN106421,USER4734,161593.14,2025-03-26 09:25:30,Mumbai,self_transfer,DEV620,0
TXN106422,USER8528,50297.78,2025-02-28 22:10:30,Hyderabad,self_transfer,DEV280,0
TXN106423,USER5292,7340.17,2025-03-22 02:45:30,Chennai,receive,DEV728,0
TXN106424,USER3930,106950.35,2025-01-12 04:30:30,Hyderabad,self_transfer,DEV692,0
TXN106425,USER3426,6556.76,2025-02-02 10:31:30,Hyderabad,merchant_payment,DEV614,0
TXN106426,USER1287,169548.03,2025-02-09 02:40:30,Mumbai,merchant_payment,DEV973,1
TXN106427,USER8507,68071.39,2025-01-25 23:00:30,Hyderabad,send,DEV153,0
TXN106428,USER1641,75727.87,2025-01-28 00:22:30,Bangalore,bill_payment,DEV743,0
TXN106429,USER2675,97048.11,2025-03-25 20:13:30,Delhi,self_transfer,DEV378,0
TXN106430,USER2961,13763.17,2025-04-04 09:06:30,Delhi,self_transfer,DEV555,0
TXN106431,USER9472,140698.37,2025-02-10 05:34:30,Delhi,merchant_payment,DEV123,0
TXN106432,USER3507,176170.42,2025-03-01 21:52:30,Chennai,receive,DEV156,0
TXN106433,USER6578,80305.41,2025-02-08 22:44:30,Chennai,receive,DEV864,0
TXN106434,USER4307,100702.15,2025-02-15 13:53:30,Hyderabad,self_transfer,DEV132,0
TXN106435,USER1306,147859.74,2025-02-07 19:25:30,Jaipur,send,DEV237,0
TXN106436,USER6524,139501.96,2025-02-23 01:09:30,Pune,bill_payment,DEV122,1
TXN106437,USER4581,34142.49,2025-02-11 05:04:30,Chennai,send,DEV791,0
TXN106438,USER8268,147763.94,2025-02-12 05:32:30,Mumbai,bill_payment,DEV276,0
TXN106439,USER3953,143639.95,2025-04-02 01:23:30,Delhi,self_transfer,DEV327,1
TXN106440,USER3342,131176.39,2025-02-09 08:29:30,Ahmedabad,bill_payment,DEV541,0
TXN106441,USER3790,102351.78,2025-03-25 00:12:30,Pune,send,DEV499,0
TXN106442,USER5198,48850.69,2025-03-18 07:55:30,Pune,merchant_payment,DEV122,0
TXN106443,USER5214,58727.56,2025-03-23 13:05:30,Pune,bill_payment,DEV504,0
TXN106444,USER2524,64953.83,2025-01-24 20:43:30,Jaipur,bill_payment,DEV842,0
TXN106445,USER9195,9282.45,2025-03-29 18:41:30,Jaipur,receive,DEV265,0
TXN106446,USER7240,165669.62,2025-03-23 23:55:30,Hyderabad,merchant_payment,DEV966,0
TXN106447,USER8435,14352.58,2025-01-20 22:09:30,Mumbai,receive,DEV779,0
TXN106448,USER2341,115296.79,2025-03-30 05:58:30,Pune,send,DEV877,0
TXN106449,USER2131,197778.58,2025-03-26 01:59:30,Chennai,merchant_payment,DEV361,1
TXN106450,USER6092,1441.51,2025-03-01 01:02:30,Bangalore,merchant_payment,DEV151,0
TXN106451,USER5632,67284.22,2025-03-24 22:51:30,Delhi,receive,DEV802,0
TXN106452,USER3990,79791.42,2025-01-30 14:11:30,Mumbai,self_transfer,DEV437,0
TXN106453,USER7829,155657.31,2025-03-08 03:33:30,Kolkata,self_transfer,DEV642,1
TXN106454,USER3644,79489.48,2025-03-08 11:00:30,Kolkata,self_transfer,DEV425,0
TXN106455,USER3084,60816.2,2025-02-15 14:03:30,Bangalore,self_transfer,DEV433,0
TXN106456,USER2059,1158.14,2025-02-25 07:29:30,Delhi,bill_payment,DEV807,0
TXN106457,USER9175,30793.23,2025-03-07 02:34:30,Kolkata,self_transfer,DEV886,0
TXN106458,USER9197,144886.61,2025-04-07 13:09:30,Kolkata,self_transfer,DEV174,0
TXN106459,USER1709,112781.99,2025-02-28 11:07:30,Ahmedabad,merchant_payment,DEV917,0
TXN106460,USER8162,137063.06,2025-01-07 16:37:30,Jaipur,receive,DEV542,0
TXN106461,USER4485,168210.38,2025-03-22 02:00:30,Bangalore,self_transfer,DEV180,1
TXN106462,USER2819,91083.85,2025-03-18 20:31:30,Ahmedabad,bill_payment,DEV334,0
TXN106463,USER6933,198586.71,2025-03-17 23:08:30,Bangalore,send,DEV488,0
TXN106464,USER8813,138327.01,2025-02-07 22:24:30,Ahmedabad,bill_payment,DEV285,0
TXN106465,USER6005,71314.41,2025-03-14 07:02:30,Delhi,bill_payment,DEV248,0
TXN106466,USER7117,44743.48,2025-02-25 06:01:30,Mumbai,receive,DEV666,0
TXN106467,USER5358,19108.59,2025-01-06 23:28:30,Chennai,self_transfer,DEV476,0
TXN106468,USER9738,116540.68,2025-03-14 06:05:30,Pune,self_transfer,DEV639,0
TXN106469,USER1800,180443.1,2025-03-25 16:35:30,Chennai,self_transfer,DEV420,0
TXN106470,USER8786,109409.27,2025-03-05 06:04:30,Chennai,merchant_payment,DEV379,0
TXN106471,USER4306,17780.53,2025-02-27 10:41:30,Kolkata,receive,DEV232,0
TXN106472,USER9493,3473.04,2025-02-20 15:10:30,Bangalore,receive,DEV376,0
TXN106473,USER6960,101368.69,2025-01-25 18:09:30,Chennai,receive,DEV888,0
TXN106474,USER2240,147511.08,2025-02-23 17:19:30,Delhi,send,DEV101,0
TXN106475,USER8589,120763.5,2025-03-13 10:05:30,Mumbai,bill_payment,DEV608,0
TXN106476,USER4158,68513.72,2025-01-23 18:34:30,Ahmedabad,bill_payment,DEV864,0
TXN106477,USER1605,21924.05,2025-01-20 00:27:30,Pune,merchant_payment,DEV342,1
TXN106478,USER4274,45481.88,2025-02-20 02:38:30,Pune,receive,DEV757,0
TXN106479,USER2864,163734.64,2025-02-22 14:47:30,Ahmedabad,bill_payment,DEV408,0
TXN106480,USER4859,44401.85,2025-01-26 18:09:30,Pune,self_transfer,DEV106,0
TXN106481,USER4633,92421.73,2025-03-11 03:04:30,Chennai,merchant_payment,DEV605,0
TXN106482,USER8288,37746.33,2025-02-09 09:15:30,Ahmedabad,receive,DEV421,0
TXN106483,USER9550,151783.65,2025-03-11 06:42:30,Ahmedabad,merchant_payment,DEV816,0
TXN106484,USER8147,164522.73,2025-01-08 05:56:30,Pune,receive,DEV923,0
TXN106485,USER5559,17041.13,2025-01-11 17:13:30,Delhi,bill_payment,DEV814,0
TXN106486,USER1494,4408.25,2025-02-26 12:28:30,Chennai,bill_payment,DEV568,0
TXN106487,USER7633,99597.03,2025-02-24 00:45:30,Pune,self_transfer,DEV431,0
TXN106488,USER8170,29718.19,2025-03-28 03:07:30,Jaipur,merchant_payment,DEV859,0
TXN106489,USER9239,127512.3,2025-02-28 20:33:30,Ahmedabad,self_transfer,DEV528,0
TXN106490,USER3009,68574.64,2025-03-03 17:32:30,Mumbai,merchant_payment,DEV517,0
TXN106491,USER9681,109828.98,2025-04-03 07:51:30,Ahmedabad,bill_payment,DEV128,0
TXN106492,USER2254,160540.18,2025-01-28 21:15:30,Jaipur,merchant_payment,DEV224,0
TXN106493,USER4220,16272.92,2025-01-09 21:19:30,Chennai,bill_payment,DEV775,1
TXN106494,USER9284,122258.55,2025-03-04 18:33:30,Jaipur,bill_payment,DEV809,0
TXN106495,USER1604,98994.55,2025-01-29 21:50:30,Mumbai,bill_payment,DEV532,0
TXN106496,USER2242,159602.9,2025-02-10 13:51:30,Pune,merchant_payment,DEV215,0
TXN106497,USER6436,23682.98,2025-04-02 01:35:30,Pune,send,DEV617,0
TXN106498,USER6080,191188.58,2025-02-14 20:03:30,Hyderabad,send,DEV424,0
TXN106499,USER6197,69476.81,2025-01-24 05:49:30,Kolkata,send,DEV289,0
TXN106500,USER9855,105515.16,2025-04-06 18:06:30,Ahmedabad,send,DEV635,0
TXN106501,USER4670,185369.52,2025-01-15 20:29:30,Ahmedabad,merchant_payment,DEV224,0
TXN106502,USER5883,176849.42,2025-03-29 22:46:30,Chennai,bill_payment,DEV305,0
TXN106503,USER2313,85652.88,2025-01-20 00:55:30,Kolkata,merchant_payment,DEV903,0
TXN106504,USER3004,50510.24,2025-01-10 15:00:30,Jaipur,merchant_payment,DEV807,0
TXN106505,USER5615,146993.52,2025-03-03 15:01:30,Mumbai,merchant_payment,DEV763,0
TXN106506,USER8376,85547.07,2025-03-02 16:43:30,Mumbai,self_transfer,DEV387,0
TXN106507,USER8839,145290.08,2025-01-31 12:29:30,Ahmedabad,bill_payment,DEV224,0
TXN106508,USER9282,93024.92,2025-02-12 05:50:30,Pune,send,DEV743,0
TXN106509,USER8622,176317.7,2025-02-09 17:36:30,Mumbai,receive,DEV962,0
TXN106510,USER7610,77242.75,2025-03-11 15:02:30,Mumbai,send,DEV961,0
TXN106511,USER3741,160410.72,2025-01-09 09:36:30,Mumbai,self_transfer,DEV281,0
TXN106512,USER7413,5942.19,2025-01-17 21:32:30,Kolkata,self_transfer,DEV803,0
TXN106513,USER8445,180256.81,2025-03-11 16:31:30,Delhi,receive,DEV913,0
TXN106514,USER1043,194515.83,2025-04-05 10:22:30,Ahmedabad,receive,DEV260,0
TXN106515,USER2326,165606.66,2025-03-14 03:20:30,Ahmedabad,receive,DEV316,1
TXN106516,USER1816,56942.24,2025-03-06 00:29:30,Hyderabad,self_transfer,DEV478,0
TXN106517,USER6968,195223.11,2025-01-11 16:10:30,Mumbai,merchant_payment,DEV346,0
TXN106518,USER6218,170127.2,2025-01-20 14:15:30,Delhi,bill_payment,DEV902,0
TXN106519,USER6768,89621.65,2025-04-02 00:21:30,Mumbai,send,DEV942,0
TXN106520,USER5078,143756.88,2025-03-03 07:00:30,Bangalore,bill_payment,DEV926,0
TXN106521,USER9440,108731.72,2025-02-20 10:40:30,Jaipur,receive,DEV478,0
TXN106522,USER2444,190390.91,2025-03-26 01:16:30,Pune,send,DEV751,1
TXN106523,USER3680,58630.36,2025-02-16 07:46:30,Delhi,bill_payment,DEV515,0
TXN106524,USER6512,67244.45,2025-03-03 14:47:30,Hyderabad,bill_payment,DEV962,0
TXN106525,USER9976,27201.46,2025-03-08 08:28:30,Mumbai,merchant_payment,DEV974,0
TXN106526,USER7081,88120.2,2025-01-16 00:22:30,Bangalore,bill_payment,DEV397,0
TXN106527,USER5311,7102.72,2025-04-01 18:03:30,Mumbai,merchant_payment,DEV901,0
TXN106528,USER5546,39424.99,2025-03-09 00:46:30,Jaipur,bill_payment,DEV322,0
TXN106529,USER7141,143547.8,2025-02-20 23:49:30,Jaipur,self_transfer,DEV489,0
TXN106530,USER5131,135939.69,2025-03-27 12:27:30,Delhi,self_transfer,DEV660,0
TXN106531,USER6115,128008.33,2025-02-15 12:51:30,Bangalore,merchant_payment,DEV109,0
TXN106532,USER2139,12361.83,2025-01-28 05:50:30,Kolkata,self_transfer,DEV162,0
TXN106533,USER7534,64566.65,2025-04-03 06:12:30,Jaipur,send,DEV544,0
TXN106534,USER1712,164740.64,2025-03-24 02:04:30,Kolkata,receive,DEV490,1
TXN106535,USER4846,101280.69,2025-03-20 07:18:30,Mumbai,bill_payment,DEV681,0
TXN106536,USER4714,80657.9,2025-03-01 14:47:30,Bangalore,merchant_payment,DEV854,0
TXN106537,USER5720,182115.91,2025-03-13 22:48:30,Bangalore,receive,DEV241,0
TXN106538,USER7069,102599.6,2025-03-27 12:35:30,Kolkata,receive,DEV783,0
TXN106539,USER3994,155479.47,2025-03-08 19:48:30,Chennai,receive,DEV151,0
TXN106540,USER1225,40654.26,2025-01-27 22:29:30,Jaipur,bill_payment,DEV675,0
TXN106541,USER5291,118572.79,2025-01-16 11:32:30,Delhi,self_transfer,DEV483,0
TXN106542,USER3131,186459.01,2025-03-29 07:21:30,Ahmedabad,merchant_payment,DEV725,0
TXN106543,USER3996,127405.42,2025-02-19 18:21:30,Kolkata,send,DEV633,0
TXN106544,USER5324,127886.47,2025-01-21 06:49:30,Chennai,bill_payment,DEV481,0
TXN106545,USER9698,86268.71,2025-03-03 03:59:30,Delhi,self_transfer,DEV342,0
TXN106546,USER6366,197220.95,2025-03-26 11:30:30,Hyderabad,send,DEV620,0
TXN106547,USER2481,25535.63,2025-02-27 07:23:30,Chennai,merchant_payment,DEV369,0
TXN106548,USER3226,168435.57,2025-01-25 08:07:30,Ahmedabad,send,DEV725,0
TXN106549,USER4483,46968.9,2025-01-17 18:52:30,Delhi,receive,DEV403,0
TXN106550,USER6159,37367.64,2025-02-20 17:47:30,Chennai,bill_payment,DEV101,0
TXN106551,USER8943,117974.45,2025-01-14 10:44:30,Delhi,self_transfer,DEV641,0
TXN106552,USER7091,74844.33,2025-02-27 08:04:30,Bangalore,send,DEV319,0
TXN106553,USER6097,173109.26,2025-01-06 18:02:30,Delhi,send,DEV276,0
TXN106554,USER1047,36135.67,2025-02-05 04:42:30,Kolkata,merchant_payment,DEV308,0
TXN106555,USER6321,12754.08,2025-03-15 14:11:30,Bangalore,bill_payment,DEV254,0
TXN106556,USER1643,119696.17,2025-01-28 09:58:30,Jaipur,bill_payment,DEV613,0
TXN106557,USER3756,155511.7,2025-03-31 00:31:30,Hyderabad,receive,DEV851,0
TXN106558,USER3433,82624.34,2025-01-15 03:27:30,Pune,receive,DEV671,0
TXN106559,USER3684,131240.85,2025-01-13 17:32:30,Ahmedabad,send,DEV389,0
TXN106560,USER3674,22763.08,2025-02-07 18:28:30,Mumbai,merchant_payment,DEV443,0
TXN106561,USER7801,125927.57,2025-01-20 14:02:30,Hyderabad,merchant_payment,DEV351,0
TXN106562,USER3240,90090.36,2025-01-13 04:19:30,Hyderabad,merchant_payment,DEV359,0
TXN106563,USER4809,49754.0,2025-03-04 22:26:30,Ahmedabad,bill_payment,DEV776,0
TXN106564,USER1268,49763.05,2025-02-06 20:56:30,Delhi,bill_payment,DEV557,0
TXN106565,USER1298,36742.21,2025-03-14 07:24:30,Pune,send,DEV201,0
TXN106566,USER9059,65812.0,2025-04-01 17:12:30,Mumbai,receive,DEV838,0
TXN106567,USER5563,80905.73,2025-01-11 23:13:30,Bangalore,receive,DEV165,0
TXN106568,USER7020,80042.42,2025-03-12 14:10:30,Jaipur,send,DEV180,0
TXN106569,USER4451,199556.71,2025-03-30 14:50:30,Ahmedabad,receive,DEV922,0
TXN106570,USER4811,140792.91,2025-03-05 05:10:30,Chennai,merchant_payment,DEV566,0
TXN106571,USER4536,135594.69,2025-01-30 00:50:30,Pune,receive,DEV356,0
TXN106572,USER7266,26238.73,2025-03-23 17:56:30,Delhi,self_transfer,DEV884,0
TXN106573,USER8236,94146.07,2025-03-13 21:40:30,Mumbai,self_transfer,DEV543,0
TXN106574,USER2828,169690.67,2025-02-27 06:32:30,Chennai,merchant_payment,DEV397,0
TXN106575,USER6724,66651.89,2025-01-24 06:04:30,Mumbai,send,DEV757,0
TXN106576,USER9642,137729.92,2025-02-17 06:14:30,Delhi,bill_payment,DEV857,0
TXN106577,USER9637,180622.48,2025-01-08 19:53:30,Bangalore,bill_payment,DEV102,0
TXN106578,USER5107,136282.6,2025-01-18 04:32:30,Hyderabad,merchant_payment,DEV791,0
TXN106579,USER8346,4613.91,2025-02-26 02:37:30,Hyderabad,self_transfer,DEV598,0
TXN106580,USER7690,16048.76,2025-02-23 22:50:30,Chennai,receive,DEV417,0
TXN106581,USER7422,64706.41,2025-02-14 02:46:30,Bangalore,self_transfer,DEV279,0
TXN106582,USER1443,160054.26,2025-01-14 03:42:30,Jaipur,merchant_payment,DEV698,1
TXN106583,USER9332,163277.43,2025-01-22 05:56:30,Mumbai,receive,DEV449,0
TXN106584,USER1434,138186.81,2025-01-26 06:41:30,Mumbai,merchant_payment,DEV321,0
TXN106585,USER3655,72003.79,2025-01-07 02:57:30,Mumbai,send,DEV251,0
TXN106586,USER5050,83229.66,2025-03-07 18:06:30,Chennai,merchant_payment,DEV982,0
TXN106587,USER5046,118585.83,2025-02-27 07:34:30,Mumbai,send,DEV100,0
TXN106588,USER9055,151148.79,2025-03-19 06:27:30,Delhi,merchant_payment,DEV876,0
TXN106589,USER8557,75414.91,2025-01-25 15:15:30,Pune,send,DEV703,0
TXN106590,USER6828,95770.8,2025-04-04 02:06:30,Ahmedabad,send,DEV986,0
TXN106591,USER8774,153266.36,2025-01-31 13:00:30,Delhi,receive,DEV250,0
TXN106592,USER2093,151414.84,2025-02-11 06:56:30,Ahmedabad,merchant_payment,DEV356,0
TXN106593,USER8954,85028.37,2025-02-04 07:52:30,Jaipur,merchant_payment,DEV682,0
TXN106594,USER5666,99507.26,2025-02-03 17:43:30,Ahmedabad,send,DEV333,0
TXN106595,USER1132,17342.35,2025-02-12 21:28:30,Jaipur,bill_payment,DEV147,0
TXN106596,USER7854,186126.55,2025-01-26 16:36:30,Chennai,bill_payment,DEV921,0
TXN106597,USER9377,54301.56,2025-02-13 18:05:30,Bangalore,self_transfer,DEV600,0
TXN106598,USER1755,149300.35,2025-02-09 06:30:30,Delhi,self_transfer,DEV731,0
TXN106599,USER3651,93289.79,2025-02-25 16:46:30,Kolkata,self_transfer,DEV527,0
TXN106600,USER5071,129901.78,2025-01-28 00:36:30,Mumbai,bill_payment,DEV272,0
TXN106601,USER8541,66753.58,2025-01-08 07:49:30,Mumbai,merchant_payment,DEV915,0
TXN106602,USER2746,1008.11,2025-03-19 15:06:30,Ahmedabad,send,DEV223,0
TXN106603,USER8590,86729.87,2025-03-11 13:46:30,Bangalore,merchant_payment,DEV275,0
TXN106604,USER1171,80973.02,2025-02-15 09:35:30,Ahmedabad,merchant_payment,DEV788,0
TXN106605,USER4786,108843.89,2025-01-10 19:38:30,Delhi,merchant_payment,DEV540,0
TXN106606,USER9823,38757.71,2025-03-20 19:05:30,Chennai,self_transfer,DEV526,0
TXN106607,USER8039,37010.96,2025-02-23 17:59:30,Pune,self_transfer,DEV890,0
TXN106608,USER2628,102131.51,2025-03-25 08:00:30,Pune,self_transfer,DEV212,0
TXN106609,USER7586,27022.17,2025-01-30 17:10:30,Ahmedabad,send,DEV137,0
TXN106610,USER9421,60399.48,2025-02-26 04:01:30,Mumbai,merchant_payment,DEV381,0
TXN106611,USER7695,13292.47,2025-04-02 10:00:30,Pune,receive,DEV289,0
TXN106612,USER5855,81655.06,2025-03-18 03:33:30,Kolkata,send,DEV993,0
TXN106613,USER4635,53534.12,2025-03-05 08:01:30,Ahmedabad,bill_payment,DEV112,0
TXN106614,USER7933,4069.32,2025-02-18 23:32:30,Ahmedabad,receive,DEV315,0
TXN106615,USER4057,64929.93,2025-02-24 11:11:30,Kolkata,bill_payment,DEV842,0
TXN106616,USER5868,132463.47,2025-01-14 17:40:30,Pune,bill_payment,DEV386,0
TXN106617,USER3021,61852.55,2025-03-26 14:58:30,Jaipur,send,DEV373,0
TXN106618,USER9942,188505.24,2025-03-23 13:14:30,Jaipur,merchant_payment,DEV345,0
TXN106619,USER9298,50365.96,2025-03-10 07:21:30,Mumbai,receive,DEV192,0
TXN106620,USER7661,143799.64,2025-02-27 18:42:30,Delhi,receive,DEV375,0
TXN106621,USER3579,87782.73,2025-03-05 11:00:30,Bangalore,merchant_payment,DEV911,0
TXN106622,USER4479,167789.44,2025-02-27 04:52:30,Hyderabad,receive,DEV321,0
TXN106623,USER5241,13905.51,2025-01-27 01:53:30,Delhi,bill_payment,DEV930,0
TXN106624,USER9340,50989.38,2025-02-08 14:43:30,Hyderabad,merchant_payment,DEV526,0
TXN106625,USER6206,164909.77,2025-01-29 23:45:30,Chennai,merchant_payment,DEV458,0
TXN106626,USER8054,169848.04,2025-03-21 00:35:30,Bangalore,receive,DEV788,0
TXN106627,USER6941,33932.22,2025-02-06 17:36:30,Chennai,send,DEV496,0
TXN106628,USER8275,134240.84,2025-01-09 13:41:30,Kolkata,send,DEV264,0
TXN106629,USER5174,112483.84,2025-03-30 02:28:30,Kolkata,self_transfer,DEV106,1
TXN106630,USER1042,43468.66,2025-03-15 08:09:30,Bangalore,merchant_payment,DEV162,0
TXN106631,USER1576,23898.38,2025-02-24 15:54:30,Ahmedabad,merchant_payment,DEV369,0
TXN106632,USER2400,106927.69,2025-03-02 03:16:30,Mumbai,self_transfer,DEV221,1
TXN106633,USER9345,80066.03,2025-01-31 07:11:30,Hyderabad,bill_payment,DEV790,0
TXN106634,USER4042,182372.13,2025-03-30 09:11:30,Delhi,receive,DEV434,0
TXN106635,USER6928,113430.29,2025-02-02 02:00:30,Pune,receive,DEV645,1
TXN106636,USER4117,43978.01,2025-03-21 19:32:30,Mumbai,receive,DEV504,0
TXN106637,USER2706,192925.32,2025-01-19 18:12:30,Ahmedabad,self_transfer,DEV933,0
TXN106638,USER1582,48583.98,2025-03-04 13:25:30,Kolkata,send,DEV940,0
TXN106639,USER2721,115074.72,2025-03-04 13:33:30,Mumbai,self_transfer,DEV327,0
TXN106640,USER5367,90919.77,2025-01-24 21:45:30,Ahmedabad,send,DEV334,0
TXN106641,USER5397,195203.18,2025-03-12 00:04:30,Ahmedabad,send,DEV735,0
TXN106642,USER1448,79944.18,2025-01-18 12:59:30,Bangalore,self_transfer,DEV214,0
TXN106643,USER8554,131302.62,2025-01-31 06:17:30,Chennai,self_transfer,DEV523,0
TXN106644,USER9516,58220.81,2025-02-17 02:37:30,Bangalore,send,DEV514,0
TXN106645,USER8401,61930.29,2025-03-15 07:11:30,Kolkata,send,DEV253,0
TXN106646,USER6526,144040.2,2025-03-26 23:06:30,Chennai,self_transfer,DEV421,0
TXN106647,USER3462,96529.56,2025-02-27 22:12:30,Kolkata,merchant_payment,DEV426,0
TXN106648,USER2897,99911.01,2025-03-10 01:02:30,Mumbai,send,DEV397,0
TXN106649,USER9739,168551.38,2025-02-26 15:36:30,Pune,bill_payment,DEV238,0
TXN106650,USER6663,166130.56,2025-01-16 07:36:30,Bangalore,send,DEV934,0
TXN106651,USER9696,88995.38,2025-03-04 05:28:30,Pune,send,DEV914,0
TXN106652,USER6292,48452.32,2025-04-04 03:22:30,Mumbai,bill_payment,DEV341,0
TXN106653,USER5701,181600.36,2025-01-24 17:51:30,Hyderabad,receive,DEV455,0
TXN106654,USER1605,1758.05,2025-03-09 12:23:30,Jaipur,merchant_payment,DEV874,0
TXN106655,USER7338,162215.04,2025-01-25 13:38:30,Mumbai,merchant_payment,DEV273,0
TXN106656,USER7294,83739.56,2025-02-23 05:35:30,Chennai,receive,DEV648,0
TXN106657,USER2405,45956.92,2025-02-14 20:51:30,Mumbai,receive,DEV284,0
TXN106658,USER1157,30.76,2025-03-08 12:46:30,Mumbai,bill_payment,DEV462,0
TXN106659,USER4400,152828.27,2025-01-16 02:04:30,Ahmedabad,send,DEV854,1
TXN106660,USER4653,87331.49,2025-02-17 20:47:30,Delhi,bill_payment,DEV234,0
TXN106661,USER1402,72331.56,2025-03-01 21:20:30,Jaipur,send,DEV308,0
TXN106662,USER8125,104301.66,2025-01-21 02:11:30,Jaipur,bill_payment,DEV659,1
TXN106663,USER1635,157932.66,2025-04-07 06:42:30,Delhi,merchant_payment,DEV125,0
TXN106664,USER8584,67465.74,2025-03-30 10:36:30,Jaipur,send,DEV170,0
TXN106665,USER1431,67444.17,2025-04-04 12:26:30,Jaipur,merchant_payment,DEV325,0
TXN106666,USER9631,2428.48,2025-02-09 04:21:30,Jaipur,receive,DEV702,0
TXN106667,USER8579,90403.36,2025-02-01 15:26:30,Ahmedabad,receive,DEV435,0
TXN106668,USER9702,156535.79,2025-01-13 15:42:30,Ahmedabad,merchant_payment,DEV776,0
TXN106669,USER9952,130196.25,2025-02-09 10:50:30,Delhi,merchant_payment,DEV631,0
TXN106670,USER6454,40256.4,2025-03-08 22:08:30,Pune,merchant_payment,DEV149,0
TXN106671,USER7250,31981.23,2025-01-10 00:57:30,Mumbai,merchant_payment,DEV746,0
TXN106672,USER7932,100191.68,2025-01-12 00:13:30,Chennai,bill_payment,DEV744,0
TXN106673,USER2499,65376.65,2025-04-07 02:05:30,Jaipur,bill_payment,DEV902,0
TXN106674,USER9521,164133.52,2025-02-04 02:19:30,Delhi,bill_payment,DEV448,1
TXN106675,USER2325,111637.99,2025-02-07 22:11:30,Kolkata,merchant_payment,DEV294,0
TXN106676,USER7723,109714.02,2025-01-21 13:29:30,Kolkata,self_transfer,DEV315,0
TXN106677,USER1671,140164.9,2025-02-11 07:33:30,Pune,receive,DEV612,0
TXN106678,USER9428,181797.25,2025-02-22 05:33:30,Ahmedabad,merchant_payment,DEV104,0
TXN106679,USER3344,170422.86,2025-04-06 08:43:30,Pune,receive,DEV208,0
TXN106680,USER8082,19946.41,2025-01-26 15:34:30,Chennai,merchant_payment,DEV447,0
TXN106681,USER6979,149955.07,2025-02-05 00:47:30,Ahmedabad,bill_payment,DEV722,0
TXN106682,USER7040,60555.88,2025-01-19 00:24:30,Ahmedabad,self_transfer,DEV950,0
TXN106683,USER4724,185301.76,2025-02-15 06:42:30,Pune,send,DEV668,0
TXN106684,USER8673,16422.71,2025-01-14 07:50:30,Pune,merchant_payment,DEV541,0
TXN106685,USER4286,66745.09,2025-03-21 22:22:30,Ahmedabad,receive,DEV965,0
TXN106686,USER1758,6811.14,2025-04-01 02:05:30,Chennai,merchant_payment,DEV395,0
TXN106687,USER2686,160163.04,2025-02-04 15:04:30,Ahmedabad,send,DEV161,0
TXN106688,USER3000,77693.67,2025-02-08 11:31:30,Kolkata,bill_payment,DEV967,0
TXN106689,USER5908,129580.68,2025-02-03 11:54:30,Ahmedabad,self_transfer,DEV399,0
TXN106690,USER5585,95703.21,2025-03-02 06:57:30,Delhi,send,DEV523,0
TXN106691,USER1367,170826.46,2025-02-03 18:57:30,Jaipur,bill_payment,DEV227,0
TXN106692,USER4639,19498.22,2025-03-20 18:13:30,Jaipur,merchant_payment,DEV632,0
TXN106693,USER4802,92947.19,2025-02-01 07:09:30,Mumbai,self_transfer,DEV162,0
TXN106694,USER6664,74120.49,2025-02-01 00:54:30,Delhi,self_transfer,DEV492,0
TXN106695,USER4261,143574.17,2025-03-02 11:52:30,Bangalore,merchant_payment,DEV731,0
TXN106696,USER3615,68586.21,2025-03-19 23:27:30,Pune,self_transfer,DEV952,0
TXN106697,USER7261,59974.26,2025-02-03 03:25:30,Kolkata,self_transfer,DEV365,0
TXN106698,USER8057,103938.44,2025-03-27 00:03:30,Chennai,merchant_payment,DEV609,0
TXN106699,USER1378,73513.36,2025-04-07 09:34:30,Hyderabad,merchant_payment,DEV162,0
TXN106700,USER8680,22963.4,2025-01-07 12:07:30,Chennai,self_transfer,DEV344,0
TXN106701,USER7940,94190.84,2025-02-25 21:01:30,Delhi,receive,DEV282,0
TXN106702,USER3029,36931.33,2025-02-03 04:29:30,Kolkata,send,DEV256,0
TXN106703,USER3260,179506.36,2025-03-09 23:37:30,Mumbai,receive,DEV800,0
TXN106704,USER3270,163956.12,2025-01-09 01:05:30,Chennai,self_transfer,DEV186,1
TXN106705,USER6286,191469.43,2025-01-30 05:12:30,Jaipur,receive,DEV736,0
TXN106706,USER6630,117517.4,2025-03-07 03:26:30,Hyderabad,self_transfer,DEV801,1
TXN106707,USER2619,101001.94,2025-03-10 02:17:30,Jaipur,send,DEV153,1
TXN106708,USER1850,118067.32,2025-02-13 12:33:30,Chennai,self_transfer,DEV407,0
TXN106709,USER6459,162739.68,2025-04-03 01:14:30,Kolkata,self_transfer,DEV457,1
TXN106710,USER9585,100649.73,2025-01-16 22:07:30,Chennai,merchant_payment,DEV202,0
TXN106711,USER8952,135973.56,2025-02-11 02:09:30,Hyderabad,merchant_payment,DEV524,1
TXN106712,USER6071,91241.95,2025-03-01 07:13:30,Jaipur,receive,DEV570,0
TXN106713,USER3304,85299.21,2025-01-29 16:05:30,Hyderabad,bill_payment,DEV608,0
TXN106714,USER3684,107992.65,2025-02-02 21:55:30,Hyderabad,merchant_payment,DEV451,0
TXN106715,USER1835,153331.92,2025-01-14 20:57:30,Mumbai,merchant_payment,DEV686,0
TXN106716,USER2181,99868.94,2025-02-18 08:29:30,Kolkata,merchant_payment,DEV664,0
TXN106717,USER5179,72225.71,2025-01-27 16:29:30,Kolkata,receive,DEV586,0
TXN106718,USER9230,143133.41,2025-04-01 04:59:30,Mumbai,receive,DEV611,0
TXN106719,USER4938,155171.02,2025-04-05 21:17:30,Ahmedabad,self_transfer,DEV837,0
TXN106720,USER4048,105020.44,2025-01-14 02:14:30,Ahmedabad,receive,DEV611,1
TXN106721,USER4114,135569.37,2025-01-11 09:32:30,Chennai,receive,DEV115,0
TXN106722,USER9957,197155.64,2025-02-06 23:40:30,Bangalore,send,DEV896,0
TXN106723,USER4565,69885.31,2025-03-11 02:43:30,Jaipur,bill_payment,DEV589,0
TXN106724,USER4741,171252.55,2025-03-03 02:15:30,Delhi,merchant_payment,DEV841,1
TXN106725,USER1482,167161.9,2025-01-25 06:49:30,Bangalore,bill_payment,DEV534,0
TXN106726,USER6432,109236.28,2025-02-18 23:37:30,Mumbai,receive,DEV400,0
TXN106727,USER9983,99838.78,2025-02-05 10:52:30,Chennai,receive,DEV105,0
TXN106728,USER2271,180005.22,2025-02-25 05:27:30,Kolkata,self_transfer,DEV129,0
TXN106729,USER8291,16542.74,2025-02-26 17:03:30,Hyderabad,send,DEV545,0
TXN106730,USER3223,193262.12,2025-03-20 17:17:30,Delhi,send,DEV878,0
TXN106731,USER5175,34446.35,2025-03-03 10:18:30,Ahmedabad,receive,DEV990,0
TXN106732,USER7277,55504.97,2025-03-03 16:31:30,Delhi,send,DEV285,0
TXN106733,USER6058,50528.51,2025-04-05 20:39:30,Delhi,merchant_payment,DEV881,0
TXN106734,USER9265,75451.29,2025-01-28 11:10:30,Hyderabad,send,DEV317,0
TXN106735,USER8297,16391.38,2025-02-09 00:53:30,Delhi,receive,DEV181,0
TXN106736,USER6691,48747.39,2025-02-14 11:21:30,Pune,merchant_payment,DEV985,0
TXN106737,USER7189,24948.18,2025-03-11 08:19:30,Bangalore,send,DEV382,1
TXN106738,USER3634,172934.81,2025-04-07 04:11:30,Hyderabad,self_transfer,DEV780,0
TXN106739,USER5872,193344.44,2025-03-28 11:39:30,Ahmedabad,bill_payment,DEV257,0
TXN106740,USER1992,171261.18,2025-01-27 18:26:30,Delhi,self_transfer,DEV792,0
TXN106741,USER7762,34771.9,2025-02-10 03:51:30,Pune,receive,DEV108,0
TXN106742,USER3818,105859.81,2025-03-11 06:25:30,Chennai,merchant_payment,DEV977,0
TXN106743,USER4965,112591.27,2025-01-28 01:28:30,Hyderabad,send,DEV586,1
TXN106744,USER4424,86651.47,2025-02-25 08:43:30,Hyderabad,bill_payment,DEV653,0
TXN106745,USER6435,17249.38,2025-02-01 12:04:30,Hyderabad,merchant_payment,DEV513,0
TXN106746,USER7106,86102.21,2025-03-20 01:26:30,Mumbai,receive,DEV680,0
TXN106747,USER3317,141561.21,2025-02-26 10:08:30,Jaipur,merchant_payment,DEV110,0
TXN106748,USER6878,65761.96,2025-01-28 22:21:30,Delhi,bill_payment,DEV446,0
TXN106749,USER9084,191025.6,2025-01-21 02:04:30,Mumbai,receive,DEV139,1
TXN106750,USER6316,186799.0,2025-03-07 17:45:30,Jaipur,bill_payment,DEV821,0
TXN106751,USER6079,129143.65,2025-02-08 09:50:30,Chennai,self_transfer,DEV168,0
TXN106752,USER2859,35482.96,2025-02-12 21:29:30,Hyderabad,merchant_payment,DEV408,0
TXN106753,USER9380,118956.07,2025-02-25 02:10:30,Chennai,receive,DEV985,1
TXN106754,USER7442,138499.13,2025-01-24 23:15:30,Hyderabad,merchant_payment,DEV630,0
TXN106755,USER7310,198506.45,2025-03-22 00:39:30,Jaipur,self_transfer,DEV547,0
TXN106756,USER9998,35737.17,2025-01-11 01:32:30,Jaipur,merchant_payment,DEV996,0
TXN106757,USER8381,640.49,2025-01-26 21:51:30,Bangalore,merchant_payment,DEV462,0
TXN106758,USER3868,1529.59,2025-01-20 08:16:30,Hyderabad,self_transfer,DEV205,0
TXN106759,USER5698,115405.58,2025-04-06 21:15:30,Hyderabad,merchant_payment,DEV804,0
TXN106760,USER9348,120269.43,2025-01-14 03:49:30,Bangalore,self_transfer,DEV866,1
TXN106761,USER7159,127846.53,2025-01-17 22:24:30,Hyderabad,send,DEV413,0
TXN106762,USER6588,117895.64,2025-01-31 03:42:30,Chennai,receive,DEV439,1
TXN106763,USER2256,98029.38,2025-02-20 23:32:30,Mumbai,bill_payment,DEV279,0
TXN106764,USER3034,16515.78,2025-03-23 22:16:30,Kolkata,merchant_payment,DEV474,0
TXN106765,USER9868,12261.74,2025-04-02 16:59:30,Delhi,receive,DEV407,0
TXN106766,USER7138,141627.21,2025-02-15 01:32:30,Chennai,merchant_payment,DEV487,1
TXN106767,USER1042,135946.85,2025-03-03 21:18:30,Hyderabad,receive,DEV126,0
TXN106768,USER5355,103557.73,2025-02-08 14:03:30,Pune,merchant_payment,DEV785,0
TXN106769,USER2656,14015.62,2025-02-10 13:29:30,Jaipur,merchant_payment,DEV245,0
TXN106770,USER1489,45073.41,2025-04-07 11:20:30,Bangalore,receive,DEV334,0
TXN106771,USER1131,191256.5,2025-03-11 21:09:30,Jaipur,merchant_payment,DEV119,0
TXN106772,USER2761,79451.75,2025-01-22 22:26:30,Bangalore,bill_payment,DEV333,0
TXN106773,USER5877,35852.7,2025-02-17 03:53:30,Pune,merchant_payment,DEV151,0
TXN106774,USER3079,106236.8,2025-04-05 18:58:30,Hyderabad,send,DEV782,0
TXN106775,USER4318,22353.8,2025-02-24 22:35:30,Mumbai,bill_payment,DEV246,0
TXN106776,USER2881,156919.96,2025-03-27 20:41:30,Ahmedabad,merchant_payment,DEV792,0
TXN106777,USER3876,149319.89,2025-02-03 08:34:30,Bangalore,receive,DEV388,0
TXN106778,USER4736,110914.35,2025-01-23 22:06:30,Delhi,merchant_payment,DEV984,0
TXN106779,USER8900,113660.25,2025-01-20 11:18:30,Ahmedabad,merchant_payment,DEV337,0
TXN106780,USER5900,87730.49,2025-02-18 18:30:30,Bangalore,receive,DEV463,0
TXN106781,USER6373,155045.79,2025-02-13 06:43:30,Hyderabad,send,DEV825,0
TXN106782,USER7223,119885.17,2025-02-18 11:42:30,Bangalore,self_transfer,DEV901,0
TXN106783,USER2425,25221.77,2025-01-09 07:02:30,Pune,merchant_payment,DEV277,0
TXN106784,USER1319,92415.97,2025-03-30 18:09:30,Hyderabad,receive,DEV798,0
TXN106785,USER5864,25.56,2025-01-30 19:45:30,Bangalore,self_transfer,DEV947,0
TXN106786,USER2018,41577.39,2025-02-06 01:19:30,Chennai,receive,DEV753,0
TXN106787,USER1510,192861.81,2025-02-06 22:05:30,Delhi,bill_payment,DEV190,0
TXN106788,USER5434,197047.43,2025-02-21 05:52:30,Hyderabad,merchant_payment,DEV465,0
TXN106789,USER1818,129612.97,2025-02-22 00:03:30,Delhi,send,DEV873,0
TXN106790,USER9192,10304.74,2025-02-02 22:56:30,Bangalore,receive,DEV634,0
TXN106791,USER9614,64405.02,2025-01-19 05:08:30,Jaipur,receive,DEV906,0
TXN106792,USER8321,73575.32,2025-02-12 11:05:30,Ahmedabad,bill_payment,DEV352,0
TXN106793,USER6898,145436.32,2025-03-24 22:51:30,Chennai,send,DEV297,0
TXN106794,USER6371,176141.02,2025-02-05 19:17:30,Ahmedabad,merchant_payment,DEV790,1
TXN106795,USER1328,66407.89,2025-04-02 16:17:30,Jaipur,send,DEV320,0
TXN106796,USER4790,84695.72,2025-03-23 00:12:30,Jaipur,self_transfer,DEV142,0
TXN106797,USER5432,65606.17,2025-01-24 03:27:30,Pune,merchant_payment,DEV388,0
TXN106798,USER4949,136124.15,2025-01-23 12:07:30,Hyderabad,send,DEV670,0
TXN106799,USER1183,8316.59,2025-03-02 23:53:30,Delhi,merchant_payment,DEV330,0
TXN106800,USER2800,125067.45,2025-01-23 11:12:30,Pune,merchant_payment,DEV561,0
TXN106801,USER2359,94034.42,2025-01-28 23:49:30,Mumbai,receive,DEV326,0
TXN106802,USER4029,84583.62,2025-04-01 03:56:30,Chennai,merchant_payment,DEV656,0
TXN106803,USER2018,121008.9,2025-02-21 18:23:30,Chennai,self_transfer,DEV835,0
TXN106804,USER8882,102112.89,2025-01-30 11:08:30,Kolkata,self_transfer,DEV208,0
TXN106805,USER9704,113607.78,2025-01-09 07:20:30,Mumbai,self_transfer,DEV110,0
TXN106806,USER9952,45213.81,2025-03-14 13:36:30,Hyderabad,bill_payment,DEV294,0
TXN106807,USER1812,20413.17,2025-02-26 19:01:30,Pune,receive,DEV635,0
TXN106808,USER2480,157870.79,2025-02-19 15:15:30,Kolkata,send,DEV727,0
TXN106809,USER8730,40939.63,2025-03-22 03:04:30,Hyderabad,send,DEV772,0
TXN106810,USER5372,17870.87,2025-01-23 11:58:30,Chennai,receive,DEV238,0
TXN106811,USER7541,59364.22,2025-02-07 17:18:30,Bangalore,receive,DEV989,0
TXN106812,USER4167,57780.88,2025-02-09 14:20:30,Delhi,merchant_payment,DEV156,0
TXN106813,USER4229,103332.47,2025-04-04 03:56:30,Ahmedabad,send,DEV832,1
TXN106814,USER1039,154675.09,2025-03-30 10:07:30,Chennai,receive,DEV728,0
TXN106815,USER4472,20029.93,2025-04-02 15:54:30,Hyderabad,self_transfer,DEV383,1
TXN106816,USER7703,168853.98,2025-03-11 04:58:30,Hyderabad,receive,DEV933,0
TXN106817,USER6376,20644.48,2025-03-24 08:43:30,Kolkata,bill_payment,DEV757,0
TXN106818,USER7337,130307.74,2025-02-26 20:46:30,Chennai,self_transfer,DEV584,0
TXN106819,USER3123,193436.88,2025-01-27 23:02:30,Ahmedabad,bill_payment,DEV547,0
TXN106820,USER5864,105017.75,2025-04-05 12:51:30,Chennai,receive,DEV708,0
TXN106821,USER6724,123721.45,2025-01-31 10:36:30,Chennai,send,DEV152,0
TXN106822,USER7678,114063.53,2025-02-27 20:12:30,Bangalore,self_transfer,DEV797,0
TXN106823,USER5555,66181.46,2025-03-18 09:08:30,Mumbai,bill_payment,DEV925,0
TXN106824,USER5728,179086.56,2025-02-08 20:58:30,Delhi,receive,DEV334,0
TXN106825,USER5086,184316.29,2025-01-20 04:52:30,Kolkata,self_transfer,DEV475,0
TXN106826,USER2381,171872.26,2025-03-04 22:15:30,Hyderabad,bill_payment,DEV439,0
TXN106827,USER6994,148696.41,2025-01-19 16:11:30,Ahmedabad,send,DEV203,0
TXN106828,USER1659,129667.13,2025-01-31 18:50:30,Hyderabad,merchant_payment,DEV532,0
TXN106829,USER2087,101801.45,2025-02-10 23:29:30,Hyderabad,merchant_payment,DEV513,0
TXN106830,USER7782,9090.11,2025-01-27 01:19:30,Mumbai,send,DEV549,0
TXN106831,USER4706,157927.75,2025-02-08 22:00:30,Ahmedabad,send,DEV474,0
TXN106832,USER8600,73527.87,2025-01-28 07:38:30,Ahmedabad,self_transfer,DEV922,0
TXN106833,USER6495,100015.01,2025-04-06 10:36:30,Chennai,self_transfer,DEV776,0
TXN106834,USER6725,1313.33,2025-02-11 05:52:30,Hyderabad,merchant_payment,DEV756,0
TXN106835,USER6896,84076.34,2025-01-25 20:51:30,Hyderabad,merchant_payment,DEV716,0
TXN106836,USER2679,125242.61,2025-02-24 06:47:30,Jaipur,send,DEV156,0
TXN106837,USER3580,49003.59,2025-01-19 01:32:30,Bangalore,merchant_payment,DEV652,0
TXN106838,USER6699,129207.75,2025-02-08 00:34:30,Bangalore,receive,DEV683,0
TXN106839,USER3525,105196.21,2025-02-27 13:23:30,Mumbai,receive,DEV206,0
TXN106840,USER2463,24088.5,2025-03-20 04:12:30,Bangalore,send,DEV490,0
TXN106841,USER6846,53060.12,2025-03-21 20:34:30,Hyderabad,merchant_payment,DEV709,0
TXN106842,USER4683,188015.78,2025-02-21 06:30:30,Pune,bill_payment,DEV357,0
TXN106843,USER9890,102052.62,2025-01-19 12:06:30,Jaipur,bill_payment,DEV576,0
TXN106844,USER1185,34538.95,2025-03-26 01:57:30,Mumbai,bill_payment,DEV199,0
TXN106845,USER4573,53878.38,2025-04-02 13:45:30,Kolkata,receive,DEV468,0
TXN106846,USER6086,147144.71,2025-01-29 03:10:30,Jaipur,send,DEV112,1
TXN106847,USER1971,57201.82,2025-02-07 03:56:30,Ahmedabad,send,DEV192,0
TXN106848,USER5634,88333.22,2025-02-28 18:37:30,Kolkata,self_transfer,DEV521,0
TXN106849,USER4698,84185.0,2025-02-13 02:25:30,Jaipur,self_transfer,DEV753,0
TXN106850,USER4206,178814.81,2025-01-24 10:01:30,Bangalore,merchant_payment,DEV464,0
TXN106851,USER5506,25058.53,2025-01-13 15:48:30,Mumbai,receive,DEV749,0
TXN106852,USER3282,109690.26,2025-01-29 05:55:30,Pune,receive,DEV248,0
TXN106853,USER4936,98910.71,2025-02-22 07:34:30,Ahmedabad,send,DEV592,0
TXN106854,USER2908,7650.32,2025-02-21 07:33:30,Bangalore,self_transfer,DEV184,0
TXN106855,USER8179,5948.88,2025-02-13 20:57:30,Jaipur,merchant_payment,DEV732,0
TXN106856,USER1742,73548.5,2025-03-23 00:26:30,Pune,send,DEV565,0
TXN106857,USER1055,39109.38,2025-01-20 19:36:30,Chennai,receive,DEV668,0
TXN106858,USER4862,154106.06,2025-01-31 01:49:30,Bangalore,receive,DEV178,1
TXN106859,USER3163,120351.83,2025-02-12 00:03:30,Delhi,merchant_payment,DEV217,0
TXN106860,USER4780,115536.17,2025-01-17 04:59:30,Delhi,self_transfer,DEV135,0
TXN106861,USER6224,102242.05,2025-03-04 23:21:30,Mumbai,bill_payment,DEV508,0
TXN106862,USER4684,97935.5,2025-03-11 07:46:30,Jaipur,receive,DEV961,0
TXN106863,USER5140,123121.98,2025-02-11 17:55:30,Kolkata,receive,DEV356,0
TXN106864,USER7310,193968.05,2025-02-09 05:05:30,Kolkata,self_transfer,DEV447,0
TXN106865,USER8319,176652.03,2025-03-09 02:03:30,Jaipur,receive,DEV391,1
TXN106866,USER8239,197270.0,2025-04-02 19:07:30,Pune,send,DEV403,0
TXN106867,USER6366,117604.76,2025-03-24 21:51:30,Jaipur,send,DEV352,0
TXN106868,USER9761,160505.88,2025-03-04 12:24:30,Mumbai,merchant_payment,DEV736,0
TXN106869,USER3067,168232.33,2025-04-05 17:22:30,Jaipur,merchant_payment,DEV195,0
TXN106870,USER3779,55209.16,2025-04-01 06:53:30,Hyderabad,bill_payment,DEV774,0
TXN106871,USER7674,57081.79,2025-04-01 11:36:30,Bangalore,bill_payment,DEV489,0
TXN106872,USER5652,55076.38,2025-03-10 14:52:30,Bangalore,merchant_payment,DEV290,0
TXN106873,USER4703,176300.89,2025-01-16 03:53:30,Bangalore,send,DEV239,1
TXN106874,USER3636,31006.04,2025-01-15 08:27:30,Delhi,merchant_payment,DEV101,0
TXN106875,USER8908,154832.34,2025-01-16 08:42:30,Ahmedabad,self_transfer,DEV806,0
TXN106876,USER9002,46456.64,2025-02-03 23:02:30,Chennai,self_transfer,DEV237,0
TXN106877,USER3927,82851.54,2025-03-24 05:23:30,Hyderabad,send,DEV995,0
TXN106878,USER5654,136542.56,2025-02-01 11:09:30,Delhi,merchant_payment,DEV340,0
TXN106879,USER5104,2213.78,2025-02-21 14:20:30,Kolkata,bill_payment,DEV603,0
TXN106880,USER9679,31826.32,2025-01-16 01:16:30,Pune,send,DEV118,0
TXN106881,USER7341,113687.35,2025-02-20 20:48:30,Mumbai,send,DEV327,0
TXN106882,USER8635,185407.27,2025-01-13 07:52:30,Pune,merchant_payment,DEV650,0
TXN106883,USER8539,403.58,2025-04-01 01:42:30,Ahmedabad,bill_payment,DEV735,0
TXN106884,USER5045,194199.38,2025-03-17 04:43:30,Kolkata,self_transfer,DEV583,0
TXN106885,USER6828,59560.61,2025-03-04 03:27:30,Pune,receive,DEV205,0
TXN106886,USER9794,166419.89,2025-01-24 14:02:30,Delhi,send,DEV898,0
TXN106887,USER9443,50292.36,2025-03-21 16:38:30,Kolkata,receive,DEV910,0
TXN106888,USER3233,94691.05,2025-01-19 19:54:30,Kolkata,receive,DEV659,1
TXN106889,USER1683,82358.86,2025-03-19 02:46:30,Hyderabad,send,DEV261,0
TXN106890,USER2184,57606.27,2025-04-03 11:18:30,Hyderabad,self_transfer,DEV603,0
TXN106891,USER6783,127196.22,2025-02-24 12:51:30,Jaipur,merchant_payment,DEV309,0
TXN106892,USER8548,172566.89,2025-03-06 12:36:30,Kolkata,self_transfer,DEV890,0
TXN106893,USER9004,42899.94,2025-01-07 09:53:30,Kolkata,bill_payment,DEV361,0
TXN106894,USER1915,148935.49,2025-04-03 15:53:30,Ahmedabad,self_transfer,DEV244,0
TXN106895,USER4621,81361.22,2025-01-28 00:52:30,Delhi,self_transfer,DEV370,0
TXN106896,USER1956,91705.97,2025-03-26 00:33:30,Mumbai,merchant_payment,DEV171,0
TXN106897,USER4838,128792.94,2025-01-26 23:12:30,Ahmedabad,send,DEV803,0
TXN106898,USER4096,68903.21,2025-01-27 19:52:30,Chennai,self_transfer,DEV205,0
TXN106899,USER3627,66706.62,2025-01-10 11:12:30,Chennai,receive,DEV933,0
TXN106900,USER4516,149409.63,2025-03-30 17:08:30,Ahmedabad,receive,DEV787,0
TXN106901,USER1716,119556.0,2025-03-14 01:09:30,Mumbai,send,DEV487,1
TXN106902,USER1023,25332.66,2025-01-16 21:22:30,Hyderabad,merchant_payment,DEV443,0
TXN106903,USER6192,17426.54,2025-03-06 08:28:30,Kolkata,bill_payment,DEV654,0
TXN106904,USER1370,95718.64,2025-01-07 14:16:30,Hyderabad,bill_payment,DEV676,0
TXN106905,USER8989,103493.87,2025-04-04 21:31:30,Hyderabad,bill_payment,DEV214,0
TXN106906,USER9827,174848.68,2025-02-22 03:05:30,Mumbai,send,DEV768,1
TXN106907,USER2024,174215.23,2025-01-18 05:38:30,Pune,merchant_payment,DEV359,0
TXN106908,USER8338,157979.5,2025-03-19 01:03:30,Delhi,bill_payment,DEV801,1
TXN106909,USER5207,122138.45,2025-02-01 23:29:30,Bangalore,send,DEV654,0
TXN106910,USER4137,149268.53,2025-02-01 13:25:30,Hyderabad,merchant_payment,DEV851,0
TXN106911,USER1954,104297.67,2025-01-19 07:36:30,Hyderabad,send,DEV424,0
TXN106912,USER1983,10742.77,2025-02-04 23:14:30,Bangalore,bill_payment,DEV286,0
TXN106913,USER4692,186194.78,2025-02-18 10:14:30,Chennai,bill_payment,DEV737,0
TXN106914,USER4427,189071.71,2025-02-16 07:23:30,Jaipur,bill_payment,DEV680,0
TXN106915,USER9149,69228.41,2025-01-11 09:56:30,Delhi,bill_payment,DEV202,0
TXN106916,USER1895,182695.47,2025-02-15 14:56:30,Jaipur,receive,DEV192,0
TXN106917,USER6404,62299.95,2025-03-05 07:13:30,Kolkata,send,DEV262,0
TXN106918,USER3627,20824.59,2025-02-01 01:47:30,Mumbai,send,DEV512,0
TXN106919,USER7438,138722.73,2025-03-24 18:15:30,Pune,merchant_payment,DEV877,0
TXN106920,USER8855,150050.72,2025-03-11 10:39:30,Bangalore,merchant_payment,DEV646,0
TXN106921,USER2605,46120.28,2025-01-26 07:21:30,Hyderabad,send,DEV385,0
TXN106922,USER5979,48387.86,2025-01-20 02:00:30,Mumbai,self_transfer,DEV516,0
TXN106923,USER2404,8932.05,2025-01-26 14:49:30,Delhi,send,DEV296,0
TXN106924,USER7479,94362.8,2025-01-25 09:12:30,Pune,send,DEV289,0
TXN106925,USER7756,129103.37,2025-03-05 01:06:30,Chennai,bill_payment,DEV266,1
TXN106926,USER4475,135993.78,2025-01-30 15:25:30,Mumbai,receive,DEV970,0
TXN106927,USER2929,116540.38,2025-02-16 08:53:30,Hyderabad,receive,DEV280,0
TXN106928,USER9428,19182.74,2025-04-03 05:37:30,Delhi,receive,DEV314,0
TXN106929,USER6761,5946.46,2025-02-22 07:14:30,Delhi,receive,DEV469,0
TXN106930,USER3472,89395.39,2025-02-10 16:55:30,Hyderabad,bill_payment,DEV441,0
TXN106931,USER7220,59082.47,2025-02-02 18:39:30,Mumbai,self_transfer,DEV789,0
TXN106932,USER5428,85308.93,2025-01-26 06:03:30,Hyderabad,merchant_payment,DEV564,0
TXN106933,USER6352,126316.27,2025-02-07 08:49:30,Pune,self_transfer,DEV267,0
TXN106934,USER7447,53326.87,2025-02-05 22:28:30,Mumbai,receive,DEV977,0
TXN106935,USER9804,185641.4,2025-01-08 22:30:30,Jaipur,receive,DEV184,0
TXN106936,USER1401,182277.31,2025-03-27 14:55:30,Kolkata,bill_payment,DEV509,0
TXN106937,USER5520,195969.45,2025-03-14 20:38:30,Mumbai,send,DEV635,0
TXN106938,USER2824,13888.58,2025-01-11 06:41:30,Hyderabad,send,DEV607,0
TXN106939,USER3866,77480.17,2025-02-24 04:45:30,Kolkata,send,DEV211,0
TXN106940,USER8865,34962.63,2025-03-19 21:17:30,Hyderabad,self_transfer,DEV780,0
TXN106941,USER5869,168365.13,2025-03-25 11:40:30,Mumbai,self_transfer,DEV735,0
TXN106942,USER6003,196861.48,2025-04-01 01:14:30,Chennai,self_transfer,DEV102,1
TXN106943,USER1330,36751.27,2025-03-23 11:09:30,Pune,merchant_payment,DEV235,0
TXN106944,USER3645,15303.29,2025-01-26 11:28:30,Jaipur,bill_payment,DEV144,0
TXN106945,USER6034,190354.02,2025-03-29 10:05:30,Ahmedabad,self_transfer,DEV550,0
TXN106946,USER5197,34567.03,2025-01-27 22:04:30,Delhi,merchant_payment,DEV391,0
TXN106947,USER2250,2948.32,2025-01-21 05:41:30,Jaipur,receive,DEV147,0
TXN106948,USER7190,9372.83,2025-03-27 20:01:30,Mumbai,receive,DEV172,0
TXN106949,USER4099,74926.6,2025-01-15 10:47:30,Hyderabad,bill_payment,DEV279,0
TXN106950,USER9055,1640.19,2025-03-13 10:18:30,Mumbai,merchant_payment,DEV579,0
TXN106951,USER1680,67886.6,2025-02-15 21:45:30,Kolkata,self_transfer,DEV498,0
TXN106952,USER7183,69651.64,2025-01-28 07:05:30,Ahmedabad,send,DEV968,0
TXN106953,USER6069,73944.13,2025-01-19 11:56:30,Ahmedabad,send,DEV993,0
TXN106954,USER9316,175654.7,2025-03-20 22:43:30,Ahmedabad,merchant_payment,DEV538,0
TXN106955,USER5351,189114.2,2025-04-06 10:33:30,Chennai,merchant_payment,DEV586,0
TXN106956,USER4623,192582.03,2025-01-20 16:30:30,Kolkata,self_transfer,DEV536,0
TXN106957,USER4769,59059.72,2025-01-14 04:31:30,Jaipur,bill_payment,DEV726,0
TXN106958,USER6691,103879.78,2025-02-11 04:39:30,Chennai,merchant_payment,DEV633,0
TXN106959,USER9796,181032.63,2025-01-08 08:00:30,Chennai,self_transfer,DEV928,0
TXN106960,USER7650,154707.9,2025-03-06 19:08:30,Kolkata,receive,DEV842,0
TXN106961,USER8508,82652.0,2025-04-06 12:11:30,Mumbai,merchant_payment,DEV270,0
TXN106962,USER8902,174693.25,2025-03-26 02:47:30,Ahmedabad,self_transfer,DEV917,1
TXN106963,USER7494,36024.22,2025-02-19 18:04:30,Delhi,merchant_payment,DEV346,0
TXN106964,USER8458,104926.75,2025-02-06 14:29:30,Bangalore,merchant_payment,DEV246,0
TXN106965,USER1703,164985.92,2025-03-29 19:26:30,Bangalore,bill_payment,DEV377,0
TXN106966,USER6507,150553.87,2025-01-31 12:18:30,Hyderabad,send,DEV386,0
TXN106967,USER8076,189388.44,2025-02-27 02:28:30,Mumbai,send,DEV886,1
TXN106968,USER1458,80105.04,2025-02-22 12:10:30,Hyderabad,send,DEV498,0
TXN106969,USER1288,37051.92,2025-01-08 22:16:30,Bangalore,merchant_payment,DEV504,0
TXN106970,USER5207,114442.15,2025-02-08 01:43:30,Delhi,bill_payment,DEV382,1
TXN106971,USER6493,96171.22,2025-03-28 18:32:30,Kolkata,bill_payment,DEV444,0
TXN106972,USER2014,192421.86,2025-02-14 20:14:30,Pune,send,DEV317,0
TXN106973,USER2721,147099.23,2025-01-14 06:44:30,Jaipur,self_transfer,DEV927,0
TXN106974,USER7043,140246.86,2025-02-08 17:23:30,Ahmedabad,merchant_payment,DEV840,0
TXN106975,USER2872,99355.45,2025-02-05 08:24:30,Bangalore,self_transfer,DEV679,0
TXN106976,USER4068,116022.53,2025-02-26 23:39:30,Mumbai,receive,DEV410,0
TXN106977,USER1058,65570.47,2025-03-06 15:37:30,Delhi,receive,DEV657,0
TXN106978,USER5781,14883.51,2025-01-26 13:16:30,Mumbai,merchant_payment,DEV824,0
TXN106979,USER8000,197421.28,2025-03-24 22:23:30,Kolkata,self_transfer,DEV337,0
TXN106980,USER8340,101932.35,2025-01-07 02:03:30,Chennai,send,DEV123,1
TXN106981,USER6227,168564.36,2025-03-28 15:31:30,Pune,receive,DEV409,0
TXN106982,USER6310,130553.51,2025-02-28 08:31:30,Pune,send,DEV909,0
TXN106983,USER2166,104713.26,2025-02-05 01:41:30,Delhi,receive,DEV716,1
TXN106984,USER7547,163896.33,2025-03-18 22:45:30,Kolkata,receive,DEV634,0
TXN106985,USER1048,87066.65,2025-04-07 05:26:30,Kolkata,merchant_payment,DEV128,0
TXN106986,USER2485,6544.25,2025-02-02 18:01:30,Ahmedabad,bill_payment,DEV573,0
TXN106987,USER7104,53571.63,2025-03-02 10:24:30,Chennai,receive,DEV161,0
TXN106988,USER6967,130333.54,2025-03-16 09:16:30,Jaipur,merchant_payment,DEV958,0
TXN106989,USER5610,144534.31,2025-02-01 11:08:30,Bangalore,merchant_payment,DEV273,0
TXN106990,USER7376,16602.98,2025-03-16 03:30:30,Pune,self_transfer,DEV259,0
TXN106991,USER8744,97814.77,2025-01-14 11:10:30,Ahmedabad,bill_payment,DEV812,0
TXN106992,USER6504,55802.91,2025-01-12 02:13:30,Hyderabad,merchant_payment,DEV282,0
TXN106993,USER9761,185734.24,2025-02-21 15:23:30,Chennai,merchant_payment,DEV107,0
TXN106994,USER1758,31662.4,2025-02-12 20:12:30,Bangalore,send,DEV743,0
TXN106995,USER4220,182500.93,2025-03-16 20:37:30,Ahmedabad,bill_payment,DEV699,0
TXN106996,USER9756,199049.54,2025-02-09 09:19:30,Chennai,merchant_payment,DEV371,0
TXN106997,USER7003,39072.55,2025-03-24 23:56:30,Ahmedabad,merchant_payment,DEV679,0
TXN106998,USER5218,90809.19,2025-03-31 15:47:30,Chennai,send,DEV591,0
TXN106999,USER6928,32846.31,2025-02-24 09:15:30,Delhi,receive,DEV512,0
TXN107000,USER9996,130898.65,2025-02-20 15:05:30,Pune,bill_payment,DEV208,0
TXN107001,USER9751,172158.88,2025-03-29 17:45:30,Delhi,receive,DEV104,0
TXN107002,USER2548,197180.12,2025-01-25 10:08:30,Delhi,bill_payment,DEV388,0
TXN107003,USER1432,175726.64,2025-03-11 12:15:30,Hyderabad,bill_payment,DEV478,0
TXN107004,USER4602,93902.85,2025-01-20 04:22:30,Bangalore,bill_payment,DEV885,0
TXN107005,USER1178,54578.75,2025-04-03 15:09:30,Pune,merchant_payment,DEV209,0
TXN107006,USER2676,29495.18,2025-02-17 06:11:30,Hyderabad,receive,DEV512,0
TXN107007,USER1416,196644.36,2025-02-13 11:57:30,Delhi,receive,DEV433,0
TXN107008,USER7502,35350.41,2025-03-12 02:15:30,Mumbai,receive,DEV391,0
TXN107009,USER5793,35391.45,2025-02-04 09:40:30,Hyderabad,self_transfer,DEV924,0
TXN107010,USER7220,102739.71,2025-01-27 04:15:30,Ahmedabad,receive,DEV740,0
TXN107011,USER5137,10613.0,2025-01-28 08:37:30,Delhi,self_transfer,DEV573,0
TXN107012,USER6961,97022.73,2025-04-01 01:46:30,Ahmedabad,self_transfer,DEV785,0
TXN107013,USER8756,164980.47,2025-01-10 06:13:30,Hyderabad,merchant_payment,DEV727,0
TXN107014,USER7178,91551.04,2025-01-28 17:04:30,Hyderabad,merchant_payment,DEV604,0
TXN107015,USER4739,127632.15,2025-02-01 02:41:30,Bangalore,merchant_payment,DEV971,1
TXN107016,USER5833,69609.89,2025-03-10 04:23:30,Ahmedabad,bill_payment,DEV948,0
TXN107017,USER1270,192594.38,2025-04-02 15:43:30,Delhi,self_transfer,DEV718,0
TXN107018,USER9347,106069.31,2025-01-10 05:13:30,Jaipur,send,DEV454,0
TXN107019,USER7722,117296.51,2025-01-12 23:32:30,Hyderabad,bill_payment,DEV577,0
TXN107020,USER6179,6387.33,2025-02-24 21:35:30,Chennai,self_transfer,DEV451,0
TXN107021,USER4431,42762.23,2025-02-18 13:50:30,Jaipur,send,DEV342,0
TXN107022,USER7883,186415.17,2025-01-27 09:26:30,Pune,send,DEV895,0
TXN107023,USER8025,158481.65,2025-04-06 19:18:30,Pune,send,DEV432,0
TXN107024,USER7465,113941.71,2025-03-08 12:27:30,Kolkata,merchant_payment,DEV826,0
TXN107025,USER5494,61792.2,2025-02-18 18:31:30,Bangalore,receive,DEV308,0
TXN107026,USER7336,20312.45,2025-03-03 10:16:30,Hyderabad,receive,DEV129,0
TXN107027,USER3337,192007.9,2025-02-13 22:49:30,Chennai,self_transfer,DEV785,0
TXN107028,USER4282,15411.93,2025-04-03 01:32:30,Chennai,bill_payment,DEV166,0
TXN107029,USER8086,66043.15,2025-03-21 01:56:30,Delhi,merchant_payment,DEV190,0
TXN107030,USER8235,17030.17,2025-03-30 18:22:30,Chennai,bill_payment,DEV556,0
TXN107031,USER6670,181253.75,2025-02-21 05:43:30,Delhi,receive,DEV454,0
TXN107032,USER4534,47816.47,2025-03-28 10:35:30,Pune,send,DEV254,0
TXN107033,USER6069,150204.34,2025-03-21 23:51:30,Kolkata,send,DEV355,0
TXN107034,USER9234,57581.27,2025-01-28 23:03:30,Kolkata,bill_payment,DEV233,0
TXN107035,USER6968,18517.1,2025-01-21 12:18:30,Jaipur,send,DEV700,0
TXN107036,USER8768,57262.77,2025-01-08 14:53:30,Kolkata,merchant_payment,DEV992,0
TXN107037,USER2502,192502.92,2025-02-08 23:28:30,Kolkata,bill_payment,DEV628,0
TXN107038,USER5864,167971.92,2025-04-05 00:25:30,Bangalore,self_transfer,DEV451,0
TXN107039,USER9263,193137.72,2025-02-13 05:38:30,Jaipur,send,DEV243,0
TXN107040,USER2363,104756.92,2025-01-31 10:46:30,Kolkata,self_transfer,DEV816,0
TXN107041,USER4226,32691.68,2025-02-09 08:52:30,Pune,self_transfer,DEV762,0
TXN107042,USER1994,164181.36,2025-03-21 18:23:30,Hyderabad,bill_payment,DEV547,0
TXN107043,USER6310,78855.24,2025-03-17 13:31:30,Ahmedabad,bill_payment,DEV542,0
TXN107044,USER7798,177289.81,2025-03-21 00:59:30,Pune,self_transfer,DEV344,0
TXN107045,USER8115,33303.0,2025-01-28 14:07:30,Mumbai,send,DEV369,0
TXN107046,USER1482,95471.7,2025-02-12 16:56:30,Delhi,receive,DEV849,0
TXN107047,USER6336,178102.84,2025-03-20 10:01:30,Mumbai,send,DEV458,0
TXN107048,USER6307,12378.55,2025-01-13 07:31:30,Jaipur,merchant_payment,DEV476,0
TXN107049,USER1370,150116.38,2025-01-30 07:29:30,Chennai,self_transfer,DEV619,0
TXN107050,USER3305,42398.19,2025-02-14 03:13:30,Bangalore,self_transfer,DEV163,0
TXN107051,USER2702,160452.56,2025-03-14 22:14:30,Bangalore,receive,DEV661,0
TXN107052,USER5381,167342.13,2025-02-16 13:13:30,Bangalore,send,DEV824,0
TXN107053,USER5643,10665.92,2025-03-21 23:16:30,Delhi,send,DEV992,0
TXN107054,USER3326,180608.61,2025-04-06 17:53:30,Chennai,send,DEV551,0
TXN107055,USER6243,12394.42,2025-01-22 14:10:30,Bangalore,merchant_payment,DEV863,0
TXN107056,USER2030,90789.03,2025-03-30 13:40:30,Pune,send,DEV612,0
TXN107057,USER5118,98310.16,2025-03-02 07:42:30,Delhi,merchant_payment,DEV916,0
TXN107058,USER4249,19645.47,2025-02-11 17:53:30,Ahmedabad,merchant_payment,DEV963,0
TXN107059,USER1006,73666.34,2025-03-06 06:11:30,Kolkata,merchant_payment,DEV127,1
TXN107060,USER9996,78118.1,2025-02-16 18:11:30,Kolkata,self_transfer,DEV790,0
TXN107061,USER5780,128431.34,2025-03-08 06:38:30,Delhi,receive,DEV277,0
TXN107062,USER7722,177960.63,2025-02-06 00:20:30,Chennai,merchant_payment,DEV578,0
TXN107063,USER5897,170403.32,2025-02-16 20:31:30,Mumbai,merchant_payment,DEV863,0
TXN107064,USER9407,192364.2,2025-02-13 03:08:30,Ahmedabad,merchant_payment,DEV610,1
TXN107065,USER4391,19791.66,2025-02-09 20:52:30,Pune,merchant_payment,DEV587,0
TXN107066,USER4603,169106.12,2025-03-07 02:39:30,Kolkata,merchant_payment,DEV913,1
TXN107067,USER5016,40712.44,2025-01-20 16:03:30,Delhi,send,DEV227,0
TXN107068,USER4847,378.01,2025-01-20 14:03:30,Chennai,merchant_payment,DEV839,0
TXN107069,USER9715,124050.56,2025-01-21 14:42:30,Hyderabad,send,DEV140,0
TXN107070,USER7504,151238.59,2025-03-21 15:22:30,Chennai,send,DEV746,0
TXN107071,USER4398,12565.31,2025-02-10 19:04:30,Hyderabad,bill_payment,DEV628,0
TXN107072,USER8101,71741.9,2025-04-01 21:25:30,Jaipur,receive,DEV496,0
TXN107073,USER9446,68223.91,2025-03-03 18:29:30,Jaipur,receive,DEV380,0
TXN107074,USER7464,177589.45,2025-03-06 16:00:30,Chennai,self_transfer,DEV294,0
TXN107075,USER2270,72146.16,2025-03-15 02:08:30,Hyderabad,bill_payment,DEV434,0
TXN107076,USER9949,146692.37,2025-01-27 20:09:30,Kolkata,bill_payment,DEV840,0
TXN107077,USER3246,184757.84,2025-01-30 21:14:30,Bangalore,bill_payment,DEV702,0
TXN107078,USER6630,143294.0,2025-02-09 05:00:30,Mumbai,send,DEV663,0
TXN107079,USER4971,156332.28,2025-02-09 08:23:30,Bangalore,receive,DEV953,0
TXN107080,USER5558,51965.86,2025-02-25 10:52:30,Kolkata,bill_payment,DEV610,0
TXN107081,USER6096,85180.12,2025-01-12 18:14:30,Pune,self_transfer,DEV108,0
TXN107082,USER5993,97783.41,2025-01-16 22:21:30,Hyderabad,self_transfer,DEV334,0
TXN107083,USER4954,4547.31,2025-03-31 15:10:30,Chennai,self_transfer,DEV801,0
TXN107084,USER9081,148043.79,2025-01-17 23:40:30,Delhi,receive,DEV966,0
TXN107085,USER1931,89586.77,2025-01-10 01:01:30,Kolkata,merchant_payment,DEV307,0
TXN107086,USER2286,37579.87,2025-03-16 04:54:30,Mumbai,self_transfer,DEV937,1
TXN107087,USER8796,162218.61,2025-03-20 19:46:30,Pune,send,DEV720,0
TXN107088,USER1310,106803.19,2025-01-31 17:34:30,Chennai,merchant_payment,DEV283,0
TXN107089,USER4542,46239.39,2025-03-22 23:32:30,Jaipur,self_transfer,DEV841,0
TXN107090,USER6756,9912.21,2025-03-17 18:38:30,Pune,send,DEV965,0
TXN107091,USER3810,120791.11,2025-01-26 00:22:30,Delhi,self_transfer,DEV452,0
TXN107092,USER4552,99550.72,2025-02-14 08:24:30,Chennai,merchant_payment,DEV193,0
TXN107093,USER4951,70878.45,2025-02-25 18:59:30,Chennai,receive,DEV687,0
TXN107094,USER4089,27134.84,2025-01-21 16:48:30,Jaipur,bill_payment,DEV700,0
TXN107095,USER2351,134044.88,2025-01-22 11:46:30,Chennai,bill_payment,DEV489,0
TXN107096,USER3372,103069.27,2025-02-10 10:59:30,Bangalore,send,DEV698,0
TXN107097,USER9333,17765.44,2025-03-26 02:33:30,Hyderabad,merchant_payment,DEV800,0
TXN107098,USER9483,184242.18,2025-02-09 02:44:30,Kolkata,merchant_payment,DEV149,1
TXN107099,USER5100,30445.7,2025-03-29 10:35:30,Pune,receive,DEV146,0
TXN107100,USER4754,86027.36,2025-02-17 15:43:30,Ahmedabad,send,DEV603,0
TXN107101,USER5336,22011.94,2025-01-27 18:55:30,Pune,self_transfer,DEV124,0
TXN107102,USER4591,83631.04,2025-01-20 06:46:30,Jaipur,send,DEV482,0
TXN107103,USER2773,106746.05,2025-01-25 03:23:30,Ahmedabad,self_transfer,DEV320,1
TXN107104,USER9445,151752.89,2025-03-04 04:57:30,Kolkata,send,DEV586,0
TXN107105,USER3465,66463.62,2025-01-22 02:14:30,Delhi,send,DEV367,0
TXN107106,USER7154,106103.2,2025-01-13 11:09:30,Hyderabad,self_transfer,DEV617,0
TXN107107,USER4040,17626.4,2025-02-10 08:48:30,Mumbai,send,DEV211,0
TXN107108,USER4984,81057.96,2025-03-17 19:17:30,Bangalore,send,DEV841,0
TXN107109,USER6050,112892.29,2025-01-13 15:25:30,Mumbai,self_transfer,DEV736,0
TXN107110,USER9332,135428.8,2025-03-21 02:18:30,Kolkata,send,DEV360,1
TXN107111,USER9749,106114.82,2025-01-18 06:25:30,Delhi,send,DEV334,0
TXN107112,USER1295,32313.23,2025-01-30 02:44:30,Ahmedabad,merchant_payment,DEV649,0
TXN107113,USER6497,107497.12,2025-03-25 04:25:30,Hyderabad,self_transfer,DEV622,0
TXN107114,USER4690,76840.21,2025-02-08 16:54:30,Bangalore,send,DEV525,0
TXN107115,USER6762,119839.79,2025-02-19 15:39:30,Kolkata,receive,DEV791,0
TXN107116,USER5342,199812.06,2025-03-04 19:32:30,Hyderabad,receive,DEV525,0
TXN107117,USER5297,137102.27,2025-01-12 00:40:30,Chennai,send,DEV157,0
TXN107118,USER6508,23874.73,2025-01-06 23:35:30,Jaipur,self_transfer,DEV572,0
TXN107119,USER5464,37236.54,2025-02-27 08:46:30,Bangalore,merchant_payment,DEV848,0
TXN107120,USER8810,151418.88,2025-04-04 03:27:30,Kolkata,bill_payment,DEV774,1
TXN107121,USER1439,71071.26,2025-02-02 15:30:30,Bangalore,bill_payment,DEV478,0
TXN107122,USER9519,134335.82,2025-01-31 10:55:30,Mumbai,send,DEV157,0
TXN107123,USER3846,155616.8,2025-01-28 07:14:30,Kolkata,receive,DEV520,0
TXN107124,USER2017,22227.75,2025-01-12 23:31:30,Ahmedabad,receive,DEV782,0
TXN107125,USER6603,49472.47,2025-02-28 18:06:30,Bangalore,receive,DEV609,0
TXN107126,USER8679,195130.84,2025-01-15 19:31:30,Bangalore,receive,DEV661,0
TXN107127,USER9528,192684.22,2025-01-12 03:47:30,Bangalore,bill_payment,DEV526,1
TXN107128,USER6397,146260.6,2025-01-10 14:00:30,Ahmedabad,self_transfer,DEV235,0
TXN107129,USER1327,97040.3,2025-02-28 18:41:30,Ahmedabad,merchant_payment,DEV675,0
TXN107130,USER3830,35218.34,2025-02-05 04:57:30,Kolkata,merchant_payment,DEV617,0
TXN107131,USER5831,172945.47,2025-01-31 12:55:30,Pune,merchant_payment,DEV407,1
TXN107132,USER6162,14618.21,2025-02-25 13:43:30,Ahmedabad,send,DEV464,0
TXN107133,USER8340,2296.36,2025-04-01 00:18:30,Delhi,merchant_payment,DEV389,0
TXN107134,USER7119,54046.3,2025-03-15 02:58:30,Pune,send,DEV330,0
TXN107135,USER6133,168079.96,2025-01-16 00:30:30,Hyderabad,merchant_payment,DEV992,0
TXN107136,USER4225,139458.76,2025-03-26 00:12:30,Jaipur,send,DEV954,0
TXN107137,USER9906,108124.01,2025-03-24 05:16:30,Pune,send,DEV198,0
TXN107138,USER2889,137406.22,2025-03-14 07:04:30,Kolkata,merchant_payment,DEV133,0
TXN107139,USER2576,94410.56,2025-03-05 11:31:30,Mumbai,bill_payment,DEV337,0
TXN107140,USER2773,71445.73,2025-01-25 09:55:30,Kolkata,merchant_payment,DEV874,0
TXN107141,USER4690,101035.98,2025-03-29 00:21:30,Delhi,bill_payment,DEV617,0
TXN107142,USER7564,11216.73,2025-03-16 09:59:30,Chennai,receive,DEV516,0
TXN107143,USER7768,34387.51,2025-01-19 22:19:30,Chennai,self_transfer,DEV739,0
TXN107144,USER7860,124020.96,2025-02-01 07:13:30,Kolkata,self_transfer,DEV688,0
TXN107145,USER8765,29400.14,2025-03-16 15:27:30,Pune,bill_payment,DEV680,0
TXN107146,USER3746,102783.45,2025-03-03 02:29:30,Mumbai,send,DEV215,1
TXN107147,USER8258,175963.05,2025-03-30 05:27:30,Jaipur,receive,DEV867,0
TXN107148,USER1032,196936.52,2025-01-19 14:24:30,Pune,send,DEV536,0
TXN107149,USER2568,73250.09,2025-03-23 08:08:30,Delhi,merchant_payment,DEV382,0
TXN107150,USER3296,78693.61,2025-04-05 09:24:30,Kolkata,bill_payment,DEV973,0
TXN107151,USER6769,74402.05,2025-02-05 13:24:30,Pune,merchant_payment,DEV486,0
TXN107152,USER5185,155771.76,2025-02-24 07:21:30,Hyderabad,self_transfer,DEV713,0
TXN107153,USER6141,186171.93,2025-03-28 18:26:30,Jaipur,merchant_payment,DEV152,0
TXN107154,USER2873,151820.53,2025-01-17 10:55:30,Kolkata,send,DEV626,0
TXN107155,USER3264,48929.47,2025-03-04 02:39:30,Bangalore,self_transfer,DEV549,0
TXN107156,USER8296,159109.6,2025-01-13 13:05:30,Jaipur,send,DEV965,0
TXN107157,USER8319,98399.37,2025-04-03 19:34:30,Delhi,send,DEV509,0
TXN107158,USER1845,150664.72,2025-01-07 14:14:30,Jaipur,self_transfer,DEV141,0
TXN107159,USER8456,52149.17,2025-04-06 23:09:30,Chennai,self_transfer,DEV869,0
TXN107160,USER2826,28732.04,2025-03-03 02:53:30,Chennai,merchant_payment,DEV743,0
TXN107161,USER1257,56010.46,2025-01-19 17:12:30,Hyderabad,bill_payment,DEV621,0
TXN107162,USER8514,117760.2,2025-04-05 02:07:30,Jaipur,merchant_payment,DEV387,1
TXN107163,USER8201,125228.07,2025-01-13 04:19:30,Chennai,merchant_payment,DEV593,0
TXN107164,USER5667,191915.75,2025-03-01 17:52:30,Chennai,bill_payment,DEV145,0
TXN107165,USER6295,95994.82,2025-03-21 20:38:30,Chennai,self_transfer,DEV100,0
TXN107166,USER9943,39389.77,2025-02-25 18:04:30,Hyderabad,receive,DEV482,0
TXN107167,USER6736,61074.5,2025-03-26 05:33:30,Kolkata,send,DEV798,0
TXN107168,USER1090,177714.17,2025-02-02 07:07:30,Ahmedabad,receive,DEV739,0
TXN107169,USER9983,26985.54,2025-01-15 19:54:30,Kolkata,send,DEV197,0
TXN107170,USER2993,166238.43,2025-01-13 13:20:30,Delhi,receive,DEV790,0
TXN107171,USER6565,61200.48,2025-02-23 11:01:30,Jaipur,merchant_payment,DEV593,0
TXN107172,USER9480,13706.35,2025-03-25 17:00:30,Hyderabad,bill_payment,DEV810,0
TXN107173,USER5912,96952.73,2025-02-26 17:40:30,Mumbai,bill_payment,DEV416,0
TXN107174,USER4923,150408.57,2025-02-04 19:54:30,Jaipur,bill_payment,DEV814,0
TXN107175,USER1783,4688.84,2025-03-21 11:24:30,Pune,self_transfer,DEV309,0
TXN107176,USER5571,51257.64,2025-03-16 15:27:30,Ahmedabad,merchant_payment,DEV402,0
TXN107177,USER6516,122551.07,2025-01-24 00:22:30,Bangalore,send,DEV237,0
TXN107178,USER3053,74223.27,2025-03-17 19:23:30,Ahmedabad,merchant_payment,DEV880,0
TXN107179,USER6401,104495.55,2025-01-19 02:20:30,Hyderabad,self_transfer,DEV391,1
TXN107180,USER4740,64655.38,2025-02-11 11:32:30,Mumbai,send,DEV373,0
TXN107181,USER4776,100028.67,2025-02-11 05:08:30,Ahmedabad,merchant_payment,DEV910,0
TXN107182,USER8345,190296.72,2025-03-23 06:03:30,Ahmedabad,merchant_payment,DEV518,0
TXN107183,USER4332,96672.58,2025-04-05 09:03:30,Ahmedabad,merchant_payment,DEV242,0
TXN107184,USER8976,103661.32,2025-03-13 05:51:30,Delhi,self_transfer,DEV106,0
TXN107185,USER2264,147205.37,2025-03-17 20:42:30,Chennai,bill_payment,DEV676,0
TXN107186,USER2146,198214.63,2025-03-01 18:56:30,Hyderabad,merchant_payment,DEV252,0
TXN107187,USER9373,98462.37,2025-01-08 16:47:30,Ahmedabad,merchant_payment,DEV849,0
TXN107188,USER1362,157804.03,2025-01-31 06:05:30,Bangalore,self_transfer,DEV639,0
TXN107189,USER3251,85271.61,2025-02-16 06:15:30,Bangalore,bill_payment,DEV742,0
TXN107190,USER1505,176495.17,2025-03-19 09:16:30,Kolkata,send,DEV915,0
TXN107191,USER9619,108159.89,2025-01-16 10:11:30,Jaipur,receive,DEV587,0
TXN107192,USER6074,107710.02,2025-01-12 07:03:30,Ahmedabad,bill_payment,DEV468,0
TXN107193,USER7985,143592.37,2025-03-11 13:41:30,Hyderabad,bill_payment,DEV764,0
TXN107194,USER8637,116756.45,2025-03-26 18:58:30,Mumbai,self_transfer,DEV139,0
TXN107195,USER9064,113545.29,2025-02-26 12:46:30,Delhi,self_transfer,DEV488,0
TXN107196,USER9192,30492.78,2025-03-14 16:44:30,Hyderabad,send,DEV790,0
TXN107197,USER7799,56689.7,2025-03-25 02:33:30,Chennai,receive,DEV127,0
TXN107198,USER7516,129878.2,2025-02-05 21:14:30,Ahmedabad,self_transfer,DEV408,0
TXN107199,USER2044,55143.79,2025-01-13 14:34:30,Pune,bill_payment,DEV791,0
TXN107200,USER3042,159587.47,2025-03-29 17:22:30,Chennai,merchant_payment,DEV248,0
TXN107201,USER7216,1324.36,2025-01-26 03:09:30,Kolkata,merchant_payment,DEV288,0
TXN107202,USER2076,24943.69,2025-02-18 01:59:30,Pune,bill_payment,DEV998,0
TXN107203,USER1494,113879.98,2025-02-06 13:19:30,Pune,receive,DEV865,0
TXN107204,USER5803,119567.87,2025-03-27 04:17:30,Jaipur,bill_payment,DEV417,0
TXN107205,USER4946,11406.06,2025-03-04 09:58:30,Hyderabad,receive,DEV476,0
TXN107206,USER7561,130553.6,2025-03-02 23:18:30,Delhi,self_transfer,DEV833,0
TXN107207,USER2195,188157.55,2025-01-08 17:07:30,Mumbai,receive,DEV536,0
TXN107208,USER2979,52447.13,2025-04-03 03:47:30,Jaipur,receive,DEV900,0
TXN107209,USER9227,13697.96,2025-02-21 22:30:30,Bangalore,bill_payment,DEV113,0
TXN107210,USER7605,153754.68,2025-03-16 06:42:30,Jaipur,send,DEV817,0
TXN107211,USER9530,74400.11,2025-02-07 23:35:30,Pune,send,DEV444,0
TXN107212,USER5946,152737.9,2025-01-15 19:14:30,Pune,bill_payment,DEV324,0
TXN107213,USER6427,160133.53,2025-04-04 16:07:30,Bangalore,send,DEV234,0
TXN107214,USER9897,30962.17,2025-03-18 04:40:30,Mumbai,receive,DEV685,0
TXN107215,USER1748,185163.1,2025-03-08 19:20:30,Pune,bill_payment,DEV255,0
TXN107216,USER7110,103734.25,2025-01-19 12:21:30,Mumbai,receive,DEV127,0
TXN107217,USER1397,158283.37,2025-03-05 18:26:30,Kolkata,send,DEV243,0
TXN107218,USER7773,41121.83,2025-01-13 10:16:30,Chennai,send,DEV172,0
TXN107219,USER3434,17877.01,2025-03-06 11:43:30,Kolkata,receive,DEV940,0
TXN107220,USER1583,193071.04,2025-03-25 05:13:30,Delhi,receive,DEV737,0
TXN107221,USER1632,130050.76,2025-01-29 17:44:30,Delhi,receive,DEV194,0
TXN107222,USER4071,186499.58,2025-03-23 18:23:30,Bangalore,self_transfer,DEV454,0
TXN107223,USER4498,75368.21,2025-01-14 22:46:30,Jaipur,self_transfer,DEV930,0
TXN107224,USER6428,115360.81,2025-03-22 02:42:30,Pune,bill_payment,DEV579,1
TXN107225,USER2157,8395.62,2025-01-06 16:07:30,Kolkata,receive,DEV681,0
TXN107226,USER1097,86049.11,2025-02-08 20:12:30,Pune,send,DEV404,0
TXN107227,USER5085,194458.88,2025-03-01 04:53:30,Ahmedabad,merchant_payment,DEV733,0
TXN107228,USER7128,35390.88,2025-02-26 17:30:30,Bangalore,bill_payment,DEV820,0
TXN107229,USER1689,189816.14,2025-02-03 14:36:30,Ahmedabad,bill_payment,DEV223,0
TXN107230,USER4924,13458.82,2025-01-10 12:30:30,Pune,self_transfer,DEV568,0
TXN107231,USER9137,192138.37,2025-01-08 08:28:30,Mumbai,bill_payment,DEV899,0
TXN107232,USER7753,191521.31,2025-03-13 12:29:30,Mumbai,bill_payment,DEV852,0
TXN107233,USER4409,159594.11,2025-02-21 03:21:30,Bangalore,self_transfer,DEV729,1
TXN107234,USER8984,3869.71,2025-03-20 20:53:30,Hyderabad,receive,DEV293,0
TXN107235,USER3419,22277.31,2025-02-07 20:47:30,Kolkata,self_transfer,DEV488,0
TXN107236,USER1468,5979.73,2025-02-23 22:29:30,Kolkata,merchant_payment,DEV750,0
TXN107237,USER1157,17506.11,2025-02-14 07:16:30,Bangalore,receive,DEV420,0
TXN107238,USER3905,147095.05,2025-01-21 08:17:30,Pune,receive,DEV138,0
TXN107239,USER3553,20579.14,2025-03-13 02:23:30,Pune,receive,DEV961,0
TXN107240,USER4757,187510.94,2025-03-19 18:19:30,Bangalore,merchant_payment,DEV928,0
TXN107241,USER5930,98742.42,2025-01-12 08:32:30,Pune,self_transfer,DEV702,0
TXN107242,USER7465,128541.09,2025-01-17 13:44:30,Hyderabad,merchant_payment,DEV315,0
TXN107243,USER9970,199425.46,2025-02-21 13:44:30,Delhi,bill_payment,DEV360,0
TXN107244,USER2928,82890.19,2025-01-07 11:18:30,Delhi,self_transfer,DEV224,0
TXN107245,USER7603,72824.46,2025-03-28 09:01:30,Jaipur,receive,DEV202,0
TXN107246,USER5270,10794.02,2025-02-08 19:59:30,Hyderabad,bill_payment,DEV803,0
TXN107247,USER7448,146917.14,2025-03-25 11:02:30,Bangalore,send,DEV957,0
TXN107248,USER7187,67112.62,2025-03-16 19:19:30,Kolkata,self_transfer,DEV195,0
TXN107249,USER8021,107562.9,2025-02-25 11:48:30,Bangalore,self_transfer,DEV522,0
TXN107250,USER7319,69631.44,2025-01-06 23:50:30,Delhi,receive,DEV323,0
TXN107251,USER5149,70493.48,2025-01-17 18:11:30,Pune,receive,DEV907,0
TXN107252,USER1518,132315.77,2025-01-25 22:19:30,Mumbai,receive,DEV921,0
TXN107253,USER2791,143657.15,2025-01-23 01:55:30,Chennai,receive,DEV245,1
TXN107254,USER2798,98468.5,2025-02-11 11:11:30,Hyderabad,merchant_payment,DEV890,0
TXN107255,USER8307,43177.28,2025-02-21 16:34:30,Chennai,send,DEV516,0
TXN107256,USER9285,149858.84,2025-01-29 02:03:30,Pune,bill_payment,DEV413,1
TXN107257,USER2862,167089.75,2025-04-07 08:47:30,Pune,self_transfer,DEV609,0
TXN107258,USER2902,36093.13,2025-03-18 06:52:30,Delhi,receive,DEV698,1
TXN107259,USER5277,149520.13,2025-03-25 00:20:30,Hyderabad,send,DEV275,0
TXN107260,USER3899,195164.38,2025-03-29 14:48:30,Jaipur,self_transfer,DEV630,0
TXN107261,USER4490,134253.49,2025-02-09 03:44:30,Ahmedabad,merchant_payment,DEV100,1
TXN107262,USER4020,134186.35,2025-01-19 12:08:30,Kolkata,bill_payment,DEV966,0
TXN107263,USER6384,38309.74,2025-02-13 05:50:30,Chennai,bill_payment,DEV170,0
TXN107264,USER9724,150638.79,2025-02-07 11:14:30,Hyderabad,bill_payment,DEV541,0
TXN107265,USER2059,66756.26,2025-02-23 17:31:30,Delhi,receive,DEV803,0
TXN107266,USER2503,180898.17,2025-02-22 16:26:30,Delhi,merchant_payment,DEV832,0
TXN107267,USER8541,57682.9,2025-01-29 03:56:30,Kolkata,merchant_payment,DEV529,0
TXN107268,USER4673,15443.5,2025-02-05 16:04:30,Kolkata,receive,DEV616,0
TXN107269,USER4877,184385.33,2025-03-27 04:45:30,Pune,send,DEV490,0
TXN107270,USER6944,115702.26,2025-03-20 03:35:30,Mumbai,receive,DEV444,1
TXN107271,USER8881,9991.83,2025-02-02 01:13:30,Ahmedabad,bill_payment,DEV447,0
TXN107272,USER8807,186927.62,2025-02-04 22:47:30,Kolkata,self_transfer,DEV974,0
TXN107273,USER9338,81351.03,2025-02-28 12:42:30,Hyderabad,merchant_payment,DEV132,0
TXN107274,USER3239,164994.13,2025-02-06 22:44:30,Delhi,bill_payment,DEV978,0
TXN107275,USER1138,145789.74,2025-02-27 19:44:30,Jaipur,merchant_payment,DEV815,0
TXN107276,USER1904,96530.48,2025-03-22 11:18:30,Bangalore,send,DEV617,0
TXN107277,USER7294,31675.75,2025-01-28 12:53:30,Mumbai,send,DEV377,0
TXN107278,USER8989,102580.91,2025-02-14 21:24:30,Chennai,receive,DEV258,0
TXN107279,USER7556,3271.36,2025-04-06 23:55:30,Pune,bill_payment,DEV666,0
TXN107280,USER6656,10075.63,2025-03-11 21:33:30,Hyderabad,send,DEV687,0
TXN107281,USER6523,196852.63,2025-03-23 23:47:30,Chennai,send,DEV680,0
TXN107282,USER3845,196674.01,2025-02-03 22:37:30,Hyderabad,self_transfer,DEV807,0
TXN107283,USER6597,26681.93,2025-03-16 07:26:30,Delhi,send,DEV731,0
TXN107284,USER5279,164810.8,2025-01-21 16:58:30,Ahmedabad,bill_payment,DEV698,0
TXN107285,USER3931,142422.8,2025-02-12 05:23:30,Pune,receive,DEV710,0
TXN107286,USER7357,1100.86,2025-03-16 22:45:30,Hyderabad,send,DEV953,0
TXN107287,USER4006,165400.47,2025-03-07 08:19:30,Mumbai,self_transfer,DEV409,0
TXN107288,USER8184,82626.18,2025-02-20 15:29:30,Pune,bill_payment,DEV512,0
TXN107289,USER7723,179288.32,2025-03-16 09:28:30,Jaipur,merchant_payment,DEV277,0
TXN107290,USER4900,172058.68,2025-03-05 12:30:30,Ahmedabad,merchant_payment,DEV237,0
TXN107291,USER4317,190085.23,2025-03-05 00:12:30,Pune,bill_payment,DEV795,0
TXN107292,USER3067,185740.32,2025-01-21 23:08:30,Bangalore,receive,DEV964,0
TXN107293,USER6159,174319.16,2025-03-08 21:35:30,Bangalore,self_transfer,DEV216,0
TXN107294,USER5567,195019.69,2025-03-05 23:37:30,Hyderabad,bill_payment,DEV372,0
TXN107295,USER5575,111597.72,2025-03-11 02:08:30,Mumbai,send,DEV132,1
TXN107296,USER3244,195157.51,2025-01-29 20:46:30,Kolkata,bill_payment,DEV736,0
TXN107297,USER7349,97878.54,2025-02-15 16:01:30,Kolkata,bill_payment,DEV475,0
TXN107298,USER9551,68093.4,2025-01-23 11:42:30,Hyderabad,self_transfer,DEV841,0
TXN107299,USER2307,97984.76,2025-01-14 07:33:30,Delhi,self_transfer,DEV409,0
TXN107300,USER7377,108210.52,2025-02-24 04:52:30,Chennai,bill_payment,DEV323,0
TXN107301,USER9718,91559.11,2025-02-21 15:48:30,Jaipur,receive,DEV913,0
TXN107302,USER2687,159816.79,2025-02-11 11:50:30,Ahmedabad,self_transfer,DEV564,0
TXN107303,USER4434,11020.04,2025-03-05 02:28:30,Pune,send,DEV657,0
TXN107304,USER6431,129485.11,2025-03-22 03:18:30,Jaipur,bill_payment,DEV403,1
TXN107305,USER5998,62195.19,2025-01-09 06:27:30,Ahmedabad,self_transfer,DEV160,0
TXN107306,USER7130,64726.3,2025-03-13 02:34:30,Chennai,merchant_payment,DEV148,0
TXN107307,USER2052,130237.83,2025-04-07 02:24:30,Bangalore,send,DEV134,1
TXN107308,USER9053,128663.76,2025-03-25 06:15:30,Bangalore,receive,DEV402,0
TXN107309,USER8857,34825.61,2025-02-02 11:12:30,Ahmedabad,bill_payment,DEV541,0
TXN107310,USER8968,134151.33,2025-01-25 13:20:30,Hyderabad,receive,DEV641,0
TXN107311,USER9622,11312.07,2025-03-11 09:01:30,Kolkata,self_transfer,DEV144,0
TXN107312,USER5575,162116.07,2025-01-19 22:24:30,Mumbai,receive,DEV201,0
TXN107313,USER4991,74984.68,2025-01-29 09:04:30,Pune,self_transfer,DEV605,0
TXN107314,USER7756,166732.85,2025-01-23 17:19:30,Chennai,self_transfer,DEV839,0
TXN107315,USER7249,113037.87,2025-01-11 09:19:30,Hyderabad,merchant_payment,DEV599,0
TXN107316,USER4006,195487.29,2025-04-01 05:35:30,Ahmedabad,bill_payment,DEV236,0
TXN107317,USER8247,108901.68,2025-03-07 23:29:30,Bangalore,self_transfer,DEV432,0
TXN107318,USER6640,81105.34,2025-03-05 22:30:30,Pune,merchant_payment,DEV164,0
TXN107319,USER5202,103646.4,2025-01-29 16:35:30,Mumbai,send,DEV802,0
TXN107320,USER8619,100582.39,2025-03-31 16:08:30,Pune,self_transfer,DEV356,0
TXN107321,USER2186,77621.86,2025-01-10 21:23:30,Bangalore,bill_payment,DEV796,0
TXN107322,USER5210,94682.79,2025-01-07 08:27:30,Bangalore,send,DEV259,0
TXN107323,USER4104,105435.96,2025-01-28 21:29:30,Chennai,self_transfer,DEV340,0
TXN107324,USER7569,104828.71,2025-02-17 19:27:30,Ahmedabad,receive,DEV830,0
TXN107325,USER9242,129607.98,2025-02-14 12:28:30,Kolkata,bill_payment,DEV493,0
TXN107326,USER1661,56161.43,2025-01-08 05:36:30,Kolkata,self_transfer,DEV860,0
TXN107327,USER2488,82580.66,2025-03-07 22:39:30,Delhi,receive,DEV954,0
TXN107328,USER6075,54525.67,2025-02-18 08:15:30,Mumbai,merchant_payment,DEV241,0
TXN107329,USER9289,110576.24,2025-03-29 13:05:30,Chennai,receive,DEV566,0
TXN107330,USER8739,10519.93,2025-02-17 17:56:30,Delhi,bill_payment,DEV844,0
TXN107331,USER2156,111922.89,2025-01-30 22:55:30,Hyderabad,merchant_payment,DEV945,0
TXN107332,USER5706,168777.36,2025-03-12 21:55:30,Delhi,send,DEV225,0
TXN107333,USER5233,31390.17,2025-01-10 15:50:30,Hyderabad,self_transfer,DEV616,0
TXN107334,USER6836,49122.77,2025-01-26 19:55:30,Delhi,bill_payment,DEV514,0
TXN107335,USER6006,169864.74,2025-01-28 01:49:30,Ahmedabad,self_transfer,DEV193,1
TXN107336,USER7659,180607.22,2025-03-20 21:36:30,Mumbai,merchant_payment,DEV197,0
TXN107337,USER9577,11278.69,2025-03-12 20:34:30,Ahmedabad,bill_payment,DEV690,0
TXN107338,USER4861,170826.33,2025-04-03 20:50:30,Delhi,receive,DEV298,0
TXN107339,USER1007,12775.84,2025-03-24 07:51:30,Mumbai,bill_payment,DEV433,0
TXN107340,USER5655,116968.63,2025-03-14 17:47:30,Hyderabad,self_transfer,DEV285,0
TXN107341,USER4189,148262.56,2025-02-01 21:52:30,Jaipur,bill_payment,DEV106,0
TXN107342,USER1685,184158.93,2025-04-03 08:50:30,Kolkata,merchant_payment,DEV709,0
TXN107343,USER3266,83689.94,2025-03-21 16:04:30,Bangalore,receive,DEV420,0
TXN107344,USER1517,114748.0,2025-03-09 20:46:30,Chennai,bill_payment,DEV429,0
TXN107345,USER9859,190957.29,2025-02-19 05:35:30,Jaipur,bill_payment,DEV404,0
TXN107346,USER8467,81279.22,2025-02-28 17:27:30,Chennai,receive,DEV148,0
TXN107347,USER1448,20868.3,2025-02-28 14:19:30,Jaipur,self_transfer,DEV139,0
TXN107348,USER9472,37794.03,2025-04-03 12:40:30,Pune,receive,DEV332,0
TXN107349,USER2310,133850.89,2025-01-19 19:16:30,Chennai,bill_payment,DEV524,0
TXN107350,USER2678,21827.32,2025-03-15 18:54:30,Delhi,send,DEV163,0
TXN107351,USER8405,10392.91,2025-01-13 08:25:30,Jaipur,self_transfer,DEV348,0
TXN107352,USER9758,183413.75,2025-01-31 17:50:30,Kolkata,merchant_payment,DEV454,0
TXN107353,USER8285,24757.72,2025-02-08 04:29:30,Pune,receive,DEV937,0
TXN107354,USER6191,9688.13,2025-01-28 06:35:30,Jaipur,bill_payment,DEV490,0
TXN107355,USER4753,21116.6,2025-01-14 15:24:30,Delhi,send,DEV939,0
TXN107356,USER4374,82244.35,2025-03-03 08:06:30,Bangalore,receive,DEV836,0
TXN107357,USER3755,99655.42,2025-01-11 19:05:30,Mumbai,merchant_payment,DEV581,0
TXN107358,USER1942,15800.34,2025-03-09 12:17:30,Chennai,receive,DEV431,0
TXN107359,USER8801,28537.81,2025-02-03 22:08:30,Ahmedabad,send,DEV729,0
TXN107360,USER3774,44875.94,2025-02-24 17:14:30,Hyderabad,merchant_payment,DEV868,0
TXN107361,USER2572,42706.45,2025-03-04 07:51:30,Pune,merchant_payment,DEV552,0
TXN107362,USER1999,155950.64,2025-01-18 02:06:30,Pune,send,DEV945,1
TXN107363,USER1504,23310.88,2025-01-09 21:14:30,Delhi,receive,DEV535,0
TXN107364,USER8908,37055.19,2025-02-12 04:09:30,Bangalore,bill_payment,DEV419,0
TXN107365,USER1009,193847.28,2025-04-01 22:22:30,Chennai,merchant_payment,DEV750,0
TXN107366,USER4304,180690.93,2025-03-16 11:26:30,Hyderabad,bill_payment,DEV180,0
TXN107367,USER6887,72206.72,2025-03-08 02:29:30,Jaipur,bill_payment,DEV834,0
TXN107368,USER1516,50525.2,2025-02-24 01:00:30,Jaipur,receive,DEV727,0
TXN107369,USER6793,116131.65,2025-02-22 10:26:30,Pune,bill_payment,DEV612,0
TXN107370,USER2602,145625.98,2025-03-29 20:27:30,Pune,receive,DEV851,0
TXN107371,USER2849,116727.57,2025-02-08 16:48:30,Hyderabad,receive,DEV381,0
TXN107372,USER4406,119478.96,2025-03-20 21:52:30,Kolkata,bill_payment,DEV263,0
TXN107373,USER1142,45208.45,2025-03-14 09:54:30,Chennai,bill_payment,DEV621,0
TXN107374,USER8357,156439.56,2025-01-17 10:02:30,Hyderabad,receive,DEV156,0
TXN107375,USER9008,101228.67,2025-02-25 23:07:30,Kolkata,receive,DEV482,0
TXN107376,USER5169,45868.43,2025-02-19 04:28:30,Mumbai,merchant_payment,DEV905,0
TXN107377,USER2596,152485.52,2025-03-27 03:16:30,Pune,receive,DEV612,1
TXN107378,USER6064,17598.3,2025-03-03 02:44:30,Jaipur,merchant_payment,DEV956,0
TXN107379,USER6004,37016.07,2025-03-22 03:08:30,Mumbai,bill_payment,DEV196,0
TXN107380,USER1068,96308.62,2025-03-16 22:53:30,Delhi,self_transfer,DEV941,0
TXN107381,USER2934,64906.54,2025-03-27 14:57:30,Chennai,self_transfer,DEV603,0
TXN107382,USER7557,13967.48,2025-01-17 16:00:30,Kolkata,send,DEV273,0
TXN107383,USER9865,140550.94,2025-04-03 06:49:30,Ahmedabad,bill_payment,DEV623,0
TXN107384,USER6371,124616.39,2025-02-11 22:42:30,Jaipur,self_transfer,DEV135,0
TXN107385,USER1797,197256.33,2025-03-14 18:40:30,Ahmedabad,self_transfer,DEV275,0
TXN107386,USER6216,70971.26,2025-01-19 13:31:30,Jaipur,bill_payment,DEV114,0
TXN107387,USER6413,20975.94,2025-03-29 00:57:30,Bangalore,receive,DEV664,0
TXN107388,USER9838,13564.56,2025-03-10 17:38:30,Bangalore,self_transfer,DEV672,0
TXN107389,USER5570,152324.3,2025-02-26 10:50:30,Bangalore,self_transfer,DEV824,0
TXN107390,USER8717,74245.68,2025-01-27 00:05:30,Mumbai,send,DEV221,0
TXN107391,USER2732,74797.7,2025-01-15 19:46:30,Bangalore,receive,DEV578,0
TXN107392,USER3256,176791.65,2025-03-12 11:46:30,Pune,self_transfer,DEV605,0
TXN107393,USER6211,173050.98,2025-02-09 13:57:30,Chennai,bill_payment,DEV646,0
TXN107394,USER3737,69670.09,2025-01-27 14:29:30,Hyderabad,merchant_payment,DEV842,0
TXN107395,USER5417,16175.69,2025-03-31 22:24:30,Mumbai,bill_payment,DEV961,0
TXN107396,USER3397,36018.26,2025-03-16 04:27:30,Pune,self_transfer,DEV683,0
TXN107397,USER9811,128920.28,2025-01-24 16:34:30,Ahmedabad,bill_payment,DEV769,0
TXN107398,USER6397,36826.29,2025-03-25 07:45:30,Ahmedabad,send,DEV849,0
TXN107399,USER5490,165535.69,2025-03-26 12:16:30,Jaipur,send,DEV899,0
TXN107400,USER3294,26616.11,2025-02-28 06:09:30,Delhi,self_transfer,DEV373,0
TXN107401,USER9221,163126.49,2025-03-01 07:23:30,Ahmedabad,bill_payment,DEV317,0
TXN107402,USER4950,27782.89,2025-03-22 18:37:30,Delhi,bill_payment,DEV861,0
TXN107403,USER8379,167146.8,2025-02-28 08:09:30,Bangalore,receive,DEV866,0
TXN107404,USER8434,152261.07,2025-01-09 11:11:30,Delhi,bill_payment,DEV233,0
TXN107405,USER8150,193628.72,2025-03-27 09:22:30,Ahmedabad,bill_payment,DEV879,0
TXN107406,USER1444,141581.39,2025-02-11 11:03:30,Kolkata,send,DEV538,0
TXN107407,USER4174,7906.8,2025-01-24 19:42:30,Hyderabad,self_transfer,DEV249,0
TXN107408,USER1895,48713.12,2025-02-11 23:03:30,Kolkata,send,DEV732,0
TXN107409,USER7622,12875.78,2025-03-28 21:25:30,Chennai,send,DEV740,0
TXN107410,USER2607,113589.26,2025-03-07 17:34:30,Chennai,send,DEV143,0
TXN107411,USER3920,10962.09,2025-04-01 09:10:30,Delhi,receive,DEV193,0
TXN107412,USER7655,49372.0,2025-03-12 03:04:30,Bangalore,bill_payment,DEV682,0
TXN107413,USER9688,11321.84,2025-01-27 12:10:30,Kolkata,self_transfer,DEV672,0
TXN107414,USER5813,9521.8,2025-03-14 23:54:30,Ahmedabad,receive,DEV224,0
TXN107415,USER2151,143573.01,2025-01-09 21:49:30,Mumbai,bill_payment,DEV311,0
TXN107416,USER5565,92252.62,2025-03-03 09:37:30,Pune,merchant_payment,DEV833,0
TXN107417,USER7486,102978.43,2025-03-23 22:40:30,Bangalore,send,DEV233,0
TXN107418,USER5686,66964.42,2025-03-26 13:32:30,Delhi,receive,DEV285,0
TXN107419,USER8190,142454.82,2025-03-26 19:50:30,Delhi,merchant_payment,DEV823,0
TXN107420,USER8705,87867.41,2025-03-07 15:06:30,Ahmedabad,receive,DEV698,0
TXN107421,USER5439,110165.11,2025-02-14 23:32:30,Mumbai,merchant_payment,DEV424,0
TXN107422,USER6094,51255.82,2025-01-22 23:58:30,Hyderabad,receive,DEV239,0
TXN107423,USER4895,142592.52,2025-03-08 00:49:30,Jaipur,bill_payment,DEV845,0
TXN107424,USER7186,88592.62,2025-04-03 03:03:30,Jaipur,send,DEV902,0
TXN107425,USER5606,2212.32,2025-04-03 02:36:30,Mumbai,merchant_payment,DEV322,0
TXN107426,USER4821,105294.08,2025-03-21 03:10:30,Bangalore,bill_payment,DEV260,1
TXN107427,USER5963,87013.13,2025-02-03 20:19:30,Jaipur,send,DEV589,0
TXN107428,USER4836,30792.61,2025-01-31 22:45:30,Chennai,merchant_payment,DEV244,0
TXN107429,USER1171,72831.31,2025-01-21 22:29:30,Jaipur,send,DEV364,0
TXN107430,USER7116,77052.15,2025-01-29 01:47:30,Kolkata,merchant_payment,DEV240,0
TXN107431,USER9791,107896.48,2025-02-14 14:13:30,Pune,send,DEV860,0
TXN107432,USER5945,34556.47,2025-03-11 21:24:30,Chennai,self_transfer,DEV377,0
TXN107433,USER7006,24274.91,2025-02-18 17:21:30,Mumbai,send,DEV782,0
TXN107434,USER2536,97194.6,2025-02-17 14:29:30,Hyderabad,merchant_payment,DEV134,0
TXN107435,USER8883,110388.1,2025-03-22 02:37:30,Bangalore,merchant_payment,DEV676,1
TXN107436,USER1370,81511.5,2025-02-06 07:34:30,Pune,send,DEV806,0
TXN107437,USER6898,37687.47,2025-03-06 13:20:30,Chennai,send,DEV247,0
TXN107438,USER7423,76997.37,2025-03-30 23:38:30,Delhi,send,DEV489,0
TXN107439,USER9239,92526.88,2025-03-15 01:07:30,Delhi,receive,DEV315,0
TXN107440,USER5599,83746.72,2025-03-25 09:13:30,Mumbai,send,DEV401,0
TXN107441,USER5173,108835.69,2025-03-09 08:59:30,Pune,merchant_payment,DEV221,0
TXN107442,USER4967,106602.98,2025-03-14 13:58:30,Delhi,bill_payment,DEV236,0
TXN107443,USER3421,143464.45,2025-02-11 20:09:30,Delhi,self_transfer,DEV643,0
TXN107444,USER3077,52642.82,2025-03-18 05:57:30,Hyderabad,merchant_payment,DEV514,0
TXN107445,USER7109,65468.98,2025-03-29 15:45:30,Pune,bill_payment,DEV365,0
TXN107446,USER8637,58688.74,2025-01-12 01:41:30,Hyderabad,merchant_payment,DEV135,0
TXN107447,USER6987,182199.81,2025-03-08 17:31:30,Pune,send,DEV159,0
TXN107448,USER4510,8998.33,2025-02-27 08:01:30,Jaipur,self_transfer,DEV269,0
TXN107449,USER1806,154907.0,2025-03-20 03:09:30,Hyderabad,send,DEV457,1
TXN107450,USER3023,193194.11,2025-04-02 10:54:30,Hyderabad,send,DEV341,0
TXN107451,USER5490,11967.54,2025-03-15 21:30:30,Pune,receive,DEV422,0
TXN107452,USER5359,62719.72,2025-04-05 13:22:30,Hyderabad,self_transfer,DEV943,0
TXN107453,USER7150,131950.92,2025-01-28 05:00:30,Bangalore,merchant_payment,DEV519,0
TXN107454,USER2685,185503.59,2025-03-19 01:36:30,Delhi,bill_payment,DEV614,1
TXN107455,USER8252,130232.84,2025-01-15 00:22:30,Jaipur,merchant_payment,DEV816,0
TXN107456,USER4694,118078.85,2025-02-11 20:38:30,Hyderabad,merchant_payment,DEV797,0
TXN107457,USER4486,138103.73,2025-01-09 02:36:30,Kolkata,receive,DEV724,1
TXN107458,USER3441,68699.56,2025-04-01 09:02:30,Delhi,bill_payment,DEV902,0
TXN107459,USER6256,169903.17,2025-01-29 06:19:30,Bangalore,send,DEV171,0
TXN107460,USER9927,85149.94,2025-02-18 17:39:30,Kolkata,merchant_payment,DEV803,0
TXN107461,USER4241,115427.01,2025-03-10 13:55:30,Hyderabad,receive,DEV136,0
TXN107462,USER4822,134595.15,2025-03-02 13:12:30,Pune,self_transfer,DEV742,0
TXN107463,USER8372,180423.09,2025-01-28 23:04:30,Kolkata,bill_payment,DEV827,0
TXN107464,USER3510,132386.2,2025-03-16 20:00:30,Ahmedabad,bill_payment,DEV151,0
TXN107465,USER4064,93287.37,2025-01-24 19:10:30,Bangalore,merchant_payment,DEV914,0
TXN107466,USER6266,43908.02,2025-01-17 09:37:30,Jaipur,receive,DEV693,0
TXN107467,USER3799,101696.75,2025-01-31 10:58:30,Ahmedabad,receive,DEV883,0
TXN107468,USER4622,180759.14,2025-03-07 06:07:30,Hyderabad,receive,DEV798,0
TXN107469,USER2968,157401.42,2025-01-10 20:11:30,Kolkata,self_transfer,DEV142,0
TXN107470,USER1204,197967.17,2025-01-30 23:30:30,Jaipur,self_transfer,DEV115,0
TXN107471,USER8550,55262.59,2025-02-21 19:45:30,Kolkata,bill_payment,DEV750,0
TXN107472,USER3125,45347.02,2025-01-12 18:00:30,Hyderabad,send,DEV936,0
TXN107473,USER6975,95734.12,2025-01-25 03:51:30,Hyderabad,receive,DEV413,0
TXN107474,USER3642,93597.92,2025-04-03 04:14:30,Chennai,receive,DEV978,0
TXN107475,USER5265,10045.46,2025-04-07 04:40:30,Kolkata,receive,DEV129,0
TXN107476,USER3214,28860.61,2025-03-19 07:23:30,Bangalore,self_transfer,DEV477,0
TXN107477,USER2835,151702.49,2025-01-15 07:35:30,Bangalore,send,DEV715,0
TXN107478,USER5274,160426.66,2025-03-25 12:21:30,Mumbai,merchant_payment,DEV321,0
TXN107479,USER6310,75574.61,2025-01-10 20:30:30,Hyderabad,send,DEV558,0
TXN107480,USER8954,175530.16,2025-03-02 16:06:30,Pune,self_transfer,DEV483,0
TXN107481,USER6084,152899.31,2025-03-31 10:40:30,Hyderabad,merchant_payment,DEV575,0
TXN107482,USER5564,57168.17,2025-02-17 04:39:30,Bangalore,self_transfer,DEV505,0
TXN107483,USER7774,126651.51,2025-02-04 10:25:30,Bangalore,receive,DEV685,0
TXN107484,USER6710,3563.97,2025-03-16 20:11:30,Jaipur,self_transfer,DEV964,0
TXN107485,USER5219,91108.52,2025-01-17 22:35:30,Mumbai,bill_payment,DEV274,0
TXN107486,USER4891,51627.57,2025-01-24 17:01:30,Jaipur,send,DEV615,0
TXN107487,USER9577,14574.94,2025-01-29 06:57:30,Jaipur,receive,DEV995,0
TXN107488,USER1828,25636.21,2025-01-26 01:54:30,Ahmedabad,self_transfer,DEV679,0
TXN107489,USER7428,190313.01,2025-04-03 21:19:30,Bangalore,send,DEV569,0
TXN107490,USER4464,105923.26,2025-01-10 15:21:30,Kolkata,self_transfer,DEV978,0
TXN107491,USER7556,1395.6,2025-03-30 07:47:30,Bangalore,merchant_payment,DEV972,0
TXN107492,USER5132,129130.75,2025-03-19 03:56:30,Jaipur,self_transfer,DEV179,1
TXN107493,USER5142,9055.17,2025-02-23 17:14:30,Jaipur,self_transfer,DEV466,0
TXN107494,USER8506,36132.56,2025-03-14 17:18:30,Mumbai,self_transfer,DEV188,0
TXN107495,USER6787,92359.41,2025-02-28 00:05:30,Chennai,merchant_payment,DEV707,0
TXN107496,USER3615,145556.08,2025-01-23 10:47:30,Delhi,receive,DEV900,0
TXN107497,USER4833,127260.49,2025-01-20 20:37:30,Ahmedabad,merchant_payment,DEV675,0
TXN107498,USER7159,70519.59,2025-03-09 02:26:30,Chennai,self_transfer,DEV567,0
TXN107499,USER1264,21620.67,2025-03-05 08:30:30,Ahmedabad,send,DEV246,0
TXN107500,USER4457,54239.17,2025-03-01 16:47:30,Chennai,self_transfer,DEV827,0
TXN107501,USER8717,52968.82,2025-03-10 19:26:30,Mumbai,send,DEV520,0
TXN107502,USER7450,49617.42,2025-03-05 20:03:30,Delhi,bill_payment,DEV699,0
TXN107503,USER9362,83517.9,2025-01-19 17:25:30,Chennai,merchant_payment,DEV831,0
TXN107504,USER6623,70145.72,2025-02-18 22:19:30,Hyderabad,merchant_payment,DEV685,0
TXN107505,USER5384,187093.3,2025-01-30 19:00:30,Hyderabad,self_transfer,DEV152,0
TXN107506,USER8567,74814.91,2025-03-27 06:03:30,Jaipur,send,DEV824,0
TXN107507,USER5166,132405.54,2025-02-25 02:00:30,Ahmedabad,self_transfer,DEV112,1
TXN107508,USER3710,144917.73,2025-04-02 23:21:30,Mumbai,send,DEV548,0
TXN107509,USER1654,118929.22,2025-03-10 13:56:30,Chennai,merchant_payment,DEV927,0
TXN107510,USER3054,79529.19,2025-01-11 20:48:30,Bangalore,merchant_payment,DEV240,1
TXN107511,USER8853,35908.55,2025-01-20 01:00:30,Kolkata,bill_payment,DEV780,0
TXN107512,USER8321,51630.47,2025-02-05 06:43:30,Delhi,receive,DEV610,0
TXN107513,USER2235,45554.78,2025-01-19 01:41:30,Hyderabad,send,DEV962,0
TXN107514,USER8169,79912.61,2025-01-27 03:56:30,Pune,self_transfer,DEV844,0
TXN107515,USER2372,73863.48,2025-01-18 23:35:30,Hyderabad,self_transfer,DEV493,0
TXN107516,USER9206,89577.97,2025-02-16 16:27:30,Delhi,self_transfer,DEV110,0
TXN107517,USER9941,111726.16,2025-03-01 16:03:30,Hyderabad,self_transfer,DEV617,0
TXN107518,USER6385,148131.86,2025-02-25 15:47:30,Hyderabad,self_transfer,DEV121,0
TXN107519,USER2378,196651.54,2025-02-18 07:00:30,Bangalore,merchant_payment,DEV873,0
TXN107520,USER4031,122700.06,2025-02-15 21:03:30,Jaipur,receive,DEV717,0
TXN107521,USER6374,36932.11,2025-03-01 01:17:30,Chennai,self_transfer,DEV737,0
TXN107522,USER4505,125871.51,2025-03-27 10:06:30,Hyderabad,receive,DEV283,0
TXN107523,USER1406,24962.79,2025-03-30 12:25:30,Delhi,receive,DEV710,0
TXN107524,USER6117,109420.18,2025-04-05 00:12:30,Chennai,merchant_payment,DEV205,0
TXN107525,USER9336,30470.81,2025-03-31 18:45:30,Mumbai,self_transfer,DEV138,0
TXN107526,USER2930,95708.93,2025-03-12 04:06:30,Ahmedabad,receive,DEV878,0
TXN107527,USER6656,116315.63,2025-01-30 14:09:30,Chennai,receive,DEV195,0
TXN107528,USER6565,33687.24,2025-04-01 15:30:30,Kolkata,merchant_payment,DEV779,0
TXN107529,USER6665,119724.96,2025-01-16 16:16:30,Bangalore,receive,DEV248,0
TXN107530,USER2385,124638.49,2025-02-04 12:53:30,Kolkata,bill_payment,DEV278,0
TXN107531,USER8581,185756.2,2025-01-08 22:30:30,Jaipur,send,DEV403,0
TXN107532,USER1071,34989.01,2025-02-27 18:59:30,Bangalore,self_transfer,DEV419,0
TXN107533,USER4725,60456.3,2025-03-22 07:01:30,Hyderabad,receive,DEV477,0
TXN107534,USER6561,114740.23,2025-03-05 10:27:30,Mumbai,receive,DEV355,0
TXN107535,USER7131,159281.51,2025-03-14 19:57:30,Bangalore,bill_payment,DEV516,0
TXN107536,USER9132,42422.84,2025-01-16 01:40:30,Pune,bill_payment,DEV263,0
TXN107537,USER6442,73795.7,2025-01-30 15:05:30,Chennai,send,DEV890,0
TXN107538,USER8644,175176.81,2025-02-07 00:37:30,Hyderabad,bill_payment,DEV241,0
TXN107539,USER6298,59177.09,2025-02-01 05:45:30,Bangalore,receive,DEV914,0
TXN107540,USER5328,58084.77,2025-02-24 21:30:30,Pune,receive,DEV976,0
TXN107541,USER4780,177652.89,2025-04-06 20:57:30,Chennai,send,DEV484,0
TXN107542,USER6039,132565.8,2025-02-01 00:19:30,Hyderabad,merchant_payment,DEV925,0
TXN107543,USER3360,151614.2,2025-03-30 23:17:30,Delhi,bill_payment,DEV971,0
TXN107544,USER6381,43305.25,2025-02-15 06:51:30,Jaipur,bill_payment,DEV850,0
TXN107545,USER7408,47805.23,2025-02-09 07:01:30,Ahmedabad,self_transfer,DEV925,0
TXN107546,USER3865,171418.82,2025-03-28 17:32:30,Pune,self_transfer,DEV934,0
TXN107547,USER6332,94265.74,2025-01-17 21:45:30,Bangalore,merchant_payment,DEV570,0
TXN107548,USER7930,45684.22,2025-03-23 09:29:30,Hyderabad,send,DEV497,0
TXN107549,USER9593,25942.78,2025-02-18 09:01:30,Delhi,self_transfer,DEV338,0
TXN107550,USER6397,103678.14,2025-03-06 11:25:30,Hyderabad,receive,DEV899,0
TXN107551,USER4564,58813.18,2025-03-19 03:55:30,Ahmedabad,self_transfer,DEV311,0
TXN107552,USER6649,44169.33,2025-02-18 11:49:30,Delhi,bill_payment,DEV995,0
TXN107553,USER9821,41636.97,2025-01-27 07:23:30,Mumbai,receive,DEV899,0
TXN107554,USER3579,107104.56,2025-02-24 19:10:30,Bangalore,merchant_payment,DEV202,0
TXN107555,USER3051,133664.08,2025-01-07 03:23:30,Mumbai,self_transfer,DEV386,1
TXN107556,USER7359,66679.86,2025-03-28 10:59:30,Delhi,bill_payment,DEV364,0
TXN107557,USER3475,197840.46,2025-04-06 13:16:30,Bangalore,send,DEV248,0
TXN107558,USER9427,172986.44,2025-02-11 14:09:30,Chennai,bill_payment,DEV879,0
TXN107559,USER7006,21444.98,2025-02-26 13:22:30,Mumbai,merchant_payment,DEV719,0
TXN107560,USER3966,194586.85,2025-02-12 10:05:30,Chennai,self_transfer,DEV555,0
TXN107561,USER8741,102935.98,2025-03-18 10:55:30,Chennai,merchant_payment,DEV246,0
TXN107562,USER6223,194639.7,2025-01-26 22:36:30,Hyderabad,self_transfer,DEV797,0
TXN107563,USER6013,74729.71,2025-01-12 05:21:30,Pune,bill_payment,DEV468,0
TXN107564,USER4927,96448.86,2025-01-20 16:48:30,Ahmedabad,bill_payment,DEV979,0
TXN107565,USER2808,74426.82,2025-03-29 06:49:30,Hyderabad,receive,DEV356,0
TXN107566,USER1543,51649.41,2025-03-13 15:12:30,Ahmedabad,bill_payment,DEV183,0
TXN107567,USER2383,11680.92,2025-04-04 05:55:30,Delhi,bill_payment,DEV514,0
TXN107568,USER1965,148938.68,2025-01-29 14:42:30,Mumbai,bill_payment,DEV312,0
TXN107569,USER1426,149292.28,2025-02-08 17:59:30,Ahmedabad,merchant_payment,DEV757,0
TXN107570,USER9859,79706.52,2025-03-29 16:01:30,Ahmedabad,self_transfer,DEV287,0
TXN107571,USER5099,128032.74,2025-01-14 22:04:30,Hyderabad,merchant_payment,DEV392,0
TXN107572,USER4738,123347.93,2025-01-31 12:09:30,Delhi,send,DEV474,0
TXN107573,USER3875,107685.39,2025-02-24 05:44:30,Delhi,merchant_payment,DEV640,0
TXN107574,USER5112,8185.99,2025-01-09 23:50:30,Chennai,self_transfer,DEV753,0
TXN107575,USER9638,18723.83,2025-02-12 10:41:30,Kolkata,bill_payment,DEV482,0
TXN107576,USER2899,73640.1,2025-02-27 14:45:30,Chennai,send,DEV783,0
TXN107577,USER1906,180431.97,2025-01-08 07:04:30,Jaipur,merchant_payment,DEV220,0
TXN107578,USER5534,182793.41,2025-01-20 16:01:30,Chennai,send,DEV758,0
TXN107579,USER4364,9660.67,2025-02-14 23:50:30,Mumbai,receive,DEV365,0
TXN107580,USER7786,102697.03,2025-03-23 06:54:30,Bangalore,self_transfer,DEV561,0
TXN107581,USER9610,34509.84,2025-01-15 14:07:30,Mumbai,self_transfer,DEV455,0
TXN107582,USER3888,135421.2,2025-02-25 23:11:30,Ahmedabad,self_transfer,DEV195,0
TXN107583,USER2536,172719.16,2025-01-07 05:15:30,Chennai,bill_payment,DEV150,0
TXN107584,USER7162,47819.24,2025-04-02 18:50:30,Ahmedabad,send,DEV804,0
TXN107585,USER1176,102318.9,2025-03-23 21:23:30,Jaipur,self_transfer,DEV557,0
TXN107586,USER3556,161857.34,2025-02-28 06:53:30,Bangalore,send,DEV200,0
TXN107587,USER1124,127325.49,2025-03-15 10:11:30,Ahmedabad,receive,DEV157,0
TXN107588,USER3216,132747.92,2025-01-30 06:30:30,Chennai,merchant_payment,DEV523,0
TXN107589,USER8391,187398.61,2025-02-05 05:04:30,Chennai,merchant_payment,DEV155,0
TXN107590,USER4682,154196.16,2025-02-07 13:50:30,Kolkata,receive,DEV743,0
TXN107591,USER3169,176380.42,2025-02-14 01:55:30,Kolkata,bill_payment,DEV440,1
TXN107592,USER5432,330.06,2025-03-15 14:27:30,Ahmedabad,self_transfer,DEV739,0
TXN107593,USER3875,120688.8,2025-03-16 17:22:30,Kolkata,send,DEV182,0
TXN107594,USER9755,55800.42,2025-02-28 00:13:30,Bangalore,self_transfer,DEV242,0
TXN107595,USER7069,129882.26,2025-02-14 03:13:30,Hyderabad,receive,DEV851,1
TXN107596,USER6221,181430.68,2025-03-12 07:28:30,Delhi,bill_payment,DEV359,0
TXN107597,USER3577,95974.53,2025-01-16 20:35:30,Jaipur,bill_payment,DEV222,0
TXN107598,USER5175,36785.43,2025-01-23 22:25:30,Delhi,send,DEV945,0
TXN107599,USER9482,102962.3,2025-03-07 20:00:30,Bangalore,bill_payment,DEV325,0
TXN107600,USER5111,71435.0,2025-04-05 11:56:30,Bangalore,send,DEV443,0
TXN107601,USER5449,194419.32,2025-02-05 23:49:30,Hyderabad,receive,DEV801,0
TXN107602,USER2758,183406.43,2025-02-18 08:18:30,Jaipur,merchant_payment,DEV511,0
TXN107603,USER9355,76146.58,2025-02-20 19:00:30,Mumbai,self_transfer,DEV226,0
TXN107604,USER6563,96848.26,2025-01-21 05:14:30,Hyderabad,receive,DEV465,0
TXN107605,USER9719,12327.75,2025-03-22 21:48:30,Ahmedabad,self_transfer,DEV825,0
TXN107606,USER3667,137808.69,2025-01-16 04:26:30,Hyderabad,bill_payment,DEV444,0
TXN107607,USER4850,197664.05,2025-02-19 07:50:30,Pune,merchant_payment,DEV429,0
TXN107608,USER8461,177098.61,2025-03-04 03:42:30,Delhi,bill_payment,DEV998,1
TXN107609,USER7282,76093.84,2025-01-07 08:58:30,Hyderabad,send,DEV876,0
TXN107610,USER2944,19816.6,2025-02-23 13:59:30,Delhi,self_transfer,DEV732,0
TXN107611,USER7372,11451.93,2025-03-29 05:38:30,Kolkata,bill_payment,DEV927,0
TXN107612,USER2256,44087.68,2025-04-07 04:25:30,Bangalore,bill_payment,DEV201,0
TXN107613,USER5918,110835.17,2025-03-17 03:02:30,Ahmedabad,self_transfer,DEV972,1
TXN107614,USER1321,74860.44,2025-04-05 01:43:30,Hyderabad,send,DEV189,0
TXN107615,USER7717,53852.6,2025-02-11 03:33:30,Mumbai,self_transfer,DEV762,0
TXN107616,USER7742,6929.21,2025-03-29 23:47:30,Delhi,self_transfer,DEV461,0
TXN107617,USER5958,54292.86,2025-02-12 22:26:30,Kolkata,bill_payment,DEV889,0
TXN107618,USER7701,43412.81,2025-03-12 03:16:30,Mumbai,bill_payment,DEV166,0
TXN107619,USER4029,52657.21,2025-03-14 22:19:30,Pune,send,DEV710,0
TXN107620,USER4003,188760.34,2025-01-21 04:05:30,Pune,send,DEV146,0
TXN107621,USER6857,24180.42,2025-02-21 06:39:30,Chennai,bill_payment,DEV407,0
TXN107622,USER1145,7841.63,2025-02-13 09:16:30,Chennai,receive,DEV755,0
TXN107623,USER4869,89804.66,2025-03-12 08:43:30,Kolkata,self_transfer,DEV131,0
TXN107624,USER8908,183513.33,2025-02-10 17:19:30,Kolkata,send,DEV840,0
TXN107625,USER9892,39357.92,2025-01-15 22:44:30,Bangalore,bill_payment,DEV736,0
TXN107626,USER5820,43021.12,2025-01-14 17:40:30,Bangalore,receive,DEV403,0
TXN107627,USER6637,17627.35,2025-01-29 10:03:30,Chennai,self_transfer,DEV843,0
TXN107628,USER2526,124091.63,2025-02-02 05:46:30,Hyderabad,bill_payment,DEV735,0
TXN107629,USER7605,178371.34,2025-02-26 21:25:30,Delhi,self_transfer,DEV632,0
TXN107630,USER8346,137995.58,2025-01-27 02:19:30,Hyderabad,send,DEV326,1
TXN107631,USER2451,114182.95,2025-03-16 04:54:30,Mumbai,send,DEV887,0
TXN107632,USER3458,2531.95,2025-04-07 01:39:30,Ahmedabad,send,DEV270,0
TXN107633,USER4189,104112.04,2025-01-08 07:15:30,Jaipur,send,DEV241,0
TXN107634,USER9906,5615.77,2025-02-25 04:38:30,Ahmedabad,merchant_payment,DEV315,0
TXN107635,USER4499,90862.19,2025-03-27 04:26:30,Chennai,bill_payment,DEV594,0
TXN107636,USER7909,28841.56,2025-03-08 10:07:30,Delhi,merchant_payment,DEV807,0
TXN107637,USER3825,187696.7,2025-02-24 05:42:30,Mumbai,merchant_payment,DEV296,0
TXN107638,USER3158,97020.33,2025-02-19 19:46:30,Jaipur,merchant_payment,DEV873,0
TXN107639,USER1346,61468.78,2025-03-07 18:40:30,Hyderabad,receive,DEV752,0
TXN107640,USER9869,30288.63,2025-03-15 14:32:30,Delhi,send,DEV956,0
TXN107641,USER9487,102164.41,2025-02-04 22:17:30,Delhi,merchant_payment,DEV511,0
TXN107642,USER1179,13308.23,2025-03-21 01:27:30,Jaipur,self_transfer,DEV155,0
TXN107643,USER8641,3717.68,2025-02-28 20:41:30,Chennai,merchant_payment,DEV636,0
TXN107644,USER4009,4562.55,2025-04-03 07:21:30,Hyderabad,bill_payment,DEV850,0
TXN107645,USER5339,89362.24,2025-03-19 22:03:30,Hyderabad,self_transfer,DEV332,0
TXN107646,USER8100,92947.84,2025-02-25 07:22:30,Bangalore,receive,DEV467,0
TXN107647,USER6859,24448.65,2025-01-28 13:57:30,Mumbai,merchant_payment,DEV153,0
TXN107648,USER6164,191683.57,2025-03-29 09:29:30,Delhi,send,DEV301,0
TXN107649,USER9270,93642.77,2025-01-20 10:07:30,Mumbai,merchant_payment,DEV329,0
TXN107650,USER3759,23832.41,2025-02-05 09:30:30,Chennai,send,DEV563,0
TXN107651,USER4231,139298.67,2025-03-25 00:07:30,Bangalore,merchant_payment,DEV176,0
TXN107652,USER6934,54191.58,2025-02-25 04:53:30,Mumbai,merchant_payment,DEV820,0
TXN107653,USER2113,120446.61,2025-03-21 14:12:30,Ahmedabad,self_transfer,DEV106,0
TXN107654,USER6433,87050.69,2025-01-30 17:08:30,Chennai,self_transfer,DEV704,0
TXN107655,USER8066,65856.68,2025-01-12 17:12:30,Jaipur,merchant_payment,DEV117,0
TXN107656,USER8928,159957.63,2025-01-09 21:09:30,Jaipur,receive,DEV273,0
TXN107657,USER7256,187972.86,2025-02-16 19:22:30,Delhi,self_transfer,DEV323,0
TXN107658,USER7439,55371.02,2025-01-23 11:47:30,Chennai,receive,DEV672,0
TXN107659,USER5847,26118.54,2025-03-01 15:51:30,Mumbai,self_transfer,DEV499,0
TXN107660,USER1115,76123.15,2025-03-15 23:03:30,Pune,merchant_payment,DEV763,0
TXN107661,USER7927,172058.74,2025-02-11 10:52:30,Bangalore,receive,DEV840,0
TXN107662,USER5995,10548.7,2025-01-19 06:32:30,Mumbai,self_transfer,DEV510,0
TXN107663,USER6287,118574.48,2025-01-22 04:58:30,Chennai,merchant_payment,DEV699,0
TXN107664,USER7154,158572.75,2025-02-26 20:01:30,Jaipur,bill_payment,DEV555,0
TXN107665,USER2026,111097.51,2025-01-06 20:48:30,Bangalore,bill_payment,DEV868,0
TXN107666,USER7391,100522.47,2025-02-25 22:28:30,Delhi,self_transfer,DEV316,0
TXN107667,USER9179,102747.04,2025-01-13 15:00:30,Delhi,merchant_payment,DEV733,0
TXN107668,USER2677,174576.67,2025-02-26 12:26:30,Pune,receive,DEV638,0
TXN107669,USER8299,173331.3,2025-02-03 20:37:30,Chennai,send,DEV264,0
TXN107670,USER1644,194368.17,2025-02-28 02:29:30,Jaipur,send,DEV497,1
TXN107671,USER3949,172585.89,2025-02-09 23:43:30,Delhi,receive,DEV520,0
TXN107672,USER5409,199565.3,2025-01-25 09:03:30,Chennai,receive,DEV939,0
TXN107673,USER1597,35837.6,2025-01-26 03:41:30,Kolkata,send,DEV479,0
TXN107674,USER6680,83826.38,2025-02-22 16:43:30,Chennai,self_transfer,DEV763,0
TXN107675,USER2083,145114.44,2025-02-15 15:44:30,Hyderabad,merchant_payment,DEV199,0
TXN107676,USER1394,172388.1,2025-02-05 17:15:30,Ahmedabad,receive,DEV472,0
TXN107677,USER9063,120334.85,2025-03-07 02:02:30,Delhi,bill_payment,DEV146,1
TXN107678,USER9877,153466.31,2025-04-01 03:59:30,Mumbai,merchant_payment,DEV402,1
TXN107679,USER9993,167165.52,2025-03-10 09:07:30,Jaipur,bill_payment,DEV732,0
TXN107680,USER3153,81455.54,2025-01-30 18:47:30,Pune,send,DEV580,0
TXN107681,USER3393,196588.7,2025-01-07 06:40:30,Hyderabad,send,DEV313,0
TXN107682,USER7218,131032.72,2025-03-08 10:05:30,Delhi,self_transfer,DEV355,0
TXN107683,USER5158,64247.99,2025-02-23 08:33:30,Ahmedabad,receive,DEV302,0
TXN107684,USER6679,88210.04,2025-03-04 05:31:30,Mumbai,merchant_payment,DEV877,0
TXN107685,USER5380,94438.73,2025-03-09 18:53:30,Mumbai,merchant_payment,DEV157,0
TXN107686,USER5745,44639.29,2025-04-07 00:56:30,Pune,merchant_payment,DEV755,0
TXN107687,USER9146,152064.25,2025-03-07 13:43:30,Mumbai,receive,DEV750,0
TXN107688,USER7792,736.7,2025-02-07 20:25:30,Delhi,receive,DEV481,0
TXN107689,USER5811,199614.41,2025-01-07 18:19:30,Hyderabad,bill_payment,DEV971,0
TXN107690,USER1183,183754.41,2025-01-20 16:36:30,Mumbai,self_transfer,DEV523,0
TXN107691,USER1072,4180.99,2025-03-26 15:40:30,Delhi,merchant_payment,DEV406,0
TXN107692,USER8427,59378.29,2025-03-17 09:09:30,Ahmedabad,send,DEV591,0
TXN107693,USER4023,72198.71,2025-01-07 00:35:30,Hyderabad,send,DEV968,0
TXN107694,USER4668,107572.76,2025-01-12 00:04:30,Ahmedabad,receive,DEV555,1
TXN107695,USER3117,57854.25,2025-02-24 01:00:30,Chennai,self_transfer,DEV160,0
TXN107696,USER9010,125764.69,2025-02-11 22:01:30,Jaipur,receive,DEV574,0
TXN107697,USER9671,152708.17,2025-03-04 19:39:30,Hyderabad,receive,DEV200,0
TXN107698,USER5774,150308.32,2025-02-22 15:50:30,Kolkata,merchant_payment,DEV412,0
TXN107699,USER9306,170864.81,2025-03-12 12:51:30,Delhi,merchant_payment,DEV653,0
TXN107700,USER3025,7213.35,2025-02-17 10:27:30,Jaipur,send,DEV579,0
TXN107701,USER5168,193121.97,2025-02-27 19:19:30,Mumbai,bill_payment,DEV296,0
TXN107702,USER8748,184170.13,2025-01-20 10:24:30,Hyderabad,merchant_payment,DEV550,0
TXN107703,USER5852,196446.63,2025-02-02 23:07:30,Chennai,send,DEV953,0
TXN107704,USER9227,98476.04,2025-03-25 21:27:30,Delhi,receive,DEV536,0
TXN107705,USER4607,190134.01,2025-01-19 18:57:30,Hyderabad,bill_payment,DEV609,0
TXN107706,USER9900,186075.79,2025-02-23 08:17:30,Hyderabad,send,DEV761,0
TXN107707,USER8582,57438.5,2025-02-23 02:03:30,Delhi,merchant_payment,DEV390,0
TXN107708,USER1397,175861.69,2025-03-27 01:04:30,Kolkata,self_transfer,DEV386,1
TXN107709,USER1266,54204.48,2025-03-06 22:36:30,Bangalore,self_transfer,DEV678,0
TXN107710,USER3997,169435.0,2025-02-15 12:47:30,Ahmedabad,merchant_payment,DEV102,0
TXN107711,USER8491,69192.08,2025-03-23 21:57:30,Bangalore,receive,DEV794,0
TXN107712,USER7831,113095.54,2025-01-21 03:38:30,Pune,merchant_payment,DEV214,1
TXN107713,USER4070,20685.92,2025-03-19 10:42:30,Jaipur,receive,DEV269,0
TXN107714,USER8133,75957.38,2025-01-27 10:27:30,Pune,receive,DEV676,0
TXN107715,USER7588,6455.4,2025-02-28 06:20:30,Ahmedabad,receive,DEV190,0
TXN107716,USER6990,133451.15,2025-01-24 05:42:30,Mumbai,self_transfer,DEV141,0
TXN107717,USER4884,34979.25,2025-02-06 20:52:30,Jaipur,bill_payment,DEV175,0
TXN107718,USER7495,114173.59,2025-02-22 02:46:30,Hyderabad,merchant_payment,DEV856,1
TXN107719,USER4380,163683.52,2025-03-24 01:28:30,Hyderabad,receive,DEV634,1
TXN107720,USER2613,27244.3,2025-01-18 18:23:30,Pune,bill_payment,DEV150,0
TXN107721,USER6257,189716.3,2025-01-25 21:24:30,Bangalore,send,DEV132,0
TXN107722,USER5875,89043.66,2025-03-14 05:58:30,Jaipur,self_transfer,DEV525,0
TXN107723,USER8420,133323.76,2025-04-01 07:59:30,Mumbai,receive,DEV258,0
TXN107724,USER1186,129695.54,2025-03-09 05:19:30,Kolkata,receive,DEV126,0
TXN107725,USER7904,137344.26,2025-03-24 14:14:30,Bangalore,self_transfer,DEV830,0
TXN107726,USER1837,34847.58,2025-02-25 01:52:30,Mumbai,self_transfer,DEV602,0
TXN107727,USER7839,113696.0,2025-03-10 06:12:30,Kolkata,receive,DEV837,0
TXN107728,USER5731,148641.58,2025-01-16 09:55:30,Jaipur,send,DEV446,1
TXN107729,USER6524,194004.28,2025-03-31 09:38:30,Jaipur,receive,DEV608,0
TXN107730,USER2059,68675.11,2025-03-08 14:06:30,Ahmedabad,bill_payment,DEV437,0
TXN107731,USER5653,12487.71,2025-03-28 03:21:30,Hyderabad,receive,DEV205,0
TXN107732,USER3497,128415.0,2025-03-28 20:58:30,Pune,receive,DEV364,0
TXN107733,USER2626,97820.11,2025-02-01 06:13:30,Ahmedabad,receive,DEV119,0
TXN107734,USER6378,5152.14,2025-04-04 16:53:30,Kolkata,merchant_payment,DEV720,0
TXN107735,USER8934,44640.51,2025-04-03 08:33:30,Pune,send,DEV427,0
TXN107736,USER5252,101406.73,2025-02-01 23:52:30,Delhi,self_transfer,DEV856,0
TXN107737,USER8791,101642.11,2025-01-26 03:46:30,Delhi,send,DEV970,1
TXN107738,USER5382,53897.18,2025-01-14 00:07:30,Hyderabad,bill_payment,DEV213,0
TXN107739,USER8992,45779.63,2025-03-28 11:43:30,Delhi,self_transfer,DEV649,0
TXN107740,USER5429,131939.61,2025-03-02 00:51:30,Chennai,receive,DEV777,0
TXN107741,USER3165,5719.05,2025-01-20 13:34:30,Hyderabad,merchant_payment,DEV693,0
TXN107742,USER3744,127336.6,2025-03-04 20:04:30,Mumbai,self_transfer,DEV923,0
TXN107743,USER5506,64565.62,2025-02-23 10:37:30,Jaipur,bill_payment,DEV438,0
TXN107744,USER9175,164572.89,2025-03-22 13:21:30,Kolkata,send,DEV642,0
TXN107745,USER4873,136712.92,2025-01-14 07:35:30,Pune,bill_payment,DEV498,0
TXN107746,USER9978,163762.45,2025-03-08 07:23:30,Jaipur,receive,DEV322,0
TXN107747,USER5309,143489.24,2025-02-11 22:53:30,Kolkata,receive,DEV657,0
TXN107748,USER1922,172036.48,2025-01-11 11:40:30,Jaipur,send,DEV572,0
TXN107749,USER5143,33430.3,2025-01-27 03:21:30,Ahmedabad,send,DEV752,0
TXN107750,USER8692,24096.29,2025-02-08 03:47:30,Hyderabad,receive,DEV430,0
TXN107751,USER9280,31740.36,2025-01-13 16:18:30,Chennai,merchant_payment,DEV212,0
TXN107752,USER5645,173608.36,2025-02-24 02:07:30,Jaipur,receive,DEV700,1
TXN107753,USER1333,178701.63,2025-03-11 14:56:30,Hyderabad,bill_payment,DEV362,0
TXN107754,USER8945,171348.82,2025-02-14 20:09:30,Mumbai,bill_payment,DEV285,0
TXN107755,USER7914,76576.73,2025-03-31 13:57:30,Chennai,bill_payment,DEV536,0
TXN107756,USER8243,51149.17,2025-01-26 01:48:30,Bangalore,receive,DEV437,0
TXN107757,USER6101,63711.18,2025-02-18 15:50:30,Ahmedabad,merchant_payment,DEV682,0
TXN107758,USER5345,28796.53,2025-02-09 10:04:30,Mumbai,send,DEV237,0
TXN107759,USER7138,42791.85,2025-01-19 13:12:30,Hyderabad,send,DEV241,0
TXN107760,USER5237,164510.66,2025-03-22 14:18:30,Kolkata,receive,DEV285,0
TXN107761,USER3722,53951.06,2025-02-08 12:24:30,Kolkata,send,DEV820,0
TXN107762,USER4560,69617.01,2025-03-17 02:43:30,Pune,send,DEV696,0
TXN107763,USER8868,16703.9,2025-03-29 15:43:30,Delhi,send,DEV490,0
TXN107764,USER2775,103563.24,2025-02-08 14:27:30,Jaipur,send,DEV224,0
TXN107765,USER2334,99456.7,2025-01-20 10:45:30,Ahmedabad,send,DEV230,0
TXN107766,USER5731,108564.65,2025-03-07 07:44:30,Pune,merchant_payment,DEV444,0
TXN107767,USER6962,48571.73,2025-02-01 18:27:30,Bangalore,merchant_payment,DEV625,0
TXN107768,USER6393,70794.85,2025-03-02 12:08:30,Chennai,self_transfer,DEV209,0
TXN107769,USER7276,135977.66,2025-03-02 01:12:30,Mumbai,bill_payment,DEV110,1
TXN107770,USER5980,66483.77,2025-01-10 23:48:30,Hyderabad,bill_payment,DEV451,0
TXN107771,USER9887,148761.66,2025-02-11 01:05:30,Ahmedabad,send,DEV718,1
TXN107772,USER3480,185412.46,2025-03-18 09:36:30,Hyderabad,bill_payment,DEV452,0
TXN107773,USER6207,8334.36,2025-01-31 22:54:30,Chennai,bill_payment,DEV439,0
TXN107774,USER7415,79482.01,2025-02-27 12:38:30,Kolkata,merchant_payment,DEV852,0
TXN107775,USER5767,6816.69,2025-01-26 21:24:30,Bangalore,receive,DEV459,0
TXN107776,USER8547,103934.54,2025-03-07 17:09:30,Bangalore,merchant_payment,DEV769,0
TXN107777,USER1894,161528.34,2025-02-07 08:12:30,Jaipur,self_transfer,DEV465,0
TXN107778,USER4822,37721.66,2025-02-21 05:24:30,Bangalore,bill_payment,DEV299,0
TXN107779,USER1786,8162.19,2025-02-15 20:17:30,Mumbai,receive,DEV875,0
TXN107780,USER6824,77737.24,2025-03-10 23:40:30,Mumbai,send,DEV360,0
TXN107781,USER1937,189886.36,2025-02-18 07:21:30,Pune,merchant_payment,DEV231,0
TXN107782,USER4128,35769.09,2025-02-11 02:02:30,Bangalore,send,DEV443,0
TXN107783,USER7756,53811.33,2025-03-01 03:34:30,Pune,send,DEV693,0
TXN107784,USER9802,95422.48,2025-01-06 13:59:30,Kolkata,receive,DEV513,0
TXN107785,USER8174,187619.41,2025-02-01 00:22:30,Bangalore,receive,DEV239,0
TXN107786,USER6813,174249.24,2025-03-10 10:51:30,Hyderabad,send,DEV104,0
TXN107787,USER9719,4372.26,2025-02-02 06:07:30,Bangalore,send,DEV917,0
TXN107788,USER4022,166579.9,2025-03-31 09:00:30,Bangalore,bill_payment,DEV274,0
TXN107789,USER2907,46976.94,2025-03-08 18:57:30,Chennai,receive,DEV248,0
TXN107790,USER9034,100859.42,2025-02-25 17:02:30,Hyderabad,receive,DEV362,0
TXN107791,USER5370,140867.99,2025-01-22 22:53:30,Hyderabad,merchant_payment,DEV964,0
TXN107792,USER9398,176946.06,2025-04-02 04:55:30,Ahmedabad,self_transfer,DEV320,0
TXN107793,USER3107,94456.17,2025-02-17 13:01:30,Pune,bill_payment,DEV963,0
TXN107794,USER5559,18969.47,2025-01-08 22:00:30,Mumbai,send,DEV815,0
TXN107795,USER9520,173955.34,2025-03-30 05:09:30,Jaipur,send,DEV895,0
TXN107796,USER7840,24084.68,2025-04-01 23:50:30,Ahmedabad,receive,DEV693,0
TXN107797,USER8337,83657.86,2025-02-18 02:27:30,Hyderabad,receive,DEV283,0
TXN107798,USER1205,91584.54,2025-02-04 14:23:30,Delhi,bill_payment,DEV913,0
TXN107799,USER1124,78446.05,2025-01-20 22:03:30,Bangalore,receive,DEV773,0
TXN107800,USER3003,89162.84,2025-01-21 09:07:30,Bangalore,merchant_payment,DEV236,0
TXN107801,USER5917,55271.27,2025-02-05 15:02:30,Kolkata,bill_payment,DEV463,0
TXN107802,USER7608,43625.07,2025-01-15 20:10:30,Mumbai,merchant_payment,DEV706,0
TXN107803,USER3350,142933.08,2025-02-03 02:56:30,Hyderabad,bill_payment,DEV724,1
TXN107804,USER6403,71503.06,2025-04-07 00:17:30,Mumbai,merchant_payment,DEV805,0
TXN107805,USER1869,29210.18,2025-02-10 13:03:30,Mumbai,send,DEV962,0
TXN107806,USER2751,120569.48,2025-03-17 02:42:30,Hyderabad,bill_payment,DEV577,1
TXN107807,USER7258,182644.32,2025-01-14 10:53:30,Delhi,merchant_payment,DEV419,0
TXN107808,USER5649,34588.71,2025-01-10 23:16:30,Kolkata,merchant_payment,DEV345,0
TXN107809,USER6057,66588.1,2025-03-11 04:45:30,Hyderabad,merchant_payment,DEV958,0
TXN107810,USER7013,72710.77,2025-02-28 13:42:30,Chennai,merchant_payment,DEV451,0
TXN107811,USER1532,62192.14,2025-03-02 20:03:30,Jaipur,self_transfer,DEV939,0
TXN107812,USER9982,52686.89,2025-02-17 04:01:30,Pune,send,DEV797,0
TXN107813,USER2973,104142.5,2025-03-21 04:58:30,Jaipur,bill_payment,DEV305,0
TXN107814,USER9751,6335.73,2025-01-08 15:23:30,Delhi,send,DEV109,0
TXN107815,USER8457,97413.36,2025-02-18 10:03:30,Kolkata,send,DEV635,0
TXN107816,USER9529,9565.68,2025-02-28 23:42:30,Jaipur,merchant_payment,DEV146,0
TXN107817,USER4307,150080.72,2025-03-19 11:32:30,Bangalore,receive,DEV978,0
TXN107818,USER2747,74677.47,2025-02-05 11:45:30,Pune,receive,DEV160,0
TXN107819,USER3006,62156.03,2025-02-05 18:54:30,Chennai,send,DEV276,0
TXN107820,USER9183,47856.7,2025-03-01 11:58:30,Hyderabad,send,DEV416,0
TXN107821,USER3427,32549.0,2025-02-09 03:33:30,Kolkata,self_transfer,DEV479,0
TXN107822,USER3861,140208.33,2025-01-15 10:13:30,Hyderabad,receive,DEV904,0
TXN107823,USER2152,56583.88,2025-03-11 12:17:30,Chennai,merchant_payment,DEV658,0
TXN107824,USER5615,102470.0,2025-02-03 11:47:30,Pune,bill_payment,DEV980,0
TXN107825,USER2808,112796.83,2025-04-04 07:19:30,Hyderabad,receive,DEV254,0
TXN107826,USER7230,159643.17,2025-03-31 18:03:30,Mumbai,receive,DEV238,0
TXN107827,USER7344,194202.33,2025-02-24 22:04:30,Pune,bill_payment,DEV372,0
TXN107828,USER2299,71860.55,2025-02-25 12:17:30,Delhi,merchant_payment,DEV367,0
TXN107829,USER2968,129742.51,2025-04-06 22:01:30,Hyderabad,bill_payment,DEV470,0
TXN107830,USER2118,50723.93,2025-02-20 20:53:30,Jaipur,send,DEV162,0
TXN107831,USER4057,191640.63,2025-02-07 16:11:30,Pune,self_transfer,DEV287,0
TXN107832,USER7142,69714.01,2025-03-29 19:07:30,Bangalore,self_transfer,DEV836,0
TXN107833,USER9962,95861.1,2025-01-29 18:12:30,Delhi,bill_payment,DEV893,0
TXN107834,USER9265,106275.15,2025-03-12 07:12:30,Pune,receive,DEV992,0
TXN107835,USER4766,78538.75,2025-02-04 04:41:30,Mumbai,self_transfer,DEV782,0
TXN107836,USER2258,110803.74,2025-03-16 16:03:30,Pune,bill_payment,DEV778,0
TXN107837,USER4884,94997.73,2025-03-22 14:19:30,Bangalore,receive,DEV112,0
TXN107838,USER8004,188225.01,2025-02-19 08:03:30,Pune,receive,DEV240,0
TXN107839,USER1412,62423.67,2025-02-12 22:23:30,Pune,bill_payment,DEV708,0
TXN107840,USER2412,160503.51,2025-02-22 10:33:30,Kolkata,merchant_payment,DEV504,0
TXN107841,USER9712,132044.83,2025-01-21 05:06:30,Mumbai,bill_payment,DEV644,0
TXN107842,USER4865,119124.89,2025-02-01 07:11:30,Chennai,bill_payment,DEV471,0
TXN107843,USER2774,182758.74,2025-01-27 17:22:30,Hyderabad,self_transfer,DEV945,0
TXN107844,USER8549,176686.62,2025-01-20 22:13:30,Kolkata,self_transfer,DEV837,0
TXN107845,USER8002,77289.42,2025-01-08 01:08:30,Pune,receive,DEV378,0
TXN107846,USER4343,120928.87,2025-03-22 15:57:30,Jaipur,bill_payment,DEV594,0
TXN107847,USER6356,164916.8,2025-03-08 15:13:30,Ahmedabad,merchant_payment,DEV576,0
TXN107848,USER9924,183474.57,2025-02-15 00:21:30,Jaipur,bill_payment,DEV736,0
TXN107849,USER1891,171367.31,2025-03-03 04:20:30,Delhi,merchant_payment,DEV280,0
TXN107850,USER9091,16148.58,2025-02-28 23:49:30,Kolkata,self_transfer,DEV502,0
TXN107851,USER7582,117030.34,2025-01-10 14:47:30,Pune,send,DEV343,0
TXN107852,USER3880,62089.26,2025-04-07 10:09:30,Bangalore,merchant_payment,DEV571,0
TXN107853,USER3915,95926.9,2025-02-17 03:01:30,Bangalore,self_transfer,DEV865,0
TXN107854,USER7395,183923.99,2025-04-02 01:57:30,Kolkata,self_transfer,DEV346,1
TXN107855,USER9442,192323.36,2025-01-20 02:05:30,Pune,bill_payment,DEV512,1
TXN107856,USER2648,53622.33,2025-01-21 12:17:30,Chennai,self_transfer,DEV838,0
TXN107857,USER1595,131426.56,2025-01-16 16:20:30,Ahmedabad,bill_payment,DEV558,0
TXN107858,USER8626,58218.96,2025-01-12 13:17:30,Mumbai,send,DEV935,0
TXN107859,USER2491,12816.22,2025-03-12 08:09:30,Bangalore,merchant_payment,DEV880,0
TXN107860,USER9471,59951.38,2025-01-27 01:26:30,Kolkata,receive,DEV776,0
TXN107861,USER1908,177490.0,2025-03-17 21:30:30,Pune,self_transfer,DEV718,0
TXN107862,USER3038,69865.81,2025-01-31 19:39:30,Jaipur,self_transfer,DEV819,0
TXN107863,USER6797,85934.21,2025-03-25 04:02:30,Hyderabad,merchant_payment,DEV630,0
TXN107864,USER9596,93321.38,2025-01-20 04:55:30,Delhi,self_transfer,DEV351,0
TXN107865,USER3664,179783.2,2025-03-17 21:31:30,Chennai,receive,DEV190,0
TXN107866,USER6096,20662.99,2025-01-13 12:28:30,Bangalore,bill_payment,DEV108,0
TXN107867,USER7090,30305.15,2025-01-14 01:28:30,Chennai,receive,DEV945,0
TXN107868,USER2867,177545.49,2025-01-11 21:30:30,Hyderabad,merchant_payment,DEV495,0
TXN107869,USER9491,105492.02,2025-01-21 23:11:30,Bangalore,self_transfer,DEV422,0
TXN107870,USER7663,73916.37,2025-03-04 04:22:30,Delhi,receive,DEV376,0
TXN107871,USER7847,63443.01,2025-03-23 01:01:30,Mumbai,send,DEV827,0
TXN107872,USER9874,34020.06,2025-03-19 09:37:30,Ahmedabad,receive,DEV315,0
TXN107873,USER2816,129470.23,2025-03-03 15:41:30,Hyderabad,send,DEV769,0
TXN107874,USER4924,81681.75,2025-03-11 06:02:30,Chennai,receive,DEV368,0
TXN107875,USER3878,133624.68,2025-03-05 12:13:30,Ahmedabad,self_transfer,DEV412,0
TXN107876,USER7123,101672.92,2025-03-20 07:09:30,Mumbai,bill_payment,DEV962,0
TXN107877,USER6535,46613.22,2025-02-11 11:50:30,Ahmedabad,receive,DEV550,0
TXN107878,USER7071,33534.29,2025-03-27 00:45:30,Chennai,bill_payment,DEV540,0
TXN107879,USER3610,158650.81,2025-01-22 08:55:30,Mumbai,merchant_payment,DEV799,0
TXN107880,USER9536,34496.27,2025-02-27 13:23:30,Hyderabad,bill_payment,DEV258,0
TXN107881,USER4529,169263.28,2025-02-13 11:11:30,Kolkata,merchant_payment,DEV216,0
TXN107882,USER8693,67289.37,2025-02-02 04:50:30,Delhi,merchant_payment,DEV811,0
TXN107883,USER8540,20644.72,2025-03-25 02:03:30,Pune,self_transfer,DEV423,0
TXN107884,USER9789,177929.23,2025-03-25 12:19:30,Jaipur,bill_payment,DEV463,0
TXN107885,USER3954,191576.98,2025-03-23 14:15:30,Ahmedabad,send,DEV328,0
TXN107886,USER3711,29187.36,2025-02-27 08:10:30,Chennai,send,DEV218,0
TXN107887,USER9967,194579.19,2025-03-21 21:50:30,Delhi,merchant_payment,DEV556,0
TXN107888,USER1597,83759.86,2025-02-19 10:01:30,Delhi,self_transfer,DEV470,0
TXN107889,USER4016,90493.18,2025-01-24 22:44:30,Jaipur,receive,DEV974,0
TXN107890,USER3140,54892.78,2025-02-27 20:51:30,Mumbai,merchant_payment,DEV736,0
TXN107891,USER6945,196394.23,2025-02-16 20:35:30,Chennai,bill_payment,DEV727,0
TXN107892,USER7785,198888.82,2025-02-12 09:18:30,Pune,send,DEV241,0
TXN107893,USER2036,129147.54,2025-01-14 23:20:30,Pune,bill_payment,DEV927,0
TXN107894,USER6461,106724.47,2025-01-29 16:20:30,Mumbai,receive,DEV652,0
TXN107895,USER5189,127844.93,2025-01-10 21:55:30,Bangalore,send,DEV700,0
TXN107896,USER3911,43640.67,2025-01-26 22:56:30,Ahmedabad,bill_payment,DEV331,0
TXN107897,USER8770,142210.32,2025-01-29 11:35:30,Ahmedabad,self_transfer,DEV693,0
TXN107898,USER4995,85237.45,2025-03-15 21:48:30,Bangalore,receive,DEV540,0
TXN107899,USER7013,48575.15,2025-01-24 03:21:30,Delhi,merchant_payment,DEV302,0
TXN107900,USER3209,102476.29,2025-01-26 23:33:30,Delhi,receive,DEV984,0
TXN107901,USER3211,48775.26,2025-01-26 23:58:30,Hyderabad,send,DEV778,0
TXN107902,USER6697,116489.65,2025-01-29 18:51:30,Pune,receive,DEV403,0
TXN107903,USER3688,141312.37,2025-04-01 10:55:30,Kolkata,send,DEV554,0
TXN107904,USER6824,113105.46,2025-02-26 22:24:30,Mumbai,send,DEV999,0
TXN107905,USER2619,128934.42,2025-03-10 12:08:30,Pune,self_transfer,DEV106,0
TXN107906,USER1535,14484.04,2025-01-17 01:31:30,Chennai,merchant_payment,DEV418,0
TXN107907,USER1627,27162.89,2025-02-24 23:02:30,Chennai,send,DEV559,0
TXN107908,USER5405,58605.27,2025-03-16 21:29:30,Jaipur,bill_payment,DEV705,0
TXN107909,USER9227,151212.31,2025-02-08 13:27:30,Pune,receive,DEV180,0
TXN107910,USER8680,40353.59,2025-03-09 19:32:30,Kolkata,receive,DEV358,0
TXN107911,USER8403,171302.08,2025-04-07 01:40:30,Chennai,bill_payment,DEV998,1
TXN107912,USER6383,32992.65,2025-03-04 03:55:30,Ahmedabad,send,DEV822,0
TXN107913,USER8475,161571.98,2025-01-29 08:24:30,Delhi,bill_payment,DEV162,0
TXN107914,USER8151,30859.95,2025-03-21 18:52:30,Mumbai,bill_payment,DEV235,0
TXN107915,USER2054,195258.09,2025-03-16 17:00:30,Pune,bill_payment,DEV185,0
TXN107916,USER2043,172696.31,2025-01-13 09:58:30,Mumbai,receive,DEV729,0
TXN107917,USER4623,42849.77,2025-01-23 14:24:30,Chennai,receive,DEV965,0
TXN107918,USER8930,99184.33,2025-04-02 05:53:30,Delhi,merchant_payment,DEV954,0
TXN107919,USER7365,53176.08,2025-04-06 01:10:30,Kolkata,bill_payment,DEV174,0
TXN107920,USER4914,161756.32,2025-03-26 00:03:30,Bangalore,bill_payment,DEV553,0
TXN107921,USER2043,46772.78,2025-03-01 22:01:30,Hyderabad,send,DEV328,0
TXN107922,USER7642,118208.18,2025-01-10 21:44:30,Ahmedabad,merchant_payment,DEV950,0
TXN107923,USER3567,91951.62,2025-02-26 12:45:30,Jaipur,merchant_payment,DEV331,0
TXN107924,USER2272,42890.91,2025-03-12 02:05:30,Kolkata,self_transfer,DEV553,1
TXN107925,USER8237,45783.85,2025-03-21 12:20:30,Mumbai,receive,DEV337,0
TXN107926,USER7363,69751.9,2025-04-01 10:11:30,Chennai,bill_payment,DEV446,0
TXN107927,USER5774,56552.0,2025-03-29 06:59:30,Kolkata,bill_payment,DEV952,0
TXN107928,USER8214,108882.45,2025-01-22 04:02:30,Ahmedabad,bill_payment,DEV337,0
TXN107929,USER6478,138377.16,2025-02-11 00:52:30,Bangalore,merchant_payment,DEV946,0
TXN107930,USER8644,181083.71,2025-02-22 18:21:30,Jaipur,bill_payment,DEV703,0
TXN107931,USER9523,36394.06,2025-01-29 09:18:30,Pune,receive,DEV462,0
TXN107932,USER5751,185687.97,2025-04-06 16:07:30,Hyderabad,send,DEV470,0
TXN107933,USER4145,165000.95,2025-02-06 09:53:30,Pune,self_transfer,DEV967,0
TXN107934,USER9159,68229.31,2025-03-30 10:46:30,Hyderabad,bill_payment,DEV135,0
TXN107935,USER6385,178201.51,2025-02-15 21:55:30,Delhi,merchant_payment,DEV598,0
TXN107936,USER3649,17701.51,2025-03-23 17:36:30,Kolkata,self_transfer,DEV851,0
TXN107937,USER8694,123429.29,2025-01-22 08:49:30,Pune,send,DEV230,0
TXN107938,USER2704,20847.74,2025-02-15 13:44:30,Jaipur,send,DEV591,0
TXN107939,USER9000,134019.16,2025-02-11 16:01:30,Bangalore,bill_payment,DEV531,0
TXN107940,USER1051,20177.67,2025-02-10 19:54:30,Bangalore,send,DEV261,0
TXN107941,USER3754,125438.1,2025-01-10 07:39:30,Delhi,self_transfer,DEV901,0
TXN107942,USER6200,35288.53,2025-04-01 05:13:30,Kolkata,bill_payment,DEV977,0
TXN107943,USER8915,143352.65,2025-01-19 22:06:30,Pune,self_transfer,DEV296,0
TXN107944,USER2412,108249.47,2025-02-16 04:43:30,Ahmedabad,bill_payment,DEV435,0
TXN107945,USER1340,50019.18,2025-03-07 17:30:30,Mumbai,self_transfer,DEV817,0
TXN107946,USER6088,47247.51,2025-03-11 17:20:30,Mumbai,send,DEV219,0
TXN107947,USER3661,40827.92,2025-03-03 12:47:30,Ahmedabad,merchant_payment,DEV449,0
TXN107948,USER8987,75204.93,2025-03-25 17:24:30,Hyderabad,self_transfer,DEV863,0
TXN107949,USER3371,128956.59,2025-03-13 07:15:30,Mumbai,self_transfer,DEV920,0
TXN107950,USER8463,76430.58,2025-04-05 22:57:30,Ahmedabad,merchant_payment,DEV528,0
TXN107951,USER9676,120391.48,2025-01-27 23:46:30,Chennai,merchant_payment,DEV253,1
TXN107952,USER3472,91546.84,2025-02-16 20:38:30,Jaipur,receive,DEV895,0
TXN107953,USER9872,26323.71,2025-02-10 02:23:30,Jaipur,merchant_payment,DEV158,0
TXN107954,USER6647,60354.55,2025-01-25 10:15:30,Mumbai,send,DEV840,0
TXN107955,USER5364,127342.1,2025-02-24 14:19:30,Chennai,merchant_payment,DEV198,0
TXN107956,USER1498,26100.08,2025-02-16 08:00:30,Delhi,self_transfer,DEV846,0
TXN107957,USER7482,173761.48,2025-03-08 23:14:30,Chennai,merchant_payment,DEV174,0
TXN107958,USER8089,92691.66,2025-03-03 14:29:30,Bangalore,receive,DEV944,0
TXN107959,USER1195,44317.95,2025-03-05 17:14:30,Jaipur,bill_payment,DEV666,0
TXN107960,USER7345,10194.44,2025-02-07 08:51:30,Ahmedabad,merchant_payment,DEV857,0
TXN107961,USER6581,17155.85,2025-02-21 14:17:30,Mumbai,bill_payment,DEV850,0
TXN107962,USER2897,52748.57,2025-03-11 13:57:30,Jaipur,self_transfer,DEV805,0
TXN107963,USER2212,56580.59,2025-01-17 23:41:30,Kolkata,receive,DEV207,0
TXN107964,USER6472,130.15,2025-03-07 13:17:30,Pune,merchant_payment,DEV438,0
TXN107965,USER6556,81208.98,2025-02-05 20:46:30,Pune,self_transfer,DEV593,0
TXN107966,USER4339,11852.16,2025-02-19 20:57:30,Hyderabad,receive,DEV887,0
TXN107967,USER3790,195487.69,2025-02-26 08:47:30,Chennai,receive,DEV647,0
TXN107968,USER6571,175403.74,2025-01-19 07:09:30,Chennai,bill_payment,DEV248,0
TXN107969,USER1654,155293.16,2025-02-26 12:52:30,Pune,receive,DEV859,0
TXN107970,USER3197,68454.07,2025-03-09 16:46:30,Chennai,receive,DEV801,0
TXN107971,USER3595,187455.53,2025-02-28 15:44:30,Bangalore,receive,DEV506,0
TXN107972,USER9886,61813.31,2025-03-24 01:31:30,Chennai,receive,DEV223,0
TXN107973,USER1741,143921.22,2025-03-15 12:04:30,Ahmedabad,send,DEV342,0
TXN107974,USER6835,10696.86,2025-02-23 00:28:30,Mumbai,merchant_payment,DEV605,0
TXN107975,USER3200,65098.42,2025-01-19 02:10:30,Chennai,bill_payment,DEV630,0
TXN107976,USER1523,25066.23,2025-03-05 04:56:30,Jaipur,receive,DEV293,0
TXN107977,USER3393,53004.85,2025-02-15 13:39:30,Delhi,bill_payment,DEV368,0
TXN107978,USER3855,178223.56,2025-01-20 10:52:30,Chennai,send,DEV829,0
TXN107979,USER4427,181934.69,2025-02-13 07:59:30,Mumbai,self_transfer,DEV514,0
TXN107980,USER4931,167315.53,2025-02-02 19:10:30,Ahmedabad,receive,DEV546,0
TXN107981,USER5132,189936.96,2025-02-27 09:29:30,Pune,bill_payment,DEV760,0
TXN107982,USER6047,157617.03,2025-03-14 13:23:30,Pune,self_transfer,DEV138,0
TXN107983,USER9850,9709.33,2025-02-20 07:16:30,Ahmedabad,merchant_payment,DEV666,0
TXN107984,USER8610,186090.17,2025-03-07 03:10:30,Pune,send,DEV183,1
TXN107985,USER5817,139338.47,2025-02-24 19:56:30,Jaipur,send,DEV794,0
TXN107986,USER1472,74993.16,2025-01-16 01:58:30,Mumbai,merchant_payment,DEV552,0
TXN107987,USER1793,45640.78,2025-04-03 10:32:30,Bangalore,self_transfer,DEV338,0
TXN107988,USER9258,192111.5,2025-03-31 07:23:30,Bangalore,send,DEV130,0
TXN107989,USER1967,120992.63,2025-02-07 09:43:30,Delhi,send,DEV230,0
TXN107990,USER9561,136567.96,2025-01-20 08:51:30,Bangalore,self_transfer,DEV220,0
TXN107991,USER1166,37916.44,2025-02-19 13:37:30,Mumbai,bill_payment,DEV168,0
TXN107992,USER7804,128121.51,2025-01-23 03:08:30,Mumbai,bill_payment,DEV472,1
TXN107993,USER7817,194478.33,2025-02-03 12:16:30,Delhi,merchant_payment,DEV778,0
TXN107994,USER4853,60428.24,2025-01-11 20:49:30,Hyderabad,self_transfer,DEV465,0
TXN107995,USER5559,99567.05,2025-01-28 04:15:30,Bangalore,self_transfer,DEV915,0
TXN107996,USER4541,177875.03,2025-03-23 07:02:30,Ahmedabad,merchant_payment,DEV365,0
TXN107997,USER7698,167652.24,2025-03-17 20:16:30,Chennai,receive,DEV114,0
TXN107998,USER2210,168259.77,2025-01-19 20:41:30,Jaipur,self_transfer,DEV279,0
TXN107999,USER2299,3682.03,2025-02-01 08:45:30,Bangalore,merchant_payment,DEV460,0
TXN108000,USER9256,178886.14,2025-04-02 10:43:30,Mumbai,receive,DEV713,0
TXN108001,USER5097,82526.11,2025-01-26 02:25:30,Ahmedabad,send,DEV999,0
TXN108002,USER6511,191771.75,2025-02-07 07:40:30,Chennai,bill_payment,DEV644,0
TXN108003,USER3680,3579.85,2025-03-08 21:06:30,Hyderabad,receive,DEV568,0
TXN108004,USER2967,170451.06,2025-04-04 21:27:30,Kolkata,receive,DEV790,0
TXN108005,USER5528,61563.99,2025-01-28 12:10:30,Kolkata,self_transfer,DEV650,0
TXN108006,USER1711,180861.46,2025-01-10 21:40:30,Pune,receive,DEV572,0
TXN108007,USER2978,7636.82,2025-02-14 10:57:30,Pune,receive,DEV113,0
TXN108008,USER4194,33135.9,2025-02-10 14:51:30,Kolkata,send,DEV979,0
TXN108009,USER3044,185191.95,2025-03-09 14:36:30,Hyderabad,merchant_payment,DEV283,0
TXN108010,USER3021,99681.43,2025-03-15 21:03:30,Mumbai,bill_payment,DEV215,0
TXN108011,USER9346,21176.21,2025-03-04 19:29:30,Ahmedabad,bill_payment,DEV417,0
TXN108012,USER2331,136565.34,2025-01-24 11:11:30,Chennai,self_transfer,DEV885,0
TXN108013,USER4267,199880.81,2025-01-18 20:25:30,Jaipur,self_transfer,DEV396,0
TXN108014,USER2567,53727.96,2025-01-13 20:06:30,Bangalore,bill_payment,DEV759,0
TXN108015,USER2172,55439.59,2025-01-12 12:13:30,Pune,self_transfer,DEV935,0
TXN108016,USER8801,190632.97,2025-02-12 05:48:30,Delhi,send,DEV333,0
TXN108017,USER3519,60233.22,2025-01-07 06:51:30,Ahmedabad,bill_payment,DEV882,0
TXN108018,USER9411,153992.75,2025-03-30 07:12:30,Chennai,merchant_payment,DEV628,0
TXN108019,USER7326,53783.78,2025-03-20 19:54:30,Kolkata,send,DEV934,0
TXN108020,USER5521,86555.78,2025-01-15 07:09:30,Kolkata,self_transfer,DEV434,0
TXN108021,USER2482,172005.96,2025-02-05 21:34:30,Kolkata,bill_payment,DEV557,0
TXN108022,USER2052,143688.96,2025-03-13 23:52:30,Delhi,send,DEV718,0
TXN108023,USER4817,18081.7,2025-02-25 17:06:30,Pune,bill_payment,DEV657,0
TXN108024,USER7878,16596.79,2025-01-29 06:13:30,Hyderabad,send,DEV558,0
TXN108025,USER7543,189148.37,2025-02-07 08:26:30,Pune,bill_payment,DEV228,0
TXN108026,USER1875,170571.12,2025-03-03 13:55:30,Mumbai,receive,DEV268,0
TXN108027,USER3232,126307.66,2025-03-15 22:54:30,Pune,bill_payment,DEV974,0
TXN108028,USER2812,87709.4,2025-03-10 11:29:30,Jaipur,receive,DEV191,0
TXN108029,USER1338,193612.41,2025-01-13 07:41:30,Kolkata,send,DEV258,0
TXN108030,USER9896,181584.78,2025-03-27 05:43:30,Chennai,bill_payment,DEV122,0
TXN108031,USER3374,96885.44,2025-03-24 09:26:30,Jaipur,send,DEV233,0
TXN108032,USER9006,191551.9,2025-03-17 05:55:30,Chennai,receive,DEV733,0
TXN108033,USER1714,198606.48,2025-02-06 00:23:30,Delhi,self_transfer,DEV500,0
TXN108034,USER5780,154413.48,2025-01-17 20:33:30,Kolkata,send,DEV549,0
TXN108035,USER7429,60265.63,2025-01-31 01:43:30,Hyderabad,merchant_payment,DEV598,0
TXN108036,USER3880,106862.01,2025-04-06 00:04:30,Bangalore,bill_payment,DEV855,0
TXN108037,USER9820,100079.87,2025-01-25 13:50:30,Ahmedabad,bill_payment,DEV842,0
TXN108038,USER8862,63528.02,2025-02-21 19:44:30,Mumbai,self_transfer,DEV813,0
TXN108039,USER3814,87444.4,2025-03-31 23:56:30,Kolkata,receive,DEV212,0
TXN108040,USER1431,54959.3,2025-04-01 03:05:30,Mumbai,receive,DEV728,0
TXN108041,USER4362,42402.38,2025-02-08 08:10:30,Bangalore,receive,DEV423,0
TXN108042,USER7644,141214.5,2025-04-02 22:42:30,Jaipur,merchant_payment,DEV751,0
TXN108043,USER7353,75596.8,2025-03-21 10:41:30,Jaipur,merchant_payment,DEV686,0
TXN108044,USER1839,115405.4,2025-01-18 04:27:30,Chennai,receive,DEV689,0
TXN108045,USER7135,45514.92,2025-01-25 11:14:30,Jaipur,send,DEV602,0
TXN108046,USER6337,46758.52,2025-02-23 07:11:30,Ahmedabad,self_transfer,DEV504,0
TXN108047,USER1993,6314.52,2025-01-10 05:10:30,Pune,self_transfer,DEV491,0
TXN108048,USER6261,156694.96,2025-03-10 22:39:30,Jaipur,self_transfer,DEV705,0
TXN108049,USER1964,36697.21,2025-03-07 05:19:30,Bangalore,bill_payment,DEV233,0
TXN108050,USER9571,81685.58,2025-04-06 18:00:30,Ahmedabad,bill_payment,DEV222,0
TXN108051,USER6056,88108.29,2025-01-11 14:19:30,Pune,self_transfer,DEV308,0
TXN108052,USER2625,48314.95,2025-03-20 06:52:30,Jaipur,self_transfer,DEV414,0
TXN108053,USER3015,11143.35,2025-01-28 21:08:30,Delhi,receive,DEV911,0
TXN108054,USER9971,127450.2,2025-02-12 19:26:30,Mumbai,bill_payment,DEV907,0
TXN108055,USER2972,191819.13,2025-02-21 15:02:30,Hyderabad,receive,DEV415,0
TXN108056,USER7641,143792.51,2025-03-17 14:29:30,Delhi,bill_payment,DEV283,0
TXN108057,USER3759,67051.97,2025-03-12 16:11:30,Ahmedabad,bill_payment,DEV824,0
TXN108058,USER1380,91682.42,2025-01-20 11:12:30,Delhi,send,DEV695,0
TXN108059,USER5528,41363.46,2025-01-19 07:33:30,Chennai,bill_payment,DEV263,0
TXN108060,USER9591,113925.24,2025-01-15 15:32:30,Pune,send,DEV319,0
TXN108061,USER7773,85058.88,2025-03-10 15:21:30,Chennai,bill_payment,DEV342,0
TXN108062,USER8387,124682.96,2025-03-14 10:04:30,Delhi,send,DEV844,0
TXN108063,USER2951,52598.73,2025-01-18 01:51:30,Jaipur,bill_payment,DEV502,0
TXN108064,USER5962,196633.7,2025-01-07 00:41:30,Delhi,merchant_payment,DEV666,0
TXN108065,USER4543,199461.37,2025-01-23 20:06:30,Delhi,self_transfer,DEV807,0
TXN108066,USER4308,152966.33,2025-02-27 00:49:30,Chennai,send,DEV721,0
TXN108067,USER5906,77342.93,2025-04-02 23:26:30,Chennai,bill_payment,DEV247,0
TXN108068,USER9919,35349.5,2025-01-14 05:11:30,Ahmedabad,send,DEV810,0
TXN108069,USER3567,197541.95,2025-03-03 20:25:30,Pune,merchant_payment,DEV113,0
TXN108070,USER5884,168928.63,2025-02-19 17:46:30,Pune,bill_payment,DEV754,0
TXN108071,USER6945,181277.25,2025-03-02 00:52:30,Hyderabad,send,DEV270,0
TXN108072,USER9278,106081.27,2025-03-13 05:22:30,Kolkata,receive,DEV675,0
TXN108073,USER6477,199969.86,2025-01-29 13:42:30,Pune,send,DEV889,0
TXN108074,USER6635,31432.58,2025-03-21 21:44:30,Delhi,send,DEV227,0
TXN108075,USER7668,155445.05,2025-04-07 07:18:30,Jaipur,self_transfer,DEV461,0
TXN108076,USER8931,142757.26,2025-02-28 20:17:30,Mumbai,bill_payment,DEV835,0
TXN108077,USER7228,194726.21,2025-03-15 12:10:30,Bangalore,merchant_payment,DEV870,0
TXN108078,USER4408,120659.71,2025-03-20 07:12:30,Jaipur,merchant_payment,DEV169,0
TXN108079,USER5597,15601.79,2025-03-20 23:32:30,Hyderabad,send,DEV513,0
TXN108080,USER2824,186812.71,2025-03-09 21:08:30,Jaipur,merchant_payment,DEV771,0
TXN108081,USER4271,169726.86,2025-03-14 08:48:30,Kolkata,bill_payment,DEV660,0
TXN108082,USER1500,65507.68,2025-03-09 15:33:30,Bangalore,send,DEV832,0
TXN108083,USER5907,22864.27,2025-02-02 08:57:30,Delhi,receive,DEV837,0
TXN108084,USER4268,9454.22,2025-01-26 14:23:30,Ahmedabad,send,DEV923,0
TXN108085,USER5084,182652.72,2025-02-23 14:18:30,Bangalore,receive,DEV866,0
TXN108086,USER5160,95380.58,2025-02-17 00:21:30,Mumbai,receive,DEV825,0
TXN108087,USER7522,67286.27,2025-04-06 02:15:30,Hyderabad,self_transfer,DEV848,0
TXN108088,USER3053,78047.41,2025-03-24 09:12:30,Kolkata,receive,DEV718,0
TXN108089,USER2052,153938.36,2025-03-29 02:59:30,Hyderabad,merchant_payment,DEV802,1
TXN108090,USER8335,77757.36,2025-03-04 10:25:30,Chennai,merchant_payment,DEV972,0
TXN108091,USER3310,127073.6,2025-03-20 18:53:30,Jaipur,bill_payment,DEV109,0
TXN108092,USER9024,79421.32,2025-03-10 18:08:30,Chennai,merchant_payment,DEV103,0
TXN108093,USER9755,144367.29,2025-03-30 20:37:30,Bangalore,self_transfer,DEV614,0
TXN108094,USER8807,97253.4,2025-01-18 12:59:30,Jaipur,receive,DEV832,0
TXN108095,USER6472,79292.64,2025-02-16 17:52:30,Jaipur,merchant_payment,DEV142,0
TXN108096,USER7047,71935.14,2025-03-25 14:32:30,Chennai,send,DEV402,0
TXN108097,USER7472,11612.2,2025-02-08 06:47:30,Pune,merchant_payment,DEV695,0
TXN108098,USER6345,36389.34,2025-01-14 01:33:30,Hyderabad,self_transfer,DEV884,0
TXN108099,USER6898,63380.65,2025-01-27 04:00:30,Mumbai,merchant_payment,DEV362,0
TXN108100,USER2283,149044.16,2025-02-25 15:40:30,Hyderabad,bill_payment,DEV311,0
TXN108101,USER2497,128847.59,2025-02-22 01:57:30,Jaipur,bill_payment,DEV529,1
TXN108102,USER8079,59784.64,2025-03-29 07:13:30,Mumbai,receive,DEV280,0
TXN108103,USER5588,168308.27,2025-03-29 01:08:30,Mumbai,self_transfer,DEV560,1
TXN108104,USER5454,122723.28,2025-02-23 13:51:30,Chennai,self_transfer,DEV324,0
TXN108105,USER8445,66233.46,2025-03-11 12:35:30,Mumbai,self_transfer,DEV694,0
TXN108106,USER5661,124913.8,2025-02-19 18:34:30,Delhi,self_transfer,DEV340,0
TXN108107,USER4071,68166.74,2025-02-20 04:47:30,Hyderabad,receive,DEV561,0
TXN108108,USER8600,76652.15,2025-03-28 13:23:30,Delhi,send,DEV740,0
TXN108109,USER3091,175351.0,2025-03-16 02:35:30,Mumbai,merchant_payment,DEV590,1
TXN108110,USER5797,148354.6,2025-02-03 03:22:30,Bangalore,merchant_payment,DEV548,1
TXN108111,USER3685,193318.74,2025-03-20 07:53:30,Delhi,merchant_payment,DEV212,0
TXN108112,USER8057,101337.69,2025-03-28 19:27:30,Hyderabad,send,DEV349,0
TXN108113,USER2226,163706.78,2025-02-08 18:46:30,Hyderabad,merchant_payment,DEV145,0
TXN108114,USER3220,61021.46,2025-02-22 21:32:30,Ahmedabad,send,DEV172,0
TXN108115,USER6353,184019.43,2025-01-17 15:58:30,Mumbai,bill_payment,DEV191,0
TXN108116,USER1819,79421.35,2025-01-07 04:44:30,Hyderabad,self_transfer,DEV144,0
TXN108117,USER3451,84733.57,2025-02-26 06:50:30,Ahmedabad,send,DEV535,0
TXN108118,USER3787,181598.09,2025-01-13 17:19:30,Kolkata,receive,DEV301,0
TXN108119,USER1602,89704.06,2025-03-11 01:54:30,Chennai,self_transfer,DEV302,0
TXN108120,USER5279,81703.56,2025-03-01 17:09:30,Jaipur,self_transfer,DEV945,0
TXN108121,USER8530,103900.5,2025-02-06 14:52:30,Pune,merchant_payment,DEV719,0
TXN108122,USER6844,93947.06,2025-03-02 15:12:30,Chennai,receive,DEV261,0
TXN108123,USER4182,148771.4,2025-03-09 17:13:30,Ahmedabad,send,DEV773,0
TXN108124,USER1987,151819.27,2025-02-02 11:15:30,Jaipur,merchant_payment,DEV423,0
TXN108125,USER5730,50300.77,2025-02-02 06:14:30,Bangalore,receive,DEV412,0
TXN108126,USER7853,96759.64,2025-04-05 19:24:30,Bangalore,send,DEV559,0
TXN108127,USER2722,184006.4,2025-03-22 09:41:30,Pune,receive,DEV422,0
TXN108128,USER5464,149344.38,2025-02-19 11:36:30,Bangalore,send,DEV938,0
TXN108129,USER1894,83177.47,2025-02-04 10:42:30,Bangalore,bill_payment,DEV778,0
TXN108130,USER9951,98069.65,2025-02-22 07:55:30,Jaipur,send,DEV484,0
TXN108131,USER6270,80897.72,2025-02-24 14:23:30,Hyderabad,send,DEV816,0
TXN108132,USER2108,166028.11,2025-04-04 21:10:30,Chennai,send,DEV347,0
TXN108133,USER5495,114257.55,2025-02-20 04:36:30,Kolkata,merchant_payment,DEV950,0
TXN108134,USER5750,29608.01,2025-03-11 11:43:30,Mumbai,merchant_payment,DEV392,1
TXN108135,USER8260,115512.54,2025-03-29 19:32:30,Kolkata,send,DEV839,0
TXN108136,USER2146,57850.31,2025-02-22 10:26:30,Kolkata,send,DEV383,0
TXN108137,USER3166,116377.49,2025-01-13 15:36:30,Chennai,receive,DEV213,0
TXN108138,USER1271,46068.77,2025-03-02 12:56:30,Ahmedabad,bill_payment,DEV583,0
TXN108139,USER1201,180726.3,2025-02-11 11:01:30,Hyderabad,receive,DEV504,0
TXN108140,USER2812,172288.51,2025-03-24 19:08:30,Delhi,merchant_payment,DEV362,0
TXN108141,USER9492,175005.83,2025-01-22 00:35:30,Ahmedabad,bill_payment,DEV739,0
TXN108142,USER9045,12083.56,2025-02-09 17:56:30,Kolkata,receive,DEV166,0
TXN108143,USER2972,91022.72,2025-04-01 12:32:30,Delhi,receive,DEV827,0
TXN108144,USER7479,77487.92,2025-03-06 22:26:30,Pune,receive,DEV585,0
TXN108145,USER6749,1719.16,2025-03-21 10:42:30,Chennai,self_transfer,DEV643,0
TXN108146,USER7697,17948.45,2025-03-18 10:43:30,Bangalore,self_transfer,DEV454,0
TXN108147,USER5220,21709.16,2025-02-17 19:50:30,Delhi,self_transfer,DEV966,0
TXN108148,USER6338,139300.67,2025-03-13 23:56:30,Chennai,self_transfer,DEV947,0
TXN108149,USER1589,117456.37,2025-03-17 19:30:30,Pune,self_transfer,DEV928,0
TXN108150,USER5740,125595.97,2025-02-27 01:17:30,Delhi,self_transfer,DEV709,1
TXN108151,USER5055,53662.25,2025-01-24 09:30:30,Pune,send,DEV886,0
TXN108152,USER9422,117206.5,2025-03-07 06:36:30,Kolkata,self_transfer,DEV595,0
TXN108153,USER8805,81508.06,2025-02-11 23:33:30,Chennai,bill_payment,DEV672,0
TXN108154,USER8972,19608.83,2025-02-14 08:32:30,Hyderabad,receive,DEV203,0
TXN108155,USER7728,43099.88,2025-02-22 13:07:30,Ahmedabad,bill_payment,DEV944,0
TXN108156,USER6627,165917.87,2025-01-31 12:39:30,Bangalore,send,DEV457,0
TXN108157,USER3700,124033.27,2025-02-19 07:52:30,Ahmedabad,merchant_payment,DEV881,0
TXN108158,USER5847,74256.63,2025-01-14 10:00:30,Pune,self_transfer,DEV273,0
TXN108159,USER1416,37586.15,2025-03-18 00:12:30,Ahmedabad,bill_payment,DEV750,0
TXN108160,USER7751,181246.64,2025-02-05 12:55:30,Hyderabad,merchant_payment,DEV567,0
TXN108161,USER8848,197892.85,2025-04-06 02:28:30,Delhi,merchant_payment,DEV506,1
TXN108162,USER5244,82950.22,2025-02-15 05:14:30,Hyderabad,send,DEV397,0
TXN108163,USER6745,25038.19,2025-01-09 12:19:30,Pune,self_transfer,DEV193,0
TXN108164,USER5251,52936.01,2025-02-13 00:40:30,Jaipur,bill_payment,DEV972,0
TXN108165,USER2619,7811.09,2025-01-30 15:31:30,Ahmedabad,receive,DEV596,0
TXN108166,USER1873,5143.31,2025-03-13 19:03:30,Jaipur,merchant_payment,DEV712,0
TXN108167,USER5344,135749.97,2025-03-06 22:27:30,Chennai,send,DEV605,0
TXN108168,USER4713,6529.58,2025-02-25 18:38:30,Hyderabad,bill_payment,DEV540,0
TXN108169,USER5647,183796.38,2025-01-17 17:46:30,Pune,merchant_payment,DEV854,0
TXN108170,USER6152,27967.4,2025-01-20 23:53:30,Jaipur,receive,DEV637,0
TXN108171,USER1188,127454.31,2025-03-02 20:43:30,Kolkata,merchant_payment,DEV114,0
TXN108172,USER6482,137899.28,2025-01-27 15:35:30,Bangalore,self_transfer,DEV834,0
TXN108173,USER1834,76533.32,2025-02-19 19:30:30,Ahmedabad,self_transfer,DEV434,0
TXN108174,USER7909,182561.9,2025-01-24 00:39:30,Delhi,self_transfer,DEV252,0
TXN108175,USER1083,86569.42,2025-02-21 16:35:30,Ahmedabad,receive,DEV415,0
TXN108176,USER4748,114104.45,2025-03-25 22:38:30,Ahmedabad,receive,DEV591,0
TXN108177,USER9160,2677.96,2025-01-22 08:14:30,Ahmedabad,merchant_payment,DEV588,0
TXN108178,USER6592,52592.12,2025-01-17 01:32:30,Bangalore,send,DEV952,0
TXN108179,USER1210,95151.38,2025-02-18 09:04:30,Hyderabad,bill_payment,DEV605,0
TXN108180,USER8453,65578.26,2025-02-20 22:29:30,Hyderabad,merchant_payment,DEV525,0
TXN108181,USER9355,15041.95,2025-01-30 18:31:30,Pune,self_transfer,DEV805,0
TXN108182,USER6263,34088.43,2025-01-26 07:45:30,Kolkata,receive,DEV876,0
TXN108183,USER6207,8151.32,2025-03-25 10:06:30,Hyderabad,self_transfer,DEV816,0
TXN108184,USER9286,15525.28,2025-03-12 00:07:30,Jaipur,bill_payment,DEV563,0
TXN108185,USER4599,146692.8,2025-02-24 19:02:30,Delhi,receive,DEV170,0
TXN108186,USER4414,160808.51,2025-01-26 02:11:30,Bangalore,send,DEV708,1
TXN108187,USER5040,147648.2,2025-01-14 11:07:30,Jaipur,bill_payment,DEV916,0
TXN108188,USER2446,193228.76,2025-03-18 00:07:30,Jaipur,merchant_payment,DEV500,0
TXN108189,USER6999,34846.21,2025-02-14 20:42:30,Chennai,self_transfer,DEV659,0
TXN108190,USER5983,15043.24,2025-02-17 05:48:30,Hyderabad,self_transfer,DEV129,0
TXN108191,USER5165,31032.92,2025-02-09 05:34:30,Chennai,bill_payment,DEV997,0
TXN108192,USER4419,187885.67,2025-02-24 20:11:30,Ahmedabad,merchant_payment,DEV383,0
TXN108193,USER9129,84029.15,2025-03-02 13:39:30,Kolkata,send,DEV359,0
TXN108194,USER8405,197383.79,2025-03-10 15:00:30,Jaipur,merchant_payment,DEV694,0
TXN108195,USER4980,51849.35,2025-04-06 11:09:30,Kolkata,bill_payment,DEV142,0
TXN108196,USER1907,63636.31,2025-02-13 18:46:30,Hyderabad,send,DEV625,0
TXN108197,USER7728,22147.59,2025-03-20 12:34:30,Delhi,bill_payment,DEV168,0
TXN108198,USER2532,122039.27,2025-03-23 16:33:30,Jaipur,receive,DEV755,0
TXN108199,USER5467,53467.16,2025-04-01 11:14:30,Ahmedabad,send,DEV968,0
TXN108200,USER9397,160423.14,2025-03-03 03:59:30,Delhi,send,DEV630,1
TXN108201,USER7255,41131.73,2025-02-20 22:14:30,Delhi,receive,DEV178,0
TXN108202,USER2270,185413.79,2025-01-23 11:43:30,Delhi,receive,DEV209,0
TXN108203,USER4523,119312.38,2025-03-16 03:10:30,Jaipur,send,DEV730,1
TXN108204,USER1008,58848.2,2025-01-13 12:21:30,Ahmedabad,receive,DEV501,0
TXN108205,USER4674,143409.46,2025-04-05 11:38:30,Pune,receive,DEV158,0
TXN108206,USER9753,196227.33,2025-02-17 19:34:30,Mumbai,receive,DEV758,0
TXN108207,USER3088,116611.57,2025-01-26 11:00:30,Delhi,send,DEV277,0
TXN108208,USER3236,131915.18,2025-03-27 07:21:30,Delhi,self_transfer,DEV838,0
TXN108209,USER4758,170548.68,2025-01-18 10:57:30,Chennai,merchant_payment,DEV834,0
TXN108210,USER9880,147552.8,2025-02-10 08:28:30,Jaipur,receive,DEV866,0
TXN108211,USER6376,53947.71,2025-02-15 21:46:30,Hyderabad,send,DEV863,0
TXN108212,USER9825,32790.74,2025-03-15 03:25:30,Ahmedabad,bill_payment,DEV754,0
TXN108213,USER7797,36420.42,2025-03-30 07:13:30,Hyderabad,send,DEV902,0
TXN108214,USER7707,39054.99,2025-03-23 15:01:30,Chennai,self_transfer,DEV205,0
TXN108215,USER9188,45352.14,2025-03-08 00:47:30,Delhi,send,DEV900,0
TXN108216,USER9903,166690.82,2025-02-11 09:41:30,Delhi,self_transfer,DEV444,0
TXN108217,USER3630,97184.02,2025-03-29 00:52:30,Mumbai,self_transfer,DEV305,0
TXN108218,USER1100,152254.4,2025-01-12 02:06:30,Chennai,send,DEV901,1
TXN108219,USER4058,139953.24,2025-03-19 19:15:30,Chennai,bill_payment,DEV586,0
TXN108220,USER3611,23745.04,2025-01-26 20:01:30,Chennai,receive,DEV581,0
TXN108221,USER5964,111452.52,2025-04-07 07:44:30,Jaipur,merchant_payment,DEV444,0
TXN108222,USER5960,29488.97,2025-03-22 00:50:30,Kolkata,self_transfer,DEV458,0
TXN108223,USER1098,97206.38,2025-03-07 15:56:30,Chennai,merchant_payment,DEV164,0
TXN108224,USER5269,162659.52,2025-01-26 03:05:30,Hyderabad,send,DEV266,1
TXN108225,USER9914,104917.32,2025-02-22 11:09:30,Kolkata,bill_payment,DEV903,0
TXN108226,USER7893,137049.1,2025-03-21 02:46:30,Kolkata,receive,DEV593,1
TXN108227,USER8772,191754.36,2025-02-13 14:49:30,Kolkata,self_transfer,DEV120,0
TXN108228,USER3420,109976.97,2025-01-09 18:08:30,Ahmedabad,self_transfer,DEV144,0
TXN108229,USER1529,11963.93,2025-02-25 18:20:30,Ahmedabad,merchant_payment,DEV612,1
TXN108230,USER1427,130802.2,2025-04-05 06:28:30,Mumbai,self_transfer,DEV346,0
TXN108231,USER9614,105860.06,2025-02-14 02:56:30,Ahmedabad,self_transfer,DEV309,1
TXN108232,USER1842,79917.62,2025-01-23 22:56:30,Chennai,merchant_payment,DEV725,0
TXN108233,USER2331,65561.11,2025-03-23 02:53:30,Jaipur,self_transfer,DEV229,0
TXN108234,USER2513,10179.56,2025-01-24 16:43:30,Delhi,merchant_payment,DEV140,0
TXN108235,USER6264,40981.32,2025-03-31 00:28:30,Jaipur,merchant_payment,DEV160,0
TXN108236,USER1849,89755.87,2025-03-05 19:09:30,Ahmedabad,bill_payment,DEV653,0
TXN108237,USER4365,99347.83,2025-03-12 06:40:30,Bangalore,receive,DEV168,0
TXN108238,USER2827,10907.18,2025-03-05 03:46:30,Mumbai,self_transfer,DEV898,0
TXN108239,USER3306,47048.34,2025-03-06 14:13:30,Ahmedabad,self_transfer,DEV141,0
TXN108240,USER4792,144057.89,2025-01-11 07:12:30,Hyderabad,receive,DEV563,0
TXN108241,USER7211,51454.09,2025-04-03 16:32:30,Hyderabad,bill_payment,DEV256,0
TXN108242,USER2295,57932.2,2025-03-04 19:21:30,Pune,merchant_payment,DEV439,0
TXN108243,USER3798,173195.96,2025-01-18 14:20:30,Chennai,self_transfer,DEV242,0
TXN108244,USER6665,53383.57,2025-03-08 11:41:30,Jaipur,bill_payment,DEV221,0
TXN108245,USER4856,81796.0,2025-02-13 22:51:30,Jaipur,send,DEV724,0
TXN108246,USER5300,32833.85,2025-02-18 14:25:30,Delhi,merchant_payment,DEV246,0
TXN108247,USER1044,48642.84,2025-02-13 12:46:30,Pune,merchant_payment,DEV877,0
TXN108248,USER1796,75398.19,2025-03-05 23:45:30,Kolkata,self_transfer,DEV113,0
TXN108249,USER5428,21223.36,2025-02-02 14:33:30,Mumbai,send,DEV695,0
TXN108250,USER8355,29961.92,2025-01-14 06:49:30,Mumbai,merchant_payment,DEV160,0
TXN108251,USER2985,162160.86,2025-03-03 11:12:30,Mumbai,merchant_payment,DEV775,1
TXN108252,USER9658,126594.67,2025-03-28 17:38:30,Hyderabad,receive,DEV838,0
TXN108253,USER1669,152342.87,2025-02-26 00:31:30,Jaipur,self_transfer,DEV604,0
TXN108254,USER8547,54150.52,2025-04-02 12:55:30,Hyderabad,receive,DEV746,0
TXN108255,USER2955,57053.78,2025-02-14 13:29:30,Chennai,bill_payment,DEV210,0
TXN108256,USER3744,53016.33,2025-01-31 19:45:30,Delhi,merchant_payment,DEV411,0
TXN108257,USER4098,173623.22,2025-04-01 06:38:30,Jaipur,self_transfer,DEV672,0
TXN108258,USER6067,51937.55,2025-01-07 05:03:30,Kolkata,bill_payment,DEV238,0
TXN108259,USER7122,52272.84,2025-02-05 04:32:30,Delhi,receive,DEV187,0
TXN108260,USER7753,197517.14,2025-02-26 04:23:30,Kolkata,receive,DEV326,0
TXN108261,USER6844,196914.37,2025-02-18 07:10:30,Kolkata,send,DEV269,0
TXN108262,USER7261,158772.77,2025-02-21 14:58:30,Pune,send,DEV507,0
TXN108263,USER1152,14461.7,2025-04-06 20:40:30,Hyderabad,send,DEV887,0
TXN108264,USER4477,62064.0,2025-03-29 11:34:30,Hyderabad,self_transfer,DEV126,0
TXN108265,USER4629,31909.24,2025-02-16 06:07:30,Delhi,send,DEV292,0
TXN108266,USER8003,82432.21,2025-03-23 02:14:30,Hyderabad,bill_payment,DEV988,0
TXN108267,USER5625,50290.09,2025-01-16 11:06:30,Chennai,send,DEV184,0
TXN108268,USER3851,190090.02,2025-01-27 13:31:30,Jaipur,send,DEV383,0
TXN108269,USER4595,8707.03,2025-03-18 10:13:30,Hyderabad,bill_payment,DEV163,0
TXN108270,USER8349,177557.08,2025-01-12 22:18:30,Ahmedabad,self_transfer,DEV379,0
TXN108271,USER1092,45250.89,2025-02-11 13:33:30,Pune,receive,DEV301,0
TXN108272,USER2707,15962.44,2025-03-07 14:22:30,Hyderabad,self_transfer,DEV633,0
TXN108273,USER4989,138800.09,2025-03-17 07:29:30,Bangalore,self_transfer,DEV555,0
TXN108274,USER7208,181459.17,2025-03-11 21:09:30,Chennai,self_transfer,DEV259,0
TXN108275,USER2865,101179.77,2025-02-03 06:36:30,Pune,bill_payment,DEV123,0
TXN108276,USER8179,41636.3,2025-02-02 09:29:30,Bangalore,receive,DEV736,0
TXN108277,USER3414,113390.44,2025-01-15 04:26:30,Ahmedabad,bill_payment,DEV479,0
TXN108278,USER2484,193090.14,2025-02-18 10:06:30,Hyderabad,bill_payment,DEV247,0
TXN108279,USER2124,126906.61,2025-02-22 19:39:30,Pune,merchant_payment,DEV604,0
TXN108280,USER5653,63471.65,2025-01-17 07:54:30,Jaipur,receive,DEV443,0
TXN108281,USER8180,17959.66,2025-01-23 12:41:30,Delhi,bill_payment,DEV428,0
TXN108282,USER1568,72771.34,2025-03-09 16:23:30,Delhi,bill_payment,DEV929,0
TXN108283,USER9229,105196.09,2025-04-05 07:25:30,Hyderabad,self_transfer,DEV460,0
TXN108284,USER4901,124829.88,2025-02-06 12:03:30,Chennai,self_transfer,DEV755,0
TXN108285,USER4250,183234.65,2025-02-21 18:16:30,Mumbai,merchant_payment,DEV621,0
TXN108286,USER3762,8132.52,2025-03-04 20:44:30,Delhi,bill_payment,DEV997,0
TXN108287,USER8670,130792.38,2025-01-16 07:50:30,Delhi,merchant_payment,DEV904,0
TXN108288,USER9601,111806.83,2025-02-14 03:14:30,Mumbai,send,DEV412,1
TXN108289,USER1535,195620.27,2025-03-06 22:52:30,Bangalore,self_transfer,DEV599,0
TXN108290,USER1512,40244.52,2025-03-03 14:02:30,Hyderabad,merchant_payment,DEV405,0
TXN108291,USER1014,98827.67,2025-02-17 03:26:30,Bangalore,bill_payment,DEV400,0
TXN108292,USER9923,135841.42,2025-04-04 19:48:30,Pune,self_transfer,DEV639,0
TXN108293,USER4970,42557.83,2025-02-08 11:29:30,Hyderabad,bill_payment,DEV521,0
TXN108294,USER9597,69599.07,2025-01-27 06:02:30,Mumbai,bill_payment,DEV722,0
TXN108295,USER7063,64910.14,2025-03-13 01:24:30,Jaipur,self_transfer,DEV584,0
TXN108296,USER1510,60433.18,2025-02-21 16:52:30,Jaipur,receive,DEV323,0
TXN108297,USER8797,167187.28,2025-04-07 10:11:30,Kolkata,self_transfer,DEV611,0
TXN108298,USER3972,45296.82,2025-03-07 06:00:30,Chennai,merchant_payment,DEV513,0
TXN108299,USER2867,21849.47,2025-03-01 17:30:30,Hyderabad,send,DEV601,0
TXN108300,USER7039,147834.4,2025-03-03 20:56:30,Pune,receive,DEV696,0
TXN108301,USER8208,103880.57,2025-02-22 08:26:30,Mumbai,merchant_payment,DEV422,0
TXN108302,USER5111,94261.97,2025-03-19 11:07:30,Ahmedabad,send,DEV556,0
TXN108303,USER4956,98752.17,2025-02-25 21:08:30,Bangalore,send,DEV304,0
TXN108304,USER2448,175666.8,2025-02-10 19:50:30,Mumbai,merchant_payment,DEV767,0
TXN108305,USER3188,130978.34,2025-01-11 14:37:30,Jaipur,receive,DEV975,0
TXN108306,USER3057,156312.36,2025-01-10 17:17:30,Mumbai,bill_payment,DEV657,0
TXN108307,USER3155,7882.55,2025-01-15 18:09:30,Bangalore,receive,DEV904,0
TXN108308,USER8997,171816.2,2025-01-15 12:37:30,Pune,send,DEV335,0
TXN108309,USER4817,122901.42,2025-03-18 14:24:30,Mumbai,merchant_payment,DEV989,0
TXN108310,USER6117,181954.65,2025-02-24 14:19:30,Chennai,receive,DEV856,0
TXN108311,USER5725,134186.89,2025-01-20 11:56:30,Bangalore,self_transfer,DEV334,0
TXN108312,USER2382,60450.6,2025-04-05 16:56:30,Chennai,merchant_payment,DEV215,0
TXN108313,USER7047,32587.24,2025-04-01 16:07:30,Ahmedabad,send,DEV912,0
TXN108314,USER2366,82363.85,2025-02-02 15:45:30,Pune,send,DEV782,0
TXN108315,USER3850,129387.92,2025-02-19 01:36:30,Chennai,send,DEV777,1
TXN108316,USER6543,71528.34,2025-03-29 22:51:30,Delhi,self_transfer,DEV973,0
TXN108317,USER5919,144880.91,2025-01-25 12:12:30,Kolkata,receive,DEV847,0
TXN108318,USER8546,139969.18,2025-01-06 16:00:30,Hyderabad,receive,DEV302,0
TXN108319,USER5191,42651.61,2025-01-19 02:03:30,Kolkata,receive,DEV717,0
TXN108320,USER9984,89887.22,2025-01-28 21:18:30,Kolkata,merchant_payment,DEV320,0
TXN108321,USER5151,93070.14,2025-01-28 06:34:30,Hyderabad,merchant_payment,DEV174,0
TXN108322,USER4332,111879.2,2025-02-13 00:33:30,Kolkata,bill_payment,DEV645,0
TXN108323,USER5336,171746.03,2025-03-16 16:48:30,Pune,send,DEV504,0
TXN108324,USER7517,163291.62,2025-03-05 09:52:30,Mumbai,send,DEV632,0
TXN108325,USER4983,169819.36,2025-01-17 13:56:30,Jaipur,receive,DEV248,0
TXN108326,USER8508,133977.1,2025-01-12 12:12:30,Hyderabad,send,DEV736,0
TXN108327,USER8577,99637.17,2025-02-25 01:10:30,Kolkata,self_transfer,DEV869,0
TXN108328,USER1315,35420.76,2025-02-12 19:27:30,Pune,bill_payment,DEV334,0
TXN108329,USER4199,60693.14,2025-01-18 22:26:30,Delhi,self_transfer,DEV500,0
TXN108330,USER7186,107271.82,2025-03-04 16:31:30,Hyderabad,self_transfer,DEV709,0
TXN108331,USER6199,131196.35,2025-02-11 13:05:30,Jaipur,self_transfer,DEV390,0
TXN108332,USER1956,155922.39,2025-01-23 05:50:30,Jaipur,receive,DEV290,0
TXN108333,USER3163,3800.41,2025-03-25 18:23:30,Ahmedabad,merchant_payment,DEV307,0
TXN108334,USER1253,193796.68,2025-01-27 23:18:30,Kolkata,send,DEV850,0
TXN108335,USER3754,152939.81,2025-02-21 07:03:30,Chennai,merchant_payment,DEV744,0
TXN108336,USER2436,9244.54,2025-02-10 05:03:30,Kolkata,send,DEV862,0
TXN108337,USER8059,143057.52,2025-01-19 01:08:30,Delhi,merchant_payment,DEV203,1
TXN108338,USER8458,51170.85,2025-03-23 13:14:30,Pune,bill_payment,DEV667,0
TXN108339,USER5179,113112.82,2025-01-15 04:39:30,Hyderabad,send,DEV648,0
TXN108340,USER6220,16281.69,2025-03-13 03:40:30,Delhi,send,DEV259,1
TXN108341,USER8156,67105.73,2025-02-24 08:36:30,Kolkata,send,DEV948,0
TXN108342,USER8074,155162.56,2025-03-31 03:25:30,Chennai,receive,DEV896,1
TXN108343,USER6683,85168.44,2025-03-18 13:01:30,Kolkata,self_transfer,DEV327,0
TXN108344,USER9967,66718.19,2025-02-01 20:55:30,Delhi,self_transfer,DEV221,0
TXN108345,USER2387,174250.56,2025-02-22 20:20:30,Delhi,bill_payment,DEV955,0
TXN108346,USER9570,182869.01,2025-02-26 05:35:30,Delhi,bill_payment,DEV831,0
TXN108347,USER7829,126862.3,2025-03-04 06:05:30,Hyderabad,send,DEV860,0
TXN108348,USER7339,122818.5,2025-02-27 15:46:30,Jaipur,merchant_payment,DEV410,0
TXN108349,USER1435,187710.53,2025-02-17 21:49:30,Bangalore,self_transfer,DEV777,0
TXN108350,USER8376,172210.75,2025-02-14 17:25:30,Ahmedabad,bill_payment,DEV797,0
TXN108351,USER1867,127671.74,2025-03-17 10:30:30,Mumbai,send,DEV808,0
TXN108352,USER2222,121617.28,2025-03-05 05:16:30,Jaipur,receive,DEV645,0
TXN108353,USER4955,177753.42,2025-02-05 17:05:30,Pune,send,DEV482,0
TXN108354,USER8171,81028.73,2025-01-24 00:30:30,Kolkata,merchant_payment,DEV759,0
TXN108355,USER3099,42386.15,2025-02-02 13:00:30,Pune,send,DEV590,0
TXN108356,USER3477,103854.85,2025-01-20 03:03:30,Kolkata,merchant_payment,DEV806,1
TXN108357,USER3899,3297.51,2025-01-06 16:46:30,Mumbai,self_transfer,DEV667,0
TXN108358,USER9861,9692.03,2025-03-18 07:24:30,Ahmedabad,send,DEV112,0
TXN108359,USER3001,6461.09,2025-02-26 12:34:30,Ahmedabad,merchant_payment,DEV209,0
TXN108360,USER5507,72137.22,2025-01-08 09:30:30,Bangalore,merchant_payment,DEV174,0
TXN108361,USER4926,5486.93,2025-03-22 06:54:30,Ahmedabad,self_transfer,DEV809,0
TXN108362,USER9473,30932.99,2025-02-20 05:39:30,Bangalore,receive,DEV250,0
TXN108363,USER8559,5121.5,2025-02-04 23:25:30,Ahmedabad,merchant_payment,DEV547,0
TXN108364,USER9694,50912.83,2025-03-11 16:18:30,Chennai,receive,DEV406,0
TXN108365,USER1540,121779.05,2025-02-18 01:32:30,Bangalore,bill_payment,DEV510,1
TXN108366,USER4999,133968.68,2025-04-04 22:00:30,Jaipur,merchant_payment,DEV759,0
TXN108367,USER5541,175184.76,2025-04-04 18:21:30,Mumbai,merchant_payment,DEV334,0
TXN108368,USER3146,108588.15,2025-03-22 14:45:30,Jaipur,bill_payment,DEV643,0
TXN108369,USER8435,84811.13,2025-01-08 07:46:30,Delhi,self_transfer,DEV574,0
TXN108370,USER8623,155964.57,2025-03-27 15:25:30,Mumbai,receive,DEV973,0
TXN108371,USER7768,170183.86,2025-01-08 06:28:30,Pune,merchant_payment,DEV140,0
TXN108372,USER9724,1447.08,2025-02-01 07:16:30,Hyderabad,bill_payment,DEV246,0
TXN108373,USER2873,194182.45,2025-02-06 09:09:30,Kolkata,receive,DEV364,0
TXN108374,USER4676,140414.71,2025-01-25 01:38:30,Bangalore,merchant_payment,DEV109,1
TXN108375,USER2834,182819.64,2025-01-07 15:40:30,Delhi,send,DEV275,0
TXN108376,USER7352,125579.87,2025-03-29 11:24:30,Mumbai,send,DEV503,0
TXN108377,USER3416,169085.95,2025-03-25 02:07:30,Chennai,self_transfer,DEV461,1
TXN108378,USER6303,194805.34,2025-03-23 03:04:30,Pune,bill_payment,DEV357,1
TXN108379,USER8640,31772.8,2025-02-17 23:08:30,Ahmedabad,send,DEV358,0
TXN108380,USER8223,54444.21,2025-02-17 23:57:30,Mumbai,merchant_payment,DEV538,0
TXN108381,USER9460,184359.96,2025-02-09 08:45:30,Hyderabad,bill_payment,DEV124,0
TXN108382,USER6913,83069.44,2025-02-22 13:29:30,Bangalore,bill_payment,DEV930,0
TXN108383,USER4364,9591.97,2025-01-08 09:51:30,Kolkata,bill_payment,DEV111,0
TXN108384,USER1797,137337.08,2025-02-07 18:49:30,Kolkata,receive,DEV609,0
TXN108385,USER7556,150160.9,2025-03-03 04:14:30,Delhi,merchant_payment,DEV266,0
TXN108386,USER3931,166491.82,2025-03-01 04:28:30,Ahmedabad,merchant_payment,DEV830,0
TXN108387,USER5925,63190.97,2025-01-16 09:13:30,Delhi,self_transfer,DEV314,0
TXN108388,USER5606,15100.11,2025-03-16 12:27:30,Delhi,send,DEV273,0
TXN108389,USER2737,102479.64,2025-02-07 19:57:30,Pune,bill_payment,DEV396,0
TXN108390,USER4536,41363.1,2025-02-08 18:43:30,Ahmedabad,bill_payment,DEV786,0
TXN108391,USER1390,820.85,2025-04-04 21:33:30,Ahmedabad,send,DEV382,0
TXN108392,USER6855,119290.73,2025-02-13 05:44:30,Pune,merchant_payment,DEV733,0
TXN108393,USER1183,121401.37,2025-02-08 16:08:30,Hyderabad,self_transfer,DEV785,0
TXN108394,USER3958,96822.43,2025-03-08 14:10:30,Chennai,self_transfer,DEV547,0
TXN108395,USER2067,33814.18,2025-01-09 23:55:30,Delhi,receive,DEV328,0
TXN108396,USER9922,65628.48,2025-01-08 02:18:30,Bangalore,bill_payment,DEV856,0
TXN108397,USER1837,171551.91,2025-04-05 00:49:30,Jaipur,receive,DEV109,0
TXN108398,USER2533,42348.58,2025-03-12 04:41:30,Bangalore,merchant_payment,DEV492,0
TXN108399,USER3797,82509.11,2025-01-25 11:46:30,Jaipur,merchant_payment,DEV791,0
TXN108400,USER5020,26132.6,2025-03-29 16:21:30,Delhi,receive,DEV583,0
TXN108401,USER5704,111987.79,2025-03-08 10:08:30,Ahmedabad,merchant_payment,DEV764,0
TXN108402,USER7680,164918.9,2025-02-01 02:50:30,Chennai,send,DEV506,1
TXN108403,USER4916,9168.37,2025-01-10 12:52:30,Pune,self_transfer,DEV679,0
TXN108404,USER1171,122976.21,2025-04-04 20:11:30,Pune,self_transfer,DEV818,0
TXN108405,USER7228,134493.67,2025-03-07 00:08:30,Jaipur,self_transfer,DEV557,0
TXN108406,USER3910,189761.19,2025-03-20 06:44:30,Mumbai,send,DEV555,0
TXN108407,USER1002,57069.37,2025-01-15 21:06:30,Hyderabad,send,DEV445,0
TXN108408,USER9462,179652.42,2025-03-30 03:00:30,Bangalore,bill_payment,DEV167,1
TXN108409,USER4303,12851.45,2025-01-31 01:36:30,Chennai,bill_payment,DEV659,0
TXN108410,USER9780,21692.69,2025-02-21 10:58:30,Chennai,send,DEV762,0
TXN108411,USER7830,150859.75,2025-02-15 22:00:30,Mumbai,bill_payment,DEV417,0
TXN108412,USER2371,76588.53,2025-03-18 05:48:30,Kolkata,self_transfer,DEV657,0
TXN108413,USER7827,144885.68,2025-03-29 22:14:30,Kolkata,self_transfer,DEV718,0
TXN108414,USER4236,5961.47,2025-03-05 12:08:30,Jaipur,merchant_payment,DEV377,0
TXN108415,USER4216,100378.43,2025-03-26 12:19:30,Hyderabad,send,DEV767,0
TXN108416,USER9940,20658.37,2025-02-01 01:03:30,Mumbai,receive,DEV293,0
TXN108417,USER6111,62205.36,2025-02-20 19:20:30,Pune,send,DEV401,0
TXN108418,USER7544,84251.49,2025-01-08 02:27:30,Pune,bill_payment,DEV794,0
TXN108419,USER2312,33212.33,2025-04-06 09:34:30,Mumbai,receive,DEV455,0
TXN108420,USER3374,73091.8,2025-04-06 02:35:30,Pune,send,DEV993,0
TXN108421,USER8581,48470.87,2025-03-25 10:19:30,Ahmedabad,merchant_payment,DEV375,0
TXN108422,USER6968,128038.79,2025-03-25 08:37:30,Ahmedabad,send,DEV775,0
TXN108423,USER5935,151015.61,2025-01-10 06:09:30,Hyderabad,receive,DEV719,0
TXN108424,USER8118,152309.81,2025-01-10 07:18:30,Ahmedabad,merchant_payment,DEV987,0
TXN108425,USER9641,114910.39,2025-02-04 06:05:30,Bangalore,bill_payment,DEV304,0
TXN108426,USER3492,181314.64,2025-02-28 05:29:30,Pune,send,DEV349,0
TXN108427,USER9471,186885.94,2025-02-15 13:48:30,Mumbai,receive,DEV509,0
TXN108428,USER7948,4710.84,2025-01-18 14:54:30,Ahmedabad,merchant_payment,DEV863,0
TXN108429,USER9912,197926.33,2025-03-02 15:54:30,Ahmedabad,receive,DEV797,0
TXN108430,USER6110,195309.44,2025-03-15 05:50:30,Pune,send,DEV928,0
TXN108431,USER6504,106455.23,2025-03-06 15:22:30,Kolkata,send,DEV783,0
TXN108432,USER3143,149706.57,2025-03-19 00:29:30,Ahmedabad,self_transfer,DEV959,0
TXN108433,USER2697,43200.5,2025-01-17 01:39:30,Bangalore,receive,DEV542,0
TXN108434,USER1151,89901.53,2025-03-19 16:15:30,Chennai,send,DEV269,0
TXN108435,USER3857,145408.86,2025-01-10 23:23:30,Pune,receive,DEV813,1
TXN108436,USER5187,177312.29,2025-02-22 19:08:30,Pune,self_transfer,DEV839,0
TXN108437,USER4980,71281.73,2025-01-25 00:38:30,Hyderabad,bill_payment,DEV644,0
TXN108438,USER4911,4571.04,2025-02-12 23:55:30,Jaipur,merchant_payment,DEV926,0
TXN108439,USER9894,178585.81,2025-02-26 14:53:30,Bangalore,send,DEV666,0
TXN108440,USER5002,82943.49,2025-03-19 04:21:30,Bangalore,receive,DEV584,0
TXN108441,USER5182,29107.83,2025-03-24 23:35:30,Kolkata,bill_payment,DEV266,0
TXN108442,USER5618,84923.56,2025-01-23 13:58:30,Chennai,receive,DEV626,0
TXN108443,USER2613,36855.13,2025-02-26 15:06:30,Kolkata,receive,DEV113,0
TXN108444,USER3836,34746.6,2025-04-03 05:07:30,Pune,merchant_payment,DEV711,0
TXN108445,USER7954,48641.96,2025-02-14 04:03:30,Hyderabad,self_transfer,DEV597,0
TXN108446,USER5813,179951.32,2025-03-15 17:32:30,Kolkata,merchant_payment,DEV892,0
TXN108447,USER8544,36921.7,2025-01-15 05:06:30,Kolkata,send,DEV830,0
TXN108448,USER3956,127681.35,2025-01-31 13:13:30,Kolkata,merchant_payment,DEV245,0
TXN108449,USER1831,79262.24,2025-01-25 21:16:30,Jaipur,self_transfer,DEV497,0
TXN108450,USER5054,179686.35,2025-02-15 00:56:30,Kolkata,self_transfer,DEV510,0
TXN108451,USER2322,127526.19,2025-03-10 09:54:30,Mumbai,receive,DEV560,0
TXN108452,USER9471,49316.42,2025-03-25 17:16:30,Kolkata,receive,DEV588,0
TXN108453,USER6691,100684.44,2025-03-10 13:48:30,Pune,receive,DEV396,0
TXN108454,USER7671,109128.0,2025-04-04 06:11:30,Mumbai,self_transfer,DEV801,0
TXN108455,USER8261,118533.12,2025-03-02 09:47:30,Mumbai,bill_payment,DEV193,0
TXN108456,USER5726,54218.57,2025-02-07 03:21:30,Kolkata,send,DEV465,0
TXN108457,USER9439,152421.24,2025-01-08 13:24:30,Bangalore,send,DEV597,0
TXN108458,USER9152,16504.41,2025-02-04 04:25:30,Jaipur,send,DEV431,0
TXN108459,USER7108,56085.15,2025-02-22 02:08:30,Pune,merchant_payment,DEV839,0
TXN108460,USER5487,56845.36,2025-02-17 23:20:30,Kolkata,receive,DEV513,0
TXN108461,USER3285,45366.96,2025-01-20 07:18:30,Bangalore,bill_payment,DEV474,0
TXN108462,USER8727,75605.03,2025-01-10 09:59:30,Jaipur,send,DEV572,0
TXN108463,USER2058,169317.33,2025-03-16 19:57:30,Hyderabad,merchant_payment,DEV752,0
TXN108464,USER4103,129801.57,2025-02-19 18:18:30,Jaipur,receive,DEV612,0
TXN108465,USER3579,126057.73,2025-03-13 17:07:30,Pune,send,DEV194,0
TXN108466,USER9785,132009.64,2025-03-13 13:56:30,Kolkata,self_transfer,DEV315,0
TXN108467,USER8422,96589.7,2025-02-04 06:32:30,Bangalore,send,DEV360,0
TXN108468,USER7247,37735.77,2025-02-04 12:24:30,Mumbai,self_transfer,DEV100,0
TXN108469,USER4762,133558.1,2025-01-23 22:22:30,Ahmedabad,self_transfer,DEV350,0
TXN108470,USER6715,165011.0,2025-03-23 02:53:30,Hyderabad,merchant_payment,DEV628,1
TXN108471,USER3057,34220.83,2025-02-15 02:18:30,Jaipur,bill_payment,DEV221,0
TXN108472,USER5907,34196.93,2025-01-13 12:17:30,Mumbai,send,DEV227,0
TXN108473,USER5799,117431.14,2025-03-19 07:41:30,Chennai,merchant_payment,DEV197,0
TXN108474,USER9710,87763.06,2025-02-10 02:43:30,Bangalore,receive,DEV212,0
TXN108475,USER1525,165782.48,2025-03-09 10:17:30,Ahmedabad,receive,DEV877,0
TXN108476,USER1848,62992.64,2025-03-17 20:41:30,Kolkata,bill_payment,DEV812,0
TXN108477,USER7312,153776.47,2025-03-15 18:07:30,Delhi,receive,DEV755,0
TXN108478,USER6511,105353.4,2025-04-02 18:01:30,Jaipur,send,DEV552,0
TXN108479,USER9054,198151.63,2025-01-21 16:50:30,Chennai,send,DEV429,0
TXN108480,USER6723,131387.61,2025-03-28 15:56:30,Bangalore,self_transfer,DEV267,0
TXN108481,USER3999,66535.06,2025-01-17 18:36:30,Jaipur,merchant_payment,DEV891,0
TXN108482,USER9544,157873.17,2025-03-09 08:06:30,Chennai,send,DEV677,0
TXN108483,USER4043,48581.56,2025-01-27 01:40:30,Delhi,self_transfer,DEV841,0
TXN108484,USER2792,51510.42,2025-02-09 04:58:30,Bangalore,self_transfer,DEV992,0
TXN108485,USER5928,141304.15,2025-03-16 21:12:30,Jaipur,send,DEV282,0
TXN108486,USER3757,42584.21,2025-04-03 11:59:30,Delhi,self_transfer,DEV874,0
TXN108487,USER6426,187854.71,2025-03-01 22:49:30,Pune,bill_payment,DEV144,0
TXN108488,USER9133,64509.56,2025-03-04 13:11:30,Jaipur,send,DEV575,0
TXN108489,USER7877,96633.79,2025-03-23 19:22:30,Chennai,send,DEV941,0
TXN108490,USER4375,23278.49,2025-02-17 18:40:30,Ahmedabad,receive,DEV802,0
TXN108491,USER1270,177791.84,2025-04-05 09:11:30,Pune,bill_payment,DEV812,0
TXN108492,USER6135,124319.3,2025-03-07 22:22:30,Bangalore,send,DEV402,0
TXN108493,USER5424,88802.19,2025-02-03 09:11:30,Jaipur,merchant_payment,DEV935,0
TXN108494,USER6342,130624.47,2025-04-05 17:33:30,Delhi,bill_payment,DEV181,0
TXN108495,USER6543,74287.77,2025-02-16 16:12:30,Chennai,bill_payment,DEV581,0
TXN108496,USER6565,66266.75,2025-01-16 17:06:30,Jaipur,merchant_payment,DEV802,0
TXN108497,USER9028,24066.58,2025-04-03 15:06:30,Jaipur,self_transfer,DEV276,0
TXN108498,USER1103,194135.23,2025-03-15 09:19:30,Hyderabad,merchant_payment,DEV719,0
TXN108499,USER1445,98609.55,2025-03-13 02:00:30,Ahmedabad,self_transfer,DEV679,0
TXN108500,USER6326,92893.78,2025-03-18 06:31:30,Kolkata,bill_payment,DEV406,0
TXN108501,USER6588,178009.99,2025-03-05 05:13:30,Delhi,self_transfer,DEV721,0
TXN108502,USER1278,196313.24,2025-02-15 08:05:30,Chennai,bill_payment,DEV611,0
TXN108503,USER8736,170912.53,2025-03-13 10:45:30,Chennai,self_transfer,DEV734,0
TXN108504,USER6235,185392.98,2025-01-13 08:36:30,Bangalore,receive,DEV971,0
TXN108505,USER1391,185814.6,2025-02-24 00:47:30,Hyderabad,receive,DEV936,0
TXN108506,USER5544,143476.53,2025-02-21 08:34:30,Pune,merchant_payment,DEV801,0
TXN108507,USER6712,144916.13,2025-03-10 16:03:30,Bangalore,send,DEV282,0
TXN108508,USER4044,61949.36,2025-01-27 13:31:30,Mumbai,bill_payment,DEV147,0
TXN108509,USER6288,98944.86,2025-01-29 00:50:30,Kolkata,bill_payment,DEV281,0
TXN108510,USER8140,153382.55,2025-03-17 21:58:30,Delhi,bill_payment,DEV849,0
TXN108511,USER7765,107073.6,2025-03-11 10:31:30,Jaipur,merchant_payment,DEV238,0
TXN108512,USER8591,105374.07,2025-02-02 13:36:30,Pune,self_transfer,DEV674,0
TXN108513,USER8973,158420.97,2025-02-06 00:55:30,Mumbai,send,DEV152,0
TXN108514,USER8254,13350.52,2025-04-01 01:30:30,Delhi,bill_payment,DEV950,0
TXN108515,USER2906,102810.69,2025-03-21 09:07:30,Jaipur,self_transfer,DEV831,0
TXN108516,USER4934,164985.98,2025-04-03 10:03:30,Kolkata,merchant_payment,DEV903,0
TXN108517,USER5362,72592.76,2025-01-29 18:22:30,Delhi,send,DEV464,0
TXN108518,USER8390,18174.08,2025-01-25 14:31:30,Mumbai,merchant_payment,DEV794,0
TXN108519,USER4329,181347.35,2025-03-15 21:43:30,Hyderabad,merchant_payment,DEV650,0
TXN108520,USER8951,75052.15,2025-03-09 09:49:30,Kolkata,bill_payment,DEV683,0
TXN108521,USER7975,105565.28,2025-03-27 23:55:30,Pune,merchant_payment,DEV998,0
TXN108522,USER3675,123212.93,2025-01-18 06:04:30,Kolkata,merchant_payment,DEV222,0
TXN108523,USER5081,81289.12,2025-03-09 02:49:30,Mumbai,bill_payment,DEV999,0
TXN108524,USER7633,103279.74,2025-02-17 23:31:30,Bangalore,self_transfer,DEV536,0
TXN108525,USER4200,44755.69,2025-02-28 05:24:30,Chennai,bill_payment,DEV210,0
TXN108526,USER3601,58907.52,2025-03-25 05:55:30,Jaipur,receive,DEV377,0
TXN108527,USER7774,89815.89,2025-02-07 14:42:30,Hyderabad,receive,DEV206,0
TXN108528,USER4111,29902.66,2025-03-31 04:46:30,Hyderabad,bill_payment,DEV476,0
TXN108529,USER2770,59208.36,2025-02-14 21:36:30,Pune,merchant_payment,DEV221,0
TXN108530,USER6284,40417.1,2025-01-06 16:50:30,Kolkata,self_transfer,DEV818,0
TXN108531,USER4934,96760.37,2025-04-02 05:43:30,Kolkata,send,DEV123,0
TXN108532,USER7772,62678.11,2025-02-27 16:47:30,Pune,receive,DEV561,0
TXN108533,USER4749,87002.7,2025-03-07 05:27:30,Ahmedabad,bill_payment,DEV984,0
TXN108534,USER8158,191768.72,2025-03-25 05:43:30,Delhi,send,DEV137,0
TXN108535,USER5571,169506.38,2025-02-19 19:06:30,Kolkata,merchant_payment,DEV177,0
TXN108536,USER1897,87208.88,2025-03-18 09:22:30,Pune,receive,DEV139,0
TXN108537,USER4021,137480.75,2025-03-18 23:55:30,Pune,receive,DEV487,0
TXN108538,USER3783,56397.97,2025-03-17 20:34:30,Hyderabad,merchant_payment,DEV174,0
TXN108539,USER2826,73644.65,2025-01-07 21:46:30,Jaipur,bill_payment,DEV720,0
TXN108540,USER6044,35287.23,2025-02-06 21:02:30,Pune,self_transfer,DEV929,0
TXN108541,USER7448,142516.82,2025-02-04 20:27:30,Ahmedabad,send,DEV557,0
TXN108542,USER4231,162349.74,2025-01-26 00:55:30,Mumbai,bill_payment,DEV165,0
TXN108543,USER2652,172278.07,2025-02-07 07:15:30,Pune,send,DEV877,0
TXN108544,USER8244,47122.8,2025-03-17 21:29:30,Delhi,bill_payment,DEV315,0
TXN108545,USER2959,126338.15,2025-01-14 17:09:30,Chennai,merchant_payment,DEV520,0
TXN108546,USER1569,148370.5,2025-01-29 02:06:30,Delhi,merchant_payment,DEV676,1
TXN108547,USER9760,31589.64,2025-04-05 11:32:30,Ahmedabad,self_transfer,DEV747,0
TXN108548,USER6979,67404.36,2025-02-25 19:48:30,Bangalore,merchant_payment,DEV373,0
TXN108549,USER9557,58298.15,2025-04-02 22:03:30,Kolkata,receive,DEV412,0
TXN108550,USER9786,980.49,2025-02-08 02:59:30,Jaipur,bill_payment,DEV181,0
TXN108551,USER9305,49475.35,2025-03-13 13:34:30,Chennai,send,DEV658,0
TXN108552,USER5074,19774.53,2025-01-25 16:12:30,Delhi,self_transfer,DEV640,0
TXN108553,USER5024,194990.07,2025-03-03 23:00:30,Pune,send,DEV168,0
TXN108554,USER7696,11734.33,2025-02-12 06:29:30,Jaipur,merchant_payment,DEV663,0
TXN108555,USER8912,32048.75,2025-02-25 13:07:30,Kolkata,send,DEV237,0
TXN108556,USER7197,43008.44,2025-02-23 19:55:30,Chennai,self_transfer,DEV499,0
TXN108557,USER2709,193971.89,2025-03-20 10:10:30,Mumbai,receive,DEV180,0
TXN108558,USER4515,64320.68,2025-02-14 23:23:30,Hyderabad,receive,DEV821,0
TXN108559,USER4303,93616.12,2025-03-08 09:43:30,Jaipur,receive,DEV489,0
TXN108560,USER6577,36094.06,2025-01-13 07:07:30,Delhi,receive,DEV578,0
TXN108561,USER5085,159962.77,2025-03-17 02:54:30,Bangalore,merchant_payment,DEV611,1
TXN108562,USER6306,177742.4,2025-01-24 05:26:30,Kolkata,send,DEV471,0
TXN108563,USER6404,70991.86,2025-02-01 19:45:30,Jaipur,bill_payment,DEV852,0
TXN108564,USER1070,89942.43,2025-03-22 19:43:30,Chennai,receive,DEV856,0
TXN108565,USER5306,178960.19,2025-03-25 09:41:30,Jaipur,receive,DEV191,0
TXN108566,USER6218,162060.55,2025-03-04 08:02:30,Chennai,receive,DEV991,0
TXN108567,USER7724,155248.64,2025-03-20 18:56:30,Delhi,bill_payment,DEV379,1
TXN108568,USER6562,12692.95,2025-03-09 14:24:30,Kolkata,self_transfer,DEV379,0
TXN108569,USER6250,38095.46,2025-03-08 09:44:30,Ahmedabad,send,DEV567,0
TXN108570,USER3212,135746.49,2025-01-25 02:52:30,Jaipur,bill_payment,DEV803,1
TXN108571,USER2554,116742.02,2025-02-08 21:53:30,Jaipur,send,DEV504,0
TXN108572,USER7187,88976.61,2025-01-19 22:55:30,Jaipur,send,DEV334,0
TXN108573,USER3900,181878.05,2025-03-17 22:42:30,Ahmedabad,receive,DEV453,0
TXN108574,USER5772,185151.3,2025-02-28 19:00:30,Bangalore,bill_payment,DEV551,0
TXN108575,USER4272,35891.2,2025-01-25 09:01:30,Mumbai,receive,DEV922,0
TXN108576,USER4568,24628.16,2025-03-26 20:33:30,Hyderabad,receive,DEV708,0
TXN108577,USER2366,87331.75,2025-01-25 07:13:30,Jaipur,bill_payment,DEV502,0
TXN108578,USER1951,29428.45,2025-02-18 20:10:30,Ahmedabad,merchant_payment,DEV776,0
TXN108579,USER2129,66023.91,2025-01-27 16:10:30,Kolkata,receive,DEV646,0
TXN108580,USER8890,117513.66,2025-02-19 20:04:30,Delhi,receive,DEV551,0
TXN108581,USER2286,186748.2,2025-02-13 00:27:30,Ahmedabad,merchant_payment,DEV232,0
TXN108582,USER2789,94226.34,2025-02-17 16:02:30,Delhi,merchant_payment,DEV732,0
TXN108583,USER1313,141040.19,2025-02-03 03:32:30,Hyderabad,merchant_payment,DEV961,1
TXN108584,USER6993,52751.39,2025-02-13 11:55:30,Pune,bill_payment,DEV455,0
TXN108585,USER2062,179938.37,2025-01-08 00:07:30,Ahmedabad,receive,DEV430,0
TXN108586,USER2646,64651.86,2025-04-07 07:34:30,Kolkata,merchant_payment,DEV848,0
TXN108587,USER3141,66995.34,2025-02-08 09:38:30,Ahmedabad,merchant_payment,DEV244,0
TXN108588,USER3208,75279.1,2025-03-13 11:19:30,Chennai,self_transfer,DEV343,0
TXN108589,USER1577,102566.34,2025-02-10 17:38:30,Ahmedabad,self_transfer,DEV130,0
TXN108590,USER4271,11516.29,2025-03-06 18:52:30,Bangalore,bill_payment,DEV506,0
TXN108591,USER3425,10278.76,2025-02-16 16:40:30,Hyderabad,send,DEV644,0
TXN108592,USER5145,62233.77,2025-04-04 01:34:30,Ahmedabad,receive,DEV135,0
TXN108593,USER6539,193685.94,2025-02-08 13:44:30,Mumbai,send,DEV659,0
TXN108594,USER9575,25947.48,2025-02-06 07:15:30,Chennai,send,DEV411,0
TXN108595,USER2544,47715.73,2025-01-26 22:16:30,Kolkata,merchant_payment,DEV223,0
TXN108596,USER5148,157766.87,2025-02-12 14:38:30,Chennai,send,DEV600,0
TXN108597,USER6081,66206.63,2025-02-20 18:03:30,Ahmedabad,receive,DEV741,0
TXN108598,USER7785,58520.84,2025-03-06 22:07:30,Mumbai,merchant_payment,DEV326,0
TXN108599,USER3484,93440.25,2025-03-21 21:44:30,Pune,bill_payment,DEV616,0
TXN108600,USER2186,60073.34,2025-02-10 08:34:30,Delhi,merchant_payment,DEV380,0
TXN108601,USER6348,188598.91,2025-02-08 12:09:30,Chennai,self_transfer,DEV327,0
TXN108602,USER6344,37806.05,2025-01-23 10:54:30,Mumbai,merchant_payment,DEV760,0
TXN108603,USER3929,92494.8,2025-02-07 14:56:30,Jaipur,bill_payment,DEV665,0
TXN108604,USER2996,147781.86,2025-02-26 11:00:30,Ahmedabad,send,DEV295,0
TXN108605,USER8640,176433.76,2025-03-07 01:38:30,Delhi,self_transfer,DEV462,1
TXN108606,USER6842,70541.95,2025-01-29 23:39:30,Jaipur,receive,DEV122,0
TXN108607,USER2543,140749.0,2025-01-07 13:43:30,Ahmedabad,self_transfer,DEV560,0
TXN108608,USER7943,164107.68,2025-03-05 00:19:30,Bangalore,receive,DEV581,0
TXN108609,USER8984,186601.03,2025-01-07 14:31:30,Mumbai,merchant_payment,DEV450,0
TXN108610,USER4118,46023.58,2025-01-18 04:38:30,Pune,send,DEV708,0
TXN108611,USER1444,56862.76,2025-03-30 17:35:30,Pune,send,DEV798,0
TXN108612,USER6254,116797.55,2025-03-31 19:29:30,Delhi,bill_payment,DEV686,0
TXN108613,USER9900,90999.63,2025-03-12 05:42:30,Mumbai,bill_payment,DEV380,0
TXN108614,USER4158,157685.83,2025-03-20 22:38:30,Hyderabad,send,DEV654,0
TXN108615,USER4225,19030.18,2025-03-25 22:15:30,Mumbai,merchant_payment,DEV837,0
TXN108616,USER6845,162381.58,2025-02-23 21:24:30,Kolkata,receive,DEV708,0
TXN108617,USER1209,103669.25,2025-01-30 05:41:30,Ahmedabad,self_transfer,DEV933,0
TXN108618,USER8750,175951.9,2025-01-13 11:41:30,Jaipur,merchant_payment,DEV839,0
TXN108619,USER3932,100660.48,2025-02-26 22:40:30,Mumbai,bill_payment,DEV813,0
TXN108620,USER4069,189925.53,2025-03-29 15:41:30,Hyderabad,bill_payment,DEV186,0
TXN108621,USER8435,104804.82,2025-01-09 06:39:30,Pune,bill_payment,DEV764,0
TXN108622,USER9641,126298.24,2025-02-27 08:28:30,Ahmedabad,bill_payment,DEV632,0
TXN108623,USER9867,178679.24,2025-02-12 11:34:30,Delhi,send,DEV438,0
TXN108624,USER2524,120436.82,2025-03-13 03:56:30,Hyderabad,send,DEV263,1
TXN108625,USER7774,75377.49,2025-01-30 07:08:30,Hyderabad,self_transfer,DEV421,0
TXN108626,USER7191,17341.08,2025-02-14 02:18:30,Bangalore,bill_payment,DEV345,0
TXN108627,USER5175,104508.53,2025-03-11 15:15:30,Jaipur,merchant_payment,DEV647,0
TXN108628,USER5855,194573.27,2025-03-07 11:04:30,Mumbai,receive,DEV329,0
TXN108629,USER4960,148794.79,2025-03-29 01:13:30,Ahmedabad,bill_payment,DEV447,1
TXN108630,USER7231,9669.78,2025-03-08 23:04:30,Pune,self_transfer,DEV559,0
TXN108631,USER1835,39591.21,2025-02-15 13:54:30,Jaipur,merchant_payment,DEV645,0
TXN108632,USER9540,156233.6,2025-03-09 19:50:30,Jaipur,receive,DEV319,0
TXN108633,USER7204,139648.49,2025-02-27 03:00:30,Chennai,send,DEV755,1
TXN108634,USER5625,11354.84,2025-02-17 21:02:30,Chennai,bill_payment,DEV408,0
TXN108635,USER8644,162152.05,2025-01-15 09:17:30,Chennai,merchant_payment,DEV162,0
TXN108636,USER9785,67115.82,2025-03-25 06:10:30,Ahmedabad,self_transfer,DEV481,0
TXN108637,USER1364,51713.0,2025-03-23 20:55:30,Mumbai,send,DEV169,0
TXN108638,USER6185,84372.24,2025-02-11 12:11:30,Bangalore,self_transfer,DEV517,0
TXN108639,USER5106,178091.66,2025-02-11 14:40:30,Bangalore,receive,DEV613,0
TXN108640,USER2848,63593.86,2025-02-06 15:26:30,Hyderabad,receive,DEV198,0
TXN108641,USER8083,128416.54,2025-04-06 10:25:30,Ahmedabad,bill_payment,DEV685,0
TXN108642,USER9442,70765.39,2025-02-15 01:31:30,Hyderabad,bill_payment,DEV779,0
TXN108643,USER7981,79830.91,2025-02-03 08:52:30,Ahmedabad,receive,DEV807,0
TXN108644,USER5235,47074.59,2025-03-18 21:37:30,Hyderabad,send,DEV213,0
TXN108645,USER5254,119141.17,2025-02-22 01:26:30,Jaipur,self_transfer,DEV829,1
TXN108646,USER8926,56625.01,2025-02-07 00:32:30,Chennai,bill_payment,DEV914,0
TXN108647,USER1410,186639.26,2025-03-05 02:41:30,Jaipur,send,DEV600,1
TXN108648,USER7633,133668.26,2025-02-19 19:17:30,Ahmedabad,merchant_payment,DEV160,0
TXN108649,USER2768,185958.57,2025-03-01 03:11:30,Jaipur,send,DEV368,1
TXN108650,USER4403,21656.48,2025-01-18 12:41:30,Pune,receive,DEV548,0
TXN108651,USER2357,96174.71,2025-02-14 01:01:30,Pune,merchant_payment,DEV245,0
TXN108652,USER8042,41063.01,2025-03-19 01:00:30,Pune,self_transfer,DEV821,0
TXN108653,USER1992,28003.88,2025-03-15 09:10:30,Mumbai,self_transfer,DEV595,0
TXN108654,USER9739,135944.42,2025-03-05 08:13:30,Kolkata,receive,DEV648,0
TXN108655,USER7817,93163.92,2025-02-16 18:26:30,Bangalore,self_transfer,DEV141,0
TXN108656,USER3119,142849.16,2025-02-17 10:48:30,Chennai,send,DEV780,0
TXN108657,USER2027,96668.7,2025-03-03 04:19:30,Jaipur,self_transfer,DEV626,0
TXN108658,USER5121,54121.55,2025-01-30 05:46:30,Chennai,self_transfer,DEV117,0
TXN108659,USER4601,167464.0,2025-03-14 00:31:30,Ahmedabad,send,DEV371,0
TXN108660,USER4117,194265.86,2025-03-26 16:16:30,Delhi,self_transfer,DEV972,0
TXN108661,USER1118,158181.63,2025-01-17 23:10:30,Ahmedabad,bill_payment,DEV928,0
TXN108662,USER9437,49579.04,2025-01-25 09:50:30,Bangalore,bill_payment,DEV909,0
TXN108663,USER2945,59918.98,2025-02-01 12:12:30,Jaipur,receive,DEV195,0
TXN108664,USER8438,52086.3,2025-01-22 07:23:30,Ahmedabad,bill_payment,DEV704,0
TXN108665,USER1279,32300.53,2025-02-19 21:42:30,Chennai,merchant_payment,DEV691,0
TXN108666,USER1845,33457.56,2025-04-03 22:18:30,Jaipur,send,DEV573,0
TXN108667,USER3567,50837.96,2025-02-11 15:44:30,Chennai,receive,DEV221,0
TXN108668,USER3316,160456.41,2025-02-16 20:04:30,Bangalore,merchant_payment,DEV144,0
TXN108669,USER9670,179696.17,2025-01-11 19:58:30,Ahmedabad,self_transfer,DEV346,0
TXN108670,USER3865,42081.08,2025-01-16 12:51:30,Pune,send,DEV292,0
TXN108671,USER9000,64670.32,2025-02-18 06:44:30,Pune,receive,DEV548,0
TXN108672,USER4430,8641.14,2025-02-12 00:48:30,Kolkata,merchant_payment,DEV594,0
TXN108673,USER1818,101766.13,2025-03-30 03:49:30,Jaipur,bill_payment,DEV929,1
TXN108674,USER1819,158870.27,2025-02-12 08:04:30,Delhi,merchant_payment,DEV312,0
TXN108675,USER7447,48772.36,2025-03-21 14:28:30,Jaipur,receive,DEV456,0
TXN108676,USER6777,137300.15,2025-01-17 00:10:30,Delhi,receive,DEV992,0
TXN108677,USER1795,127738.21,2025-01-08 11:53:30,Delhi,receive,DEV714,0
TXN108678,USER6605,164316.62,2025-03-09 20:01:30,Pune,self_transfer,DEV634,0
TXN108679,USER1152,161208.25,2025-02-13 22:20:30,Jaipur,bill_payment,DEV849,0
TXN108680,USER4974,75802.09,2025-03-02 22:56:30,Mumbai,bill_payment,DEV347,0
TXN108681,USER2229,185163.25,2025-03-09 18:05:30,Jaipur,bill_payment,DEV714,0
TXN108682,USER7601,112015.5,2025-02-14 08:57:30,Jaipur,merchant_payment,DEV643,0
TXN108683,USER6113,68383.71,2025-02-27 23:18:30,Mumbai,self_transfer,DEV131,0
TXN108684,USER4746,67354.25,2025-03-16 19:30:30,Jaipur,self_transfer,DEV380,0
TXN108685,USER8906,102701.26,2025-01-24 10:25:30,Chennai,send,DEV345,0
TXN108686,USER8646,178603.33,2025-03-30 09:24:30,Hyderabad,self_transfer,DEV619,0
TXN108687,USER2904,141421.66,2025-03-12 00:05:30,Kolkata,bill_payment,DEV416,0
TXN108688,USER1011,110711.91,2025-03-18 23:57:30,Delhi,send,DEV711,0
TXN108689,USER4223,194468.86,2025-03-26 22:34:30,Mumbai,send,DEV979,0
TXN108690,USER9157,87010.45,2025-01-16 19:17:30,Bangalore,bill_payment,DEV355,0
TXN108691,USER2631,5009.45,2025-04-01 08:16:30,Pune,self_transfer,DEV730,0
TXN108692,USER8728,123765.18,2025-03-17 08:14:30,Delhi,merchant_payment,DEV539,0
TXN108693,USER3904,154778.92,2025-02-19 12:45:30,Kolkata,self_transfer,DEV995,0
TXN108694,USER6448,8736.13,2025-01-07 00:45:30,Mumbai,send,DEV547,0
TXN108695,USER5606,99010.18,2025-03-26 21:05:30,Pune,bill_payment,DEV504,0
TXN108696,USER7287,127975.81,2025-03-06 17:44:30,Jaipur,self_transfer,DEV708,0
TXN108697,USER7615,50800.48,2025-03-10 05:49:30,Ahmedabad,send,DEV531,0
TXN108698,USER9566,64655.97,2025-01-20 07:44:30,Pune,self_transfer,DEV704,0
TXN108699,USER7218,173703.17,2025-01-09 03:29:30,Jaipur,self_transfer,DEV678,1
TXN108700,USER7166,14278.85,2025-02-21 04:03:30,Pune,bill_payment,DEV482,0
TXN108701,USER5601,124976.76,2025-02-07 01:56:30,Pune,merchant_payment,DEV843,1
TXN108702,USER8519,198989.85,2025-03-05 20:38:30,Jaipur,bill_payment,DEV637,0
TXN108703,USER2014,191209.27,2025-02-21 15:28:30,Delhi,bill_payment,DEV645,0
TXN108704,USER3795,109040.63,2025-02-27 05:26:30,Delhi,receive,DEV349,0
TXN108705,USER3880,164664.8,2025-02-06 18:33:30,Delhi,send,DEV500,0
TXN108706,USER9210,81722.56,2025-04-07 04:56:30,Hyderabad,self_transfer,DEV222,0
TXN108707,USER4657,34825.54,2025-01-08 01:02:30,Jaipur,merchant_payment,DEV617,0
TXN108708,USER7367,61119.48,2025-02-27 02:36:30,Jaipur,self_transfer,DEV962,0
TXN108709,USER7101,101589.71,2025-02-18 02:13:30,Pune,bill_payment,DEV586,1
TXN108710,USER2765,29784.07,2025-04-04 20:07:30,Hyderabad,send,DEV296,0
TXN108711,USER6624,24989.58,2025-02-05 11:31:30,Pune,self_transfer,DEV298,0
TXN108712,USER7238,152846.92,2025-01-12 02:42:30,Pune,bill_payment,DEV623,1
TXN108713,USER4361,142048.39,2025-02-06 19:05:30,Delhi,send,DEV776,0
TXN108714,USER9226,65399.2,2025-03-03 02:31:30,Kolkata,send,DEV601,0
TXN108715,USER3460,47911.7,2025-04-05 09:11:30,Mumbai,receive,DEV694,0
TXN108716,USER9536,14244.59,2025-03-04 08:59:30,Delhi,merchant_payment,DEV705,0
TXN108717,USER3103,175905.66,2025-01-07 00:49:30,Bangalore,self_transfer,DEV730,0
TXN108718,USER7432,123935.36,2025-03-15 23:39:30,Kolkata,receive,DEV840,0
TXN108719,USER2153,189958.62,2025-01-15 21:17:30,Jaipur,bill_payment,DEV156,0
TXN108720,USER9410,19810.68,2025-02-07 13:51:30,Bangalore,bill_payment,DEV901,0
TXN108721,USER9112,78577.85,2025-02-18 23:33:30,Kolkata,self_transfer,DEV756,0
TXN108722,USER5832,61170.25,2025-03-05 10:51:30,Mumbai,bill_payment,DEV173,0
TXN108723,USER2856,55368.73,2025-01-29 14:16:30,Delhi,bill_payment,DEV127,0
TXN108724,USER8489,127266.28,2025-03-09 04:15:30,Mumbai,send,DEV124,0
TXN108725,USER5498,157515.46,2025-01-18 06:42:30,Pune,bill_payment,DEV444,0
TXN108726,USER6711,67797.66,2025-01-28 01:36:30,Jaipur,bill_payment,DEV657,0
TXN108727,USER2955,21239.66,2025-02-06 14:58:30,Kolkata,merchant_payment,DEV463,0
TXN108728,USER9016,31135.14,2025-02-19 11:59:30,Jaipur,bill_payment,DEV644,0
TXN108729,USER8551,36722.61,2025-02-20 04:24:30,Hyderabad,merchant_payment,DEV350,0
TXN108730,USER6884,173385.19,2025-02-14 09:50:30,Bangalore,self_transfer,DEV331,0
TXN108731,USER5791,34283.98,2025-01-30 17:36:30,Hyderabad,merchant_payment,DEV733,0
TXN108732,USER3767,198745.72,2025-02-05 06:22:30,Chennai,receive,DEV954,0
TXN108733,USER4674,151273.12,2025-02-14 22:53:30,Ahmedabad,bill_payment,DEV996,0
TXN108734,USER1943,169611.2,2025-02-13 14:56:30,Jaipur,bill_payment,DEV769,0
TXN108735,USER6916,21805.71,2025-02-01 07:35:30,Bangalore,receive,DEV349,0
TXN108736,USER9334,27983.45,2025-01-30 20:18:30,Kolkata,send,DEV923,0
TXN108737,USER5509,96814.64,2025-02-17 07:07:30,Hyderabad,merchant_payment,DEV605,0
TXN108738,USER3264,120734.55,2025-03-06 03:46:30,Chennai,send,DEV697,1
TXN108739,USER6042,65466.13,2025-04-01 09:56:30,Bangalore,self_transfer,DEV633,0
TXN108740,USER8639,140518.27,2025-02-01 18:47:30,Ahmedabad,bill_payment,DEV583,0
TXN108741,USER2453,33748.25,2025-01-17 11:54:30,Chennai,bill_payment,DEV236,1
TXN108742,USER8486,72528.96,2025-03-07 00:35:30,Ahmedabad,merchant_payment,DEV686,0
TXN108743,USER7237,73437.2,2025-01-24 04:37:30,Chennai,merchant_payment,DEV361,0
TXN108744,USER9991,93404.47,2025-01-13 22:19:30,Mumbai,bill_payment,DEV974,0
TXN108745,USER3474,56685.21,2025-03-29 22:52:30,Ahmedabad,receive,DEV351,0
TXN108746,USER6353,137701.53,2025-04-05 22:15:30,Chennai,self_transfer,DEV245,0
TXN108747,USER8516,139845.65,2025-03-31 15:17:30,Ahmedabad,self_transfer,DEV635,0
TXN108748,USER6318,134341.68,2025-02-16 11:24:30,Mumbai,bill_payment,DEV242,0
TXN108749,USER3477,59892.92,2025-01-16 12:26:30,Ahmedabad,self_transfer,DEV553,0
TXN108750,USER2281,157804.01,2025-01-15 10:37:30,Ahmedabad,send,DEV618,0
TXN108751,USER5633,172937.7,2025-03-21 23:09:30,Hyderabad,bill_payment,DEV500,0
TXN108752,USER7600,86749.75,2025-01-24 14:54:30,Jaipur,receive,DEV223,0
TXN108753,USER1885,183995.5,2025-03-01 17:42:30,Mumbai,merchant_payment,DEV109,0
TXN108754,USER6954,162899.26,2025-03-12 13:38:30,Kolkata,merchant_payment,DEV957,0
TXN108755,USER1004,167058.06,2025-03-08 04:44:30,Delhi,merchant_payment,DEV667,0
TXN108756,USER5072,18935.21,2025-01-19 21:22:30,Mumbai,self_transfer,DEV958,0
TXN108757,USER2023,41577.68,2025-02-27 08:59:30,Bangalore,receive,DEV752,0
TXN108758,USER7264,4239.12,2025-03-20 03:08:30,Bangalore,receive,DEV749,0
TXN108759,USER1578,109503.35,2025-02-15 05:52:30,Mumbai,send,DEV201,0
TXN108760,USER9258,4847.42,2025-02-26 09:47:30,Chennai,receive,DEV894,0
TXN108761,USER6537,102847.31,2025-02-11 23:26:30,Bangalore,send,DEV330,0
TXN108762,USER6778,19862.14,2025-03-10 20:16:30,Kolkata,self_transfer,DEV206,0
TXN108763,USER2980,127227.31,2025-02-13 01:31:30,Jaipur,self_transfer,DEV798,1
TXN108764,USER7698,91057.44,2025-02-19 21:35:30,Bangalore,bill_payment,DEV441,0
TXN108765,USER7080,68136.37,2025-02-14 17:20:30,Mumbai,merchant_payment,DEV749,0
TXN108766,USER1550,11866.83,2025-01-29 12:49:30,Jaipur,receive,DEV630,0
TXN108767,USER4771,135002.7,2025-02-09 22:20:30,Chennai,send,DEV548,0
TXN108768,USER3094,93295.34,2025-01-21 10:07:30,Chennai,merchant_payment,DEV659,1
TXN108769,USER2115,170739.23,2025-02-27 13:16:30,Delhi,self_transfer,DEV198,0
TXN108770,USER1743,57124.39,2025-03-24 17:56:30,Kolkata,self_transfer,DEV405,0
TXN108771,USER8339,79688.47,2025-03-24 18:03:30,Kolkata,bill_payment,DEV284,0
TXN108772,USER7436,149627.52,2025-04-04 09:30:30,Delhi,send,DEV927,0
TXN108773,USER5013,91726.12,2025-02-14 07:16:30,Kolkata,receive,DEV399,0
TXN108774,USER7811,73013.81,2025-04-03 20:29:30,Kolkata,send,DEV949,0
TXN108775,USER1524,105819.94,2025-03-22 14:15:30,Pune,send,DEV890,0
TXN108776,USER2765,50534.28,2025-01-26 03:09:30,Chennai,receive,DEV160,0
TXN108777,USER8382,186594.7,2025-01-28 09:36:30,Hyderabad,send,DEV550,0
TXN108778,USER8143,165961.27,2025-03-06 04:26:30,Kolkata,bill_payment,DEV243,0
TXN108779,USER1632,79469.6,2025-03-21 14:52:30,Pune,self_transfer,DEV116,0
TXN108780,USER2622,196515.59,2025-02-01 15:41:30,Mumbai,bill_payment,DEV857,0
TXN108781,USER7270,84343.32,2025-02-08 09:30:30,Pune,receive,DEV941,0
TXN108782,USER5259,29034.65,2025-02-04 18:13:30,Pune,send,DEV727,0
TXN108783,USER1917,96086.71,2025-03-10 20:14:30,Chennai,send,DEV848,0
TXN108784,USER4387,100902.91,2025-03-22 13:30:30,Ahmedabad,self_transfer,DEV298,0
TXN108785,USER1625,27140.38,2025-03-05 21:50:30,Bangalore,self_transfer,DEV765,0
TXN108786,USER5270,102070.9,2025-01-21 21:20:30,Pune,send,DEV362,0
TXN108787,USER8262,43417.64,2025-02-19 13:13:30,Ahmedabad,send,DEV847,0
TXN108788,USER7613,130535.91,2025-03-26 19:52:30,Hyderabad,merchant_payment,DEV654,0
TXN108789,USER8491,148349.9,2025-03-22 20:02:30,Pune,self_transfer,DEV763,0
TXN108790,USER2610,195116.88,2025-01-30 15:11:30,Chennai,self_transfer,DEV763,0
TXN108791,USER3069,180072.35,2025-01-09 15:48:30,Ahmedabad,receive,DEV248,0
TXN108792,USER6633,28660.35,2025-03-23 23:19:30,Bangalore,self_transfer,DEV879,0
TXN108793,USER8865,181556.95,2025-01-27 19:25:30,Pune,merchant_payment,DEV376,0
TXN108794,USER9419,35647.65,2025-03-04 03:51:30,Delhi,merchant_payment,DEV612,0
TXN108795,USER3621,196993.48,2025-03-01 20:08:30,Mumbai,send,DEV884,0
TXN108796,USER4622,41952.81,2025-03-10 20:35:30,Hyderabad,receive,DEV819,0
TXN108797,USER1219,62358.06,2025-02-04 21:45:30,Ahmedabad,bill_payment,DEV487,0
TXN108798,USER9268,85042.87,2025-03-22 20:03:30,Kolkata,merchant_payment,DEV921,0
TXN108799,USER3317,45114.75,2025-02-19 21:41:30,Jaipur,merchant_payment,DEV555,0
TXN108800,USER6921,111600.72,2025-01-17 17:00:30,Chennai,self_transfer,DEV228,0
TXN108801,USER3177,196492.5,2025-02-28 04:50:30,Bangalore,bill_payment,DEV409,0
TXN108802,USER1781,188063.45,2025-01-08 23:21:30,Kolkata,merchant_payment,DEV656,0
TXN108803,USER7925,38775.42,2025-03-14 00:58:30,Mumbai,receive,DEV587,0
TXN108804,USER1664,31622.43,2025-03-02 22:49:30,Mumbai,bill_payment,DEV533,0
TXN108805,USER6740,182257.48,2025-02-20 14:26:30,Pune,receive,DEV801,0
TXN108806,USER2464,91751.65,2025-01-15 06:48:30,Ahmedabad,receive,DEV288,0
TXN108807,USER9323,33700.12,2025-03-03 22:43:30,Mumbai,bill_payment,DEV238,0
TXN108808,USER6775,194183.27,2025-01-07 19:43:30,Hyderabad,merchant_payment,DEV247,0
TXN108809,USER6251,166476.02,2025-02-14 20:45:30,Kolkata,self_transfer,DEV772,0
TXN108810,USER4624,114319.02,2025-03-15 00:16:30,Delhi,self_transfer,DEV300,0
TXN108811,USER2700,18900.92,2025-01-31 11:50:30,Ahmedabad,send,DEV631,0
TXN108812,USER4391,79542.46,2025-01-31 04:52:30,Hyderabad,bill_payment,DEV192,0
TXN108813,USER1699,26909.84,2025-02-28 03:27:30,Bangalore,merchant_payment,DEV564,0
TXN108814,USER5532,76207.05,2025-02-22 11:25:30,Chennai,bill_payment,DEV944,0
TXN108815,USER1712,144284.7,2025-01-09 10:11:30,Ahmedabad,send,DEV809,0
TXN108816,USER3402,135298.2,2025-03-01 20:36:30,Kolkata,bill_payment,DEV379,0
TXN108817,USER1411,152993.9,2025-01-26 19:09:30,Pune,send,DEV633,0
TXN108818,USER5627,131258.99,2025-02-05 03:14:30,Chennai,receive,DEV740,1
TXN108819,USER3263,54815.33,2025-04-01 01:29:30,Chennai,bill_payment,DEV985,0
TXN108820,USER6511,101558.94,2025-03-11 06:11:30,Jaipur,self_transfer,DEV932,0
TXN108821,USER8352,133792.04,2025-03-11 12:02:30,Kolkata,merchant_payment,DEV443,0
TXN108822,USER7082,197499.8,2025-04-02 22:26:30,Delhi,bill_payment,DEV232,0
TXN108823,USER3180,74878.56,2025-01-12 23:19:30,Hyderabad,merchant_payment,DEV832,0
TXN108824,USER3647,43500.07,2025-03-25 03:49:30,Delhi,merchant_payment,DEV745,0
TXN108825,USER6560,98207.74,2025-03-04 19:21:30,Hyderabad,bill_payment,DEV108,0
TXN108826,USER3118,131906.2,2025-02-08 11:10:30,Delhi,merchant_payment,DEV987,0
TXN108827,USER3588,75332.96,2025-02-13 00:16:30,Chennai,merchant_payment,DEV918,0
TXN108828,USER5445,35068.21,2025-01-31 23:16:30,Pune,merchant_payment,DEV172,0
TXN108829,USER4155,37274.07,2025-01-25 16:05:30,Mumbai,receive,DEV629,0
TXN108830,USER8506,145602.28,2025-01-28 20:33:30,Ahmedabad,bill_payment,DEV132,0
TXN108831,USER4408,30042.39,2025-01-13 12:24:30,Ahmedabad,self_transfer,DEV831,0
TXN108832,USER3216,74062.55,2025-01-25 18:09:30,Hyderabad,bill_payment,DEV646,0
TXN108833,USER3978,146177.13,2025-03-01 09:59:30,Chennai,send,DEV847,0
TXN108834,USER6138,52313.43,2025-03-15 22:45:30,Bangalore,receive,DEV311,0
TXN108835,USER8599,122835.4,2025-02-09 04:05:30,Mumbai,merchant_payment,DEV973,0
TXN108836,USER6322,156859.16,2025-03-17 09:54:30,Hyderabad,send,DEV672,0
TXN108837,USER8720,103524.88,2025-03-31 11:48:30,Mumbai,merchant_payment,DEV422,0
TXN108838,USER2348,154807.82,2025-02-10 15:09:30,Pune,self_transfer,DEV800,0
TXN108839,USER2588,116619.88,2025-01-29 05:59:30,Delhi,self_transfer,DEV790,0
TXN108840,USER6746,69413.28,2025-03-28 23:23:30,Ahmedabad,receive,DEV908,0
TXN108841,USER7218,166572.23,2025-03-29 17:31:30,Jaipur,self_transfer,DEV891,0
TXN108842,USER6561,28762.23,2025-01-07 14:04:30,Mumbai,send,DEV107,0
TXN108843,USER1976,126124.73,2025-02-04 21:55:30,Pune,send,DEV682,0
TXN108844,USER6772,132522.63,2025-04-05 09:33:30,Chennai,merchant_payment,DEV447,0
TXN108845,USER8358,169308.34,2025-04-04 23:29:30,Hyderabad,receive,DEV727,0
TXN108846,USER8566,152154.86,2025-01-19 03:08:30,Mumbai,receive,DEV943,1
TXN108847,USER5987,62007.39,2025-02-10 06:36:30,Kolkata,merchant_payment,DEV193,0
TXN108848,USER8194,89946.14,2025-03-08 10:48:30,Pune,self_transfer,DEV805,0
TXN108849,USER8197,165663.24,2025-01-10 15:01:30,Bangalore,self_transfer,DEV454,0
TXN108850,USER1470,169962.26,2025-01-12 19:44:30,Kolkata,send,DEV205,0
TXN108851,USER5703,111578.91,2025-03-30 19:10:30,Delhi,receive,DEV974,0
TXN108852,USER4101,137858.5,2025-03-31 04:46:30,Delhi,self_transfer,DEV667,0
TXN108853,USER6895,150214.44,2025-02-22 21:27:30,Kolkata,self_transfer,DEV503,0
TXN108854,USER9853,142323.44,2025-02-16 13:01:30,Mumbai,receive,DEV375,0
TXN108855,USER2905,196648.52,2025-01-31 20:40:30,Ahmedabad,bill_payment,DEV404,0
TXN108856,USER2419,166027.86,2025-02-26 00:01:30,Pune,bill_payment,DEV319,0
TXN108857,USER8688,13460.49,2025-02-22 07:52:30,Kolkata,receive,DEV524,0
TXN108858,USER9175,191850.63,2025-01-25 18:12:30,Kolkata,bill_payment,DEV368,0
TXN108859,USER2172,72983.94,2025-01-23 09:25:30,Chennai,self_transfer,DEV817,0
TXN108860,USER5372,119736.42,2025-03-15 06:22:30,Kolkata,bill_payment,DEV951,0
TXN108861,USER5219,151222.7,2025-03-18 04:02:30,Jaipur,self_transfer,DEV747,0
TXN108862,USER6139,27827.29,2025-02-14 05:36:30,Hyderabad,bill_payment,DEV732,0
TXN108863,USER8508,26152.58,2025-02-12 10:34:30,Ahmedabad,merchant_payment,DEV313,0
TXN108864,USER2874,26135.19,2025-03-16 16:45:30,Chennai,receive,DEV530,0
TXN108865,USER6459,27865.63,2025-02-08 18:24:30,Kolkata,self_transfer,DEV742,0
TXN108866,USER8939,4685.19,2025-03-06 10:44:30,Kolkata,self_transfer,DEV237,0
TXN108867,USER8672,137222.61,2025-01-14 15:48:30,Mumbai,bill_payment,DEV231,0
TXN108868,USER5457,138904.97,2025-04-04 20:05:30,Hyderabad,send,DEV933,0
TXN108869,USER4299,119709.74,2025-01-18 01:43:30,Kolkata,merchant_payment,DEV686,1
TXN108870,USER9469,23984.21,2025-04-01 07:52:30,Jaipur,bill_payment,DEV522,0
TXN108871,USER4798,42768.14,2025-04-03 22:06:30,Pune,receive,DEV514,0
TXN108872,USER1333,36346.79,2025-03-26 21:22:30,Pune,merchant_payment,DEV249,0
TXN108873,USER4195,54866.39,2025-02-17 20:45:30,Chennai,receive,DEV317,0
TXN108874,USER8967,178693.0,2025-01-30 05:35:30,Delhi,send,DEV118,0
TXN108875,USER2933,36743.31,2025-02-11 01:13:30,Chennai,merchant_payment,DEV152,0
TXN108876,USER9869,66171.44,2025-01-13 02:15:30,Hyderabad,merchant_payment,DEV842,0
TXN108877,USER4641,145369.98,2025-01-18 15:10:30,Bangalore,self_transfer,DEV577,0
TXN108878,USER1720,179070.22,2025-03-25 08:41:30,Kolkata,send,DEV895,0
TXN108879,USER1832,180128.73,2025-03-21 18:25:30,Kolkata,receive,DEV421,0
TXN108880,USER5808,24767.4,2025-01-13 23:53:30,Hyderabad,bill_payment,DEV143,0
TXN108881,USER8084,55242.72,2025-03-31 23:13:30,Ahmedabad,merchant_payment,DEV911,0
TXN108882,USER5098,40396.97,2025-02-02 20:01:30,Kolkata,receive,DEV566,0
TXN108883,USER8487,90899.53,2025-02-09 06:08:30,Ahmedabad,send,DEV201,0
TXN108884,USER8089,104749.16,2025-01-18 05:03:30,Chennai,self_transfer,DEV485,0
TXN108885,USER8448,40141.13,2025-01-18 04:28:30,Chennai,merchant_payment,DEV118,0
TXN108886,USER1114,153085.17,2025-02-02 01:21:30,Hyderabad,bill_payment,DEV887,1
TXN108887,USER7310,193476.23,2025-03-09 13:39:30,Ahmedabad,receive,DEV790,0
TXN108888,USER5732,38238.86,2025-03-06 03:40:30,Ahmedabad,bill_payment,DEV577,0
TXN108889,USER1266,34699.18,2025-02-16 07:13:30,Kolkata,self_transfer,DEV743,0
TXN108890,USER5059,196308.95,2025-03-20 04:38:30,Ahmedabad,bill_payment,DEV314,0
TXN108891,USER3342,175848.42,2025-03-31 03:11:30,Pune,self_transfer,DEV619,1
TXN108892,USER4412,13211.5,2025-03-19 15:10:30,Delhi,bill_payment,DEV914,0
TXN108893,USER3149,4740.84,2025-01-14 11:15:30,Kolkata,bill_payment,DEV788,0
TXN108894,USER2005,1041.13,2025-03-06 09:36:30,Hyderabad,receive,DEV525,0
TXN108895,USER8620,22745.6,2025-03-28 01:25:30,Kolkata,receive,DEV825,0
TXN108896,USER9672,46645.96,2025-01-22 01:03:30,Delhi,send,DEV643,0
TXN108897,USER2947,172386.71,2025-02-08 03:41:30,Bangalore,merchant_payment,DEV996,1
TXN108898,USER6466,152950.82,2025-03-27 22:33:30,Chennai,receive,DEV645,0
TXN108899,USER3937,192879.33,2025-01-10 12:11:30,Delhi,send,DEV245,0
TXN108900,USER2009,154578.1,2025-03-10 23:24:30,Ahmedabad,merchant_payment,DEV869,0
TXN108901,USER6360,39299.9,2025-02-06 23:05:30,Bangalore,bill_payment,DEV161,0
TXN108902,USER4876,87649.26,2025-02-11 11:54:30,Bangalore,self_transfer,DEV825,0
TXN108903,USER1529,134556.85,2025-03-06 20:34:30,Jaipur,merchant_payment,DEV383,0
TXN108904,USER5249,193439.34,2025-01-22 19:55:30,Bangalore,bill_payment,DEV398,0
TXN108905,USER1115,180639.87,2025-01-13 09:41:30,Hyderabad,send,DEV520,0
TXN108906,USER4059,240.53,2025-04-02 01:26:30,Kolkata,merchant_payment,DEV983,0
TXN108907,USER7324,20522.71,2025-02-16 18:11:30,Mumbai,send,DEV894,0
TXN108908,USER1328,36541.05,2025-03-31 06:57:30,Kolkata,merchant_payment,DEV599,0
TXN108909,USER4346,6508.43,2025-01-10 23:25:30,Bangalore,bill_payment,DEV957,0
TXN108910,USER5744,80944.92,2025-03-19 05:18:30,Hyderabad,self_transfer,DEV623,0
TXN108911,USER4933,54525.16,2025-04-06 15:25:30,Kolkata,receive,DEV507,0
TXN108912,USER1072,28078.01,2025-03-06 15:01:30,Pune,merchant_payment,DEV783,0
TXN108913,USER7239,140941.64,2025-03-28 01:05:30,Kolkata,self_transfer,DEV126,1
TXN108914,USER1992,94672.74,2025-04-03 05:44:30,Mumbai,self_transfer,DEV911,0
TXN108915,USER9788,178190.8,2025-03-25 01:10:30,Bangalore,send,DEV229,1
TXN108916,USER9993,62795.82,2025-03-16 01:51:30,Mumbai,self_transfer,DEV690,0
TXN108917,USER6093,162460.69,2025-03-31 21:59:30,Jaipur,send,DEV307,0
TXN108918,USER1372,1711.37,2025-03-12 07:25:30,Ahmedabad,self_transfer,DEV680,0
TXN108919,USER6983,115450.05,2025-02-03 23:14:30,Bangalore,bill_payment,DEV721,0
TXN108920,USER9336,154014.86,2025-02-18 09:33:30,Ahmedabad,receive,DEV606,0
TXN108921,USER6949,196102.02,2025-02-16 18:06:30,Bangalore,receive,DEV353,0
TXN108922,USER4441,95815.14,2025-02-18 01:27:30,Jaipur,self_transfer,DEV202,0
TXN108923,USER1005,53482.73,2025-02-28 22:48:30,Ahmedabad,send,DEV380,0
TXN108924,USER7822,22752.36,2025-01-09 03:37:30,Delhi,self_transfer,DEV151,0
TXN108925,USER2664,91762.35,2025-02-03 04:18:30,Hyderabad,self_transfer,DEV342,0
TXN108926,USER7211,58384.84,2025-01-11 23:53:30,Delhi,self_transfer,DEV255,0
TXN108927,USER5323,103138.08,2025-03-16 19:37:30,Bangalore,send,DEV459,0
TXN108928,USER5654,17796.14,2025-02-12 07:55:30,Pune,receive,DEV729,0
TXN108929,USER8968,140882.09,2025-03-19 11:04:30,Hyderabad,send,DEV886,0
TXN108930,USER2994,199296.56,2025-01-16 04:20:30,Ahmedabad,receive,DEV562,0
TXN108931,USER8061,35911.22,2025-02-28 10:24:30,Ahmedabad,send,DEV224,0
TXN108932,USER5666,64326.82,2025-03-05 14:48:30,Pune,self_transfer,DEV909,0
TXN108933,USER3299,143318.79,2025-01-16 06:37:30,Chennai,send,DEV840,0
TXN108934,USER2624,73765.64,2025-01-27 20:15:30,Jaipur,self_transfer,DEV999,0
TXN108935,USER3906,182081.64,2025-01-26 15:56:30,Delhi,send,DEV198,0
TXN108936,USER2129,95314.12,2025-01-16 10:11:30,Chennai,bill_payment,DEV533,0
TXN108937,USER7094,159969.52,2025-01-09 17:25:30,Pune,self_transfer,DEV673,0
TXN108938,USER4157,199989.74,2025-03-04 06:51:30,Bangalore,send,DEV580,0
TXN108939,USER9820,14050.53,2025-03-07 18:51:30,Mumbai,bill_payment,DEV609,0
TXN108940,USER6539,138954.27,2025-01-20 05:42:30,Pune,receive,DEV989,1
TXN108941,USER6381,122973.51,2025-02-09 09:14:30,Delhi,bill_payment,DEV974,0
TXN108942,USER3374,4643.25,2025-03-04 13:48:30,Jaipur,receive,DEV444,0
TXN108943,USER4001,22783.28,2025-01-07 13:51:30,Hyderabad,receive,DEV525,0
TXN108944,USER6772,162474.88,2025-03-22 08:24:30,Bangalore,merchant_payment,DEV653,0
TXN108945,USER8955,19594.82,2025-01-31 19:18:30,Mumbai,send,DEV721,0
TXN108946,USER5987,86847.65,2025-02-26 03:17:30,Mumbai,receive,DEV810,0
TXN108947,USER7366,198534.26,2025-01-20 07:01:30,Chennai,send,DEV503,0
TXN108948,USER5426,113214.56,2025-03-24 03:53:30,Jaipur,receive,DEV426,1
TXN108949,USER9893,110303.14,2025-04-01 17:26:30,Kolkata,merchant_payment,DEV905,0
TXN108950,USER6077,190531.74,2025-01-08 09:00:30,Jaipur,merchant_payment,DEV221,0
TXN108951,USER4569,52206.63,2025-03-05 15:06:30,Hyderabad,self_transfer,DEV237,0
TXN108952,USER3575,29451.03,2025-03-15 05:10:30,Mumbai,self_transfer,DEV246,0
TXN108953,USER9540,90299.62,2025-01-22 08:27:30,Jaipur,merchant_payment,DEV313,0
TXN108954,USER9394,134805.71,2025-03-20 00:42:30,Chennai,merchant_payment,DEV672,0
TXN108955,USER3650,20749.74,2025-02-10 06:12:30,Delhi,self_transfer,DEV806,0
TXN108956,USER5973,24349.1,2025-01-14 13:37:30,Chennai,receive,DEV909,0
TXN108957,USER9269,71491.26,2025-02-25 12:44:30,Mumbai,receive,DEV320,0
TXN108958,USER1133,198254.74,2025-03-25 03:58:30,Chennai,bill_payment,DEV233,1
TXN108959,USER1734,145731.7,2025-02-15 12:02:30,Chennai,bill_payment,DEV678,0
TXN108960,USER4724,30145.41,2025-01-10 08:34:30,Hyderabad,self_transfer,DEV774,0
TXN108961,USER1517,42023.53,2025-03-30 17:49:30,Jaipur,merchant_payment,DEV990,0
TXN108962,USER7752,158571.39,2025-02-11 16:50:30,Kolkata,send,DEV879,0
TXN108963,USER8972,153081.54,2025-01-10 16:15:30,Kolkata,self_transfer,DEV443,0
TXN108964,USER3118,77107.61,2025-01-30 08:13:30,Pune,receive,DEV683,0
TXN108965,USER9805,178203.59,2025-01-09 03:51:30,Delhi,receive,DEV360,1
TXN108966,USER6415,144805.59,2025-03-29 03:35:30,Ahmedabad,self_transfer,DEV331,1
TXN108967,USER6773,186153.69,2025-01-12 16:36:30,Jaipur,receive,DEV565,0
TXN108968,USER9741,173177.93,2025-02-17 08:12:30,Hyderabad,send,DEV871,0
TXN108969,USER3559,184791.59,2025-02-20 07:18:30,Mumbai,self_transfer,DEV472,0
TXN108970,USER1275,64265.52,2025-02-24 04:18:30,Chennai,bill_payment,DEV377,0
TXN108971,USER8073,25154.21,2025-04-05 03:31:30,Pune,bill_payment,DEV485,0
TXN108972,USER6885,85750.35,2025-03-04 16:56:30,Jaipur,merchant_payment,DEV393,0
TXN108973,USER9865,181997.41,2025-02-01 21:09:30,Kolkata,bill_payment,DEV633,0
TXN108974,USER3999,121041.55,2025-02-23 05:00:30,Pune,receive,DEV120,0
TXN108975,USER5737,152849.79,2025-02-22 20:57:30,Kolkata,merchant_payment,DEV273,0
TXN108976,USER8673,123841.48,2025-01-14 11:10:30,Mumbai,merchant_payment,DEV966,0
TXN108977,USER9505,58610.89,2025-02-27 05:17:30,Bangalore,bill_payment,DEV935,0
TXN108978,USER9654,43975.18,2025-01-14 08:02:30,Mumbai,receive,DEV430,0
TXN108979,USER9788,81123.59,2025-02-07 08:00:30,Delhi,send,DEV441,0
TXN108980,USER5739,116743.11,2025-02-09 12:33:30,Bangalore,send,DEV575,0
TXN108981,USER7574,13237.54,2025-03-15 00:25:30,Kolkata,receive,DEV253,0
TXN108982,USER7432,101935.38,2025-01-11 14:23:30,Chennai,merchant_payment,DEV365,0
TXN108983,USER9912,103184.42,2025-04-01 23:52:30,Bangalore,bill_payment,DEV241,0
TXN108984,USER9458,53698.74,2025-03-20 18:09:30,Hyderabad,merchant_payment,DEV729,0
TXN108985,USER8421,137872.55,2025-03-09 07:28:30,Hyderabad,receive,DEV744,0
TXN108986,USER6429,69183.0,2025-02-06 00:08:30,Jaipur,send,DEV870,0
TXN108987,USER6167,161474.01,2025-03-07 00:02:30,Chennai,self_transfer,DEV581,0
TXN108988,USER5795,59740.83,2025-01-11 03:50:30,Kolkata,bill_payment,DEV770,0
TXN108989,USER6386,122891.65,2025-02-09 18:35:30,Kolkata,send,DEV641,0
TXN108990,USER3248,68849.43,2025-01-18 18:16:30,Mumbai,send,DEV343,0
TXN108991,USER2711,90276.62,2025-03-05 15:08:30,Ahmedabad,send,DEV323,0
TXN108992,USER2417,110242.08,2025-01-25 14:05:30,Bangalore,merchant_payment,DEV472,0
TXN108993,USER9518,119305.08,2025-02-25 16:20:30,Pune,send,DEV482,0
TXN108994,USER8568,4694.21,2025-02-18 13:56:30,Ahmedabad,bill_payment,DEV819,0
TXN108995,USER4977,191734.66,2025-02-15 20:55:30,Kolkata,merchant_payment,DEV171,0
TXN108996,USER5216,3847.59,2025-02-17 19:43:30,Jaipur,bill_payment,DEV274,0
TXN108997,USER1687,41424.85,2025-01-30 03:39:30,Jaipur,merchant_payment,DEV209,0
TXN108998,USER1782,124115.16,2025-02-21 08:35:30,Mumbai,self_transfer,DEV339,1
TXN108999,USER9517,81984.39,2025-03-24 11:48:30,Hyderabad,receive,DEV814,0
TXN109000,USER3307,86136.97,2025-01-21 01:57:30,Delhi,bill_payment,DEV291,0
TXN109001,USER8197,35653.75,2025-03-04 11:22:30,Ahmedabad,merchant_payment,DEV954,0
TXN109002,USER8354,35179.11,2025-02-12 18:12:30,Bangalore,send,DEV237,0
TXN109003,USER5696,159798.57,2025-04-06 10:04:30,Hyderabad,merchant_payment,DEV962,0
TXN109004,USER7680,62787.46,2025-01-08 14:44:30,Hyderabad,receive,DEV294,0
TXN109005,USER2660,10663.3,2025-02-28 00:55:30,Jaipur,send,DEV743,0
TXN109006,USER1325,10910.02,2025-01-15 09:13:30,Mumbai,receive,DEV943,0
TXN109007,USER8645,11115.92,2025-01-14 16:43:30,Jaipur,self_transfer,DEV375,0
TXN109008,USER1661,7342.03,2025-01-31 14:50:30,Pune,self_transfer,DEV417,0
TXN109009,USER1910,76129.77,2025-03-24 15:31:30,Mumbai,self_transfer,DEV602,0
TXN109010,USER8071,164711.0,2025-02-10 04:50:30,Ahmedabad,self_transfer,DEV379,0
TXN109011,USER6835,178674.23,2025-04-04 23:57:30,Delhi,send,DEV332,0
TXN109012,USER1693,82925.76,2025-01-19 11:41:30,Pune,send,DEV669,0
TXN109013,USER8741,138246.49,2025-01-26 12:01:30,Jaipur,merchant_payment,DEV420,0
TXN109014,USER5304,18507.22,2025-02-19 09:05:30,Ahmedabad,bill_payment,DEV470,0
TXN109015,USER6220,98821.75,2025-01-15 13:39:30,Jaipur,merchant_payment,DEV138,0
TXN109016,USER3957,138472.73,2025-01-31 16:12:30,Hyderabad,merchant_payment,DEV317,0
TXN109017,USER7300,25209.3,2025-03-09 22:43:30,Mumbai,self_transfer,DEV741,0
TXN109018,USER1163,155936.26,2025-01-19 17:47:30,Ahmedabad,merchant_payment,DEV100,0
TXN109019,USER3436,13551.83,2025-02-21 19:35:30,Hyderabad,receive,DEV743,0
TXN109020,USER4844,21580.12,2025-03-07 16:12:30,Hyderabad,merchant_payment,DEV640,0
TXN109021,USER3353,89318.12,2025-03-04 02:57:30,Pune,merchant_payment,DEV939,0
TXN109022,USER5180,117097.94,2025-03-09 21:24:30,Pune,bill_payment,DEV676,0
TXN109023,USER4354,79753.97,2025-02-06 07:38:30,Hyderabad,send,DEV423,0
TXN109024,USER1771,6946.65,2025-03-08 19:50:30,Chennai,send,DEV650,0
TXN109025,USER6125,146586.92,2025-03-25 09:40:30,Chennai,merchant_payment,DEV116,0
TXN109026,USER5819,87876.27,2025-03-31 05:56:30,Ahmedabad,bill_payment,DEV102,0
TXN109027,USER4368,15661.77,2025-01-11 13:44:30,Pune,bill_payment,DEV188,0
TXN109028,USER8089,36721.92,2025-03-14 03:31:30,Ahmedabad,send,DEV749,0
TXN109029,USER8058,69616.65,2025-02-11 00:38:30,Mumbai,merchant_payment,DEV502,0
TXN109030,USER2318,90617.74,2025-01-21 09:53:30,Pune,receive,DEV901,0
TXN109031,USER7315,72631.8,2025-03-26 15:54:30,Mumbai,send,DEV480,0
TXN109032,USER8893,165163.67,2025-03-06 00:26:30,Ahmedabad,self_transfer,DEV152,0
TXN109033,USER2231,72622.92,2025-03-25 01:41:30,Ahmedabad,receive,DEV475,0
TXN109034,USER1067,128994.83,2025-02-23 00:14:30,Kolkata,merchant_payment,DEV914,0
TXN109035,USER6403,95479.73,2025-03-31 14:46:30,Delhi,self_transfer,DEV158,0
TXN109036,USER9891,114149.01,2025-01-06 23:15:30,Jaipur,bill_payment,DEV612,0
TXN109037,USER3834,2334.62,2025-01-22 02:36:30,Chennai,self_transfer,DEV405,0
TXN109038,USER4374,177702.31,2025-02-12 04:57:30,Ahmedabad,merchant_payment,DEV845,0
TXN109039,USER5525,172699.6,2025-02-20 18:08:30,Delhi,send,DEV533,0
TXN109040,USER9174,115716.61,2025-02-02 18:45:30,Mumbai,receive,DEV308,0
TXN109041,USER2486,13336.53,2025-01-29 16:09:30,Jaipur,receive,DEV496,0
TXN109042,USER7595,28181.44,2025-02-22 22:48:30,Hyderabad,receive,DEV991,0
TXN109043,USER7128,138481.06,2025-01-30 03:36:30,Bangalore,receive,DEV423,1
TXN109044,USER1403,88196.77,2025-02-18 15:22:30,Pune,receive,DEV281,0
TXN109045,USER3728,142225.42,2025-02-24 01:16:30,Mumbai,receive,DEV840,1
TXN109046,USER4504,50382.54,2025-03-12 02:31:30,Hyderabad,send,DEV785,0
TXN109047,USER8918,29810.1,2025-03-25 03:16:30,Hyderabad,send,DEV186,0
TXN109048,USER1471,131067.3,2025-02-01 06:05:30,Kolkata,bill_payment,DEV644,0
TXN109049,USER1512,70123.19,2025-01-28 10:27:30,Chennai,receive,DEV106,0
TXN109050,USER7299,52646.51,2025-03-19 18:19:30,Mumbai,self_transfer,DEV288,0
TXN109051,USER3571,32071.37,2025-03-29 10:51:30,Delhi,bill_payment,DEV990,0
TXN109052,USER6902,59482.8,2025-01-10 07:07:30,Ahmedabad,receive,DEV365,0
TXN109053,USER4299,59378.7,2025-01-20 09:21:30,Jaipur,send,DEV809,0
TXN109054,USER1148,178244.89,2025-01-26 12:45:30,Bangalore,self_transfer,DEV859,0
TXN109055,USER2509,12846.87,2025-03-31 20:04:30,Chennai,receive,DEV365,0
TXN109056,USER6742,52263.03,2025-01-29 13:39:30,Ahmedabad,self_transfer,DEV968,0
TXN109057,USER6725,68247.89,2025-03-18 00:37:30,Pune,merchant_payment,DEV699,0
TXN109058,USER5131,25423.91,2025-03-24 09:52:30,Chennai,bill_payment,DEV670,0
TXN109059,USER7854,41870.16,2025-03-25 12:03:30,Bangalore,send,DEV919,0
TXN109060,USER8779,111083.81,2025-02-12 20:19:30,Chennai,bill_payment,DEV189,0
TXN109061,USER7322,42062.64,2025-01-16 02:29:30,Delhi,bill_payment,DEV723,0
TXN109062,USER2443,100988.35,2025-02-19 15:25:30,Pune,self_transfer,DEV125,0
TXN109063,USER1828,92739.73,2025-03-10 04:48:30,Mumbai,bill_payment,DEV492,0
TXN109064,USER1720,112624.88,2025-03-09 08:43:30,Hyderabad,merchant_payment,DEV374,0
TXN109065,USER8030,144610.82,2025-02-11 15:27:30,Jaipur,receive,DEV974,0
TXN109066,USER7267,50258.0,2025-03-24 22:20:30,Delhi,bill_payment,DEV721,0
TXN109067,USER2548,100800.15,2025-03-01 19:59:30,Pune,merchant_payment,DEV927,0
TXN109068,USER5599,186742.15,2025-03-29 14:20:30,Kolkata,merchant_payment,DEV373,0
TXN109069,USER2606,1900.65,2025-02-13 02:12:30,Kolkata,bill_payment,DEV296,0
TXN109070,USER7046,133042.25,2025-01-30 06:29:30,Kolkata,self_transfer,DEV175,0
TXN109071,USER9020,105516.62,2025-01-10 19:26:30,Delhi,receive,DEV173,0
TXN109072,USER8091,75154.85,2025-01-31 10:45:30,Chennai,merchant_payment,DEV525,0
TXN109073,USER5422,19679.58,2025-01-12 18:41:30,Delhi,send,DEV330,0
TXN109074,USER5312,136651.16,2025-02-17 17:22:30,Chennai,bill_payment,DEV741,0
TXN109075,USER3335,48410.53,2025-03-12 18:41:30,Pune,send,DEV335,0
TXN109076,USER7092,69487.33,2025-02-02 13:42:30,Delhi,receive,DEV170,0
TXN109077,USER8576,188877.74,2025-03-05 03:51:30,Chennai,merchant_payment,DEV773,1
TXN109078,USER7272,73454.62,2025-03-09 13:20:30,Jaipur,receive,DEV371,0
TXN109079,USER7563,91599.5,2025-03-11 14:57:30,Bangalore,bill_payment,DEV835,0
TXN109080,USER1017,123449.35,2025-03-18 12:20:30,Mumbai,bill_payment,DEV450,0
TXN109081,USER1960,161003.36,2025-03-10 00:26:30,Bangalore,bill_payment,DEV324,0
TXN109082,USER2884,100242.88,2025-01-15 08:46:30,Bangalore,self_transfer,DEV694,0
TXN109083,USER2469,107339.49,2025-01-07 01:49:30,Bangalore,send,DEV217,1
TXN109084,USER6786,59230.15,2025-02-21 06:02:30,Bangalore,self_transfer,DEV558,0
TXN109085,USER1950,444.82,2025-03-03 20:15:30,Delhi,send,DEV993,0
TXN109086,USER4008,70522.6,2025-02-06 02:47:30,Jaipur,send,DEV383,0
TXN109087,USER7492,63683.65,2025-03-28 01:59:30,Pune,receive,DEV954,0
TXN109088,USER9363,55053.09,2025-03-02 09:37:30,Pune,send,DEV410,0
TXN109089,USER9985,59825.69,2025-03-10 21:48:30,Bangalore,send,DEV187,0
TXN109090,USER5634,6721.5,2025-02-18 04:04:30,Hyderabad,merchant_payment,DEV225,0
TXN109091,USER1114,134058.04,2025-02-25 14:13:30,Mumbai,self_transfer,DEV787,0
TXN109092,USER7965,31080.64,2025-01-28 11:53:30,Mumbai,receive,DEV299,0
TXN109093,USER9615,143073.62,2025-01-25 15:38:30,Kolkata,merchant_payment,DEV797,0
TXN109094,USER8155,102340.97,2025-02-11 11:45:30,Pune,send,DEV898,0
TXN109095,USER5907,180207.58,2025-01-19 08:33:30,Jaipur,send,DEV506,0
TXN109096,USER5834,71326.47,2025-04-06 04:18:30,Bangalore,send,DEV414,0
TXN109097,USER6054,173347.53,2025-02-23 22:16:30,Mumbai,merchant_payment,DEV432,0
TXN109098,USER9848,186449.83,2025-04-01 00:52:30,Jaipur,receive,DEV653,0
TXN109099,USER9702,74428.12,2025-01-20 15:17:30,Pune,self_transfer,DEV382,0
TXN109100,USER4174,165490.05,2025-02-06 04:57:30,Mumbai,receive,DEV970,0
TXN109101,USER4151,75200.8,2025-03-28 17:09:30,Hyderabad,self_transfer,DEV136,0
TXN109102,USER8729,185783.78,2025-02-05 01:03:30,Ahmedabad,send,DEV193,1
TXN109103,USER2385,182970.41,2025-01-30 10:24:30,Jaipur,bill_payment,DEV728,0
TXN109104,USER3373,192088.86,2025-03-26 15:16:30,Jaipur,merchant_payment,DEV251,0
TXN109105,USER3997,16650.24,2025-03-17 14:23:30,Delhi,bill_payment,DEV733,0
TXN109106,USER9030,164943.7,2025-03-29 15:56:30,Delhi,self_transfer,DEV208,0
TXN109107,USER7270,163587.42,2025-03-06 20:05:30,Chennai,merchant_payment,DEV339,0
TXN109108,USER5051,132932.63,2025-01-10 04:21:30,Mumbai,self_transfer,DEV599,0
TXN109109,USER9221,111466.63,2025-02-26 06:02:30,Pune,receive,DEV717,0
TXN109110,USER7893,48673.29,2025-03-19 00:23:30,Delhi,self_transfer,DEV996,0
TXN109111,USER6235,79489.83,2025-03-16 10:39:30,Bangalore,send,DEV371,0
TXN109112,USER2869,188619.3,2025-02-07 00:46:30,Chennai,bill_payment,DEV268,0
TXN109113,USER7358,133744.52,2025-01-20 16:49:30,Hyderabad,bill_payment,DEV378,0
TXN109114,USER6396,116725.46,2025-02-16 08:04:30,Hyderabad,receive,DEV757,0
TXN109115,USER8654,194261.76,2025-02-25 21:01:30,Jaipur,bill_payment,DEV737,0
TXN109116,USER7622,50931.31,2025-02-01 13:41:30,Bangalore,send,DEV692,0
TXN109117,USER8543,74473.22,2025-03-17 21:26:30,Chennai,receive,DEV251,0
TXN109118,USER7487,56121.16,2025-02-28 10:45:30,Jaipur,merchant_payment,DEV864,0
TXN109119,USER2189,14597.45,2025-03-29 23:29:30,Chennai,send,DEV774,0
TXN109120,USER9870,145169.83,2025-04-01 22:16:30,Bangalore,self_transfer,DEV321,0
TXN109121,USER2468,18159.18,2025-03-12 02:28:30,Chennai,self_transfer,DEV275,0
TXN109122,USER9610,175349.68,2025-02-27 10:46:30,Kolkata,send,DEV104,0
TXN109123,USER6011,51113.4,2025-01-27 07:48:30,Jaipur,receive,DEV409,0
TXN109124,USER9937,192119.24,2025-02-18 14:38:30,Mumbai,receive,DEV691,0
TXN109125,USER5287,34400.03,2025-04-02 18:45:30,Kolkata,self_transfer,DEV847,0
TXN109126,USER1055,187814.27,2025-01-11 11:19:30,Jaipur,self_transfer,DEV326,0
TXN109127,USER2243,89929.93,2025-03-10 18:06:30,Kolkata,receive,DEV997,0
TXN109128,USER9160,119177.94,2025-02-02 11:56:30,Ahmedabad,self_transfer,DEV685,0
TXN109129,USER2648,157553.94,2025-03-09 17:47:30,Pune,bill_payment,DEV699,0
TXN109130,USER8489,14490.03,2025-03-12 15:04:30,Hyderabad,self_transfer,DEV148,0
TXN109131,USER2233,144745.99,2025-01-18 18:15:30,Kolkata,receive,DEV505,0
TXN109132,USER1754,111980.77,2025-01-24 20:18:30,Mumbai,receive,DEV987,0
TXN109133,USER3645,123770.11,2025-03-05 07:46:30,Ahmedabad,merchant_payment,DEV561,0
TXN109134,USER8288,166685.28,2025-01-09 06:56:30,Kolkata,self_transfer,DEV625,0
TXN109135,USER1463,146804.42,2025-03-09 09:29:30,Pune,bill_payment,DEV388,0
TXN109136,USER4784,91713.41,2025-02-04 15:50:30,Delhi,self_transfer,DEV414,0
TXN109137,USER7921,79514.17,2025-02-25 20:57:30,Jaipur,bill_payment,DEV920,0
TXN109138,USER8578,186883.7,2025-03-24 23:04:30,Pune,receive,DEV418,0
TXN109139,USER8973,84547.12,2025-03-05 11:58:30,Bangalore,bill_payment,DEV222,0
TXN109140,USER1128,39950.78,2025-02-19 14:28:30,Ahmedabad,receive,DEV483,0
TXN109141,USER1032,103112.38,2025-02-01 01:59:30,Kolkata,bill_payment,DEV108,1
TXN109142,USER9489,110963.13,2025-02-01 01:58:30,Mumbai,receive,DEV137,1
TXN109143,USER1165,11991.13,2025-01-29 10:34:30,Delhi,self_transfer,DEV808,0
TXN109144,USER6517,36348.26,2025-03-02 18:10:30,Hyderabad,receive,DEV142,0
TXN109145,USER7289,77395.72,2025-01-14 07:21:30,Ahmedabad,receive,DEV519,0
TXN109146,USER7326,51739.52,2025-03-10 02:53:30,Pune,merchant_payment,DEV150,0
TXN109147,USER1605,137075.48,2025-02-21 11:38:30,Kolkata,merchant_payment,DEV206,0
TXN109148,USER9380,192983.61,2025-02-04 00:42:30,Ahmedabad,bill_payment,DEV147,0
TXN109149,USER3624,108852.54,2025-03-14 16:15:30,Chennai,send,DEV248,0
TXN109150,USER7747,69965.33,2025-03-08 17:44:30,Kolkata,receive,DEV904,0
TXN109151,USER5156,109217.41,2025-02-09 15:05:30,Pune,send,DEV634,0
TXN109152,USER1791,37541.46,2025-01-17 20:10:30,Ahmedabad,merchant_payment,DEV620,0
TXN109153,USER6568,20217.06,2025-02-01 15:24:30,Pune,bill_payment,DEV693,0
TXN109154,USER5579,125046.61,2025-01-25 17:19:30,Chennai,receive,DEV842,0
TXN109155,USER1112,7746.58,2025-03-16 23:50:30,Bangalore,send,DEV268,0
TXN109156,USER8250,195457.35,2025-03-03 23:47:30,Pune,send,DEV180,0
TXN109157,USER5529,17163.26,2025-02-28 06:04:30,Bangalore,self_transfer,DEV603,0
TXN109158,USER6727,148802.77,2025-03-04 03:46:30,Mumbai,bill_payment,DEV730,1
TXN109159,USER4960,65235.41,2025-01-11 05:28:30,Ahmedabad,send,DEV267,1
TXN109160,USER2720,78203.0,2025-03-14 15:52:30,Bangalore,send,DEV428,0
TXN109161,USER1955,125333.49,2025-01-16 23:15:30,Jaipur,receive,DEV517,0
TXN109162,USER8075,40924.84,2025-03-13 15:35:30,Kolkata,self_transfer,DEV855,0
TXN109163,USER1440,118160.43,2025-04-07 04:26:30,Ahmedabad,self_transfer,DEV566,0
TXN109164,USER2807,163945.95,2025-02-08 10:44:30,Bangalore,bill_payment,DEV633,0
TXN109165,USER2745,21650.37,2025-03-16 22:16:30,Mumbai,self_transfer,DEV375,0
TXN109166,USER5836,7072.37,2025-04-02 17:34:30,Ahmedabad,merchant_payment,DEV721,0
TXN109167,USER7990,195944.3,2025-02-01 19:09:30,Delhi,bill_payment,DEV665,0
TXN109168,USER1810,48056.28,2025-03-16 23:58:30,Jaipur,send,DEV944,0
TXN109169,USER7343,47443.3,2025-01-19 03:50:30,Mumbai,send,DEV115,0
TXN109170,USER8718,99797.44,2025-01-14 14:16:30,Ahmedabad,self_transfer,DEV528,0
TXN109171,USER5559,149204.6,2025-03-12 13:52:30,Delhi,self_transfer,DEV119,0
TXN109172,USER3662,87231.27,2025-02-28 15:57:30,Bangalore,self_transfer,DEV781,0
TXN109173,USER2297,10198.86,2025-03-19 15:31:30,Jaipur,receive,DEV734,0
TXN109174,USER8779,21681.24,2025-04-04 18:50:30,Hyderabad,send,DEV436,0
TXN109175,USER3272,15348.67,2025-02-21 12:41:30,Jaipur,receive,DEV897,0
TXN109176,USER1721,188436.06,2025-03-06 06:00:30,Hyderabad,self_transfer,DEV295,0
TXN109177,USER1788,88048.6,2025-01-24 01:53:30,Bangalore,bill_payment,DEV827,0
TXN109178,USER6101,49558.44,2025-02-27 23:09:30,Hyderabad,self_transfer,DEV741,0
TXN109179,USER9196,53420.07,2025-01-14 10:03:30,Mumbai,self_transfer,DEV113,0
TXN109180,USER4221,25267.6,2025-01-16 04:55:30,Kolkata,receive,DEV529,0
TXN109181,USER6626,8617.95,2025-03-24 08:03:30,Hyderabad,send,DEV611,0
TXN109182,USER4704,110633.72,2025-03-21 20:06:30,Chennai,self_transfer,DEV533,0
TXN109183,USER3986,161564.49,2025-01-24 04:08:30,Ahmedabad,self_transfer,DEV921,0
TXN109184,USER8081,113870.43,2025-04-06 00:52:30,Hyderabad,self_transfer,DEV412,0
TXN109185,USER4825,47421.22,2025-01-30 02:14:30,Hyderabad,self_transfer,DEV331,0
TXN109186,USER1447,107374.49,2025-01-21 17:35:30,Hyderabad,merchant_payment,DEV759,0
TXN109187,USER3695,17067.99,2025-01-20 13:34:30,Mumbai,send,DEV734,0
TXN109188,USER5742,138736.08,2025-01-09 05:12:30,Jaipur,send,DEV207,0
TXN109189,USER5579,90329.49,2025-03-02 04:54:30,Hyderabad,self_transfer,DEV780,0
TXN109190,USER6523,120956.7,2025-03-17 22:19:30,Pune,self_transfer,DEV408,0
TXN109191,USER4913,21799.93,2025-04-05 02:04:30,Kolkata,send,DEV141,0
TXN109192,USER4217,91131.27,2025-01-25 16:20:30,Ahmedabad,merchant_payment,DEV426,0
TXN109193,USER8738,59066.89,2025-01-15 13:20:30,Hyderabad,receive,DEV323,0
TXN109194,USER7527,162265.32,2025-03-13 03:59:30,Mumbai,send,DEV651,1
TXN109195,USER1344,67234.21,2025-03-24 18:26:30,Bangalore,merchant_payment,DEV158,0
TXN109196,USER4251,17731.76,2025-01-31 17:40:30,Bangalore,self_transfer,DEV549,0
TXN109197,USER1681,39876.9,2025-03-07 19:21:30,Chennai,self_transfer,DEV709,0
TXN109198,USER1632,23467.7,2025-02-25 06:36:30,Jaipur,receive,DEV828,0
TXN109199,USER4393,116225.55,2025-02-07 07:36:30,Pune,self_transfer,DEV906,0
TXN109200,USER4041,24854.28,2025-02-23 19:52:30,Pune,self_transfer,DEV830,0
TXN109201,USER4258,34746.02,2025-03-14 14:23:30,Jaipur,bill_payment,DEV193,0
TXN109202,USER4213,145223.05,2025-02-20 11:20:30,Ahmedabad,receive,DEV687,0
TXN109203,USER6996,110138.24,2025-02-01 06:51:30,Chennai,send,DEV185,0
TXN109204,USER2413,17368.96,2025-02-20 08:42:30,Mumbai,send,DEV567,0
TXN109205,USER3365,22672.97,2025-01-29 13:13:30,Bangalore,send,DEV941,0
TXN109206,USER7770,4633.56,2025-01-20 00:07:30,Mumbai,self_transfer,DEV307,0
TXN109207,USER2215,183278.64,2025-03-16 03:17:30,Delhi,receive,DEV556,1
TXN109208,USER1633,15435.3,2025-03-12 03:19:30,Pune,self_transfer,DEV838,0
TXN109209,USER2635,179592.8,2025-02-19 08:39:30,Kolkata,self_transfer,DEV740,0
TXN109210,USER1354,185467.27,2025-03-22 23:07:30,Delhi,merchant_payment,DEV101,0
TXN109211,USER7849,19137.32,2025-03-18 09:40:30,Bangalore,self_transfer,DEV225,0
TXN109212,USER9831,188793.68,2025-03-12 07:26:30,Ahmedabad,bill_payment,DEV123,0
TXN109213,USER3163,67712.56,2025-02-23 17:29:30,Ahmedabad,merchant_payment,DEV382,0
TXN109214,USER4789,133892.1,2025-03-08 09:47:30,Pune,merchant_payment,DEV534,0
TXN109215,USER1633,41405.53,2025-02-04 12:11:30,Pune,receive,DEV301,0
TXN109216,USER6201,151577.59,2025-03-08 08:42:30,Chennai,merchant_payment,DEV115,0
TXN109217,USER2136,184687.21,2025-04-07 05:06:30,Hyderabad,merchant_payment,DEV855,0
TXN109218,USER8606,2423.52,2025-01-09 10:11:30,Kolkata,self_transfer,DEV616,0
TXN109219,USER5249,133525.66,2025-02-20 22:49:30,Chennai,merchant_payment,DEV498,0
TXN109220,USER8666,70358.92,2025-04-07 02:23:30,Pune,merchant_payment,DEV198,0
TXN109221,USER7866,141777.99,2025-03-01 17:58:30,Hyderabad,merchant_payment,DEV877,0
TXN109222,USER9319,163256.28,2025-01-31 07:11:30,Mumbai,self_transfer,DEV789,0
TXN109223,USER7628,146381.1,2025-01-08 01:37:30,Ahmedabad,bill_payment,DEV183,1
TXN109224,USER2701,43701.9,2025-02-08 15:26:30,Bangalore,merchant_payment,DEV825,0
TXN109225,USER1862,2662.77,2025-01-28 12:15:30,Chennai,self_transfer,DEV761,0
TXN109226,USER9120,90081.45,2025-02-26 01:28:30,Bangalore,merchant_payment,DEV330,0
TXN109227,USER5489,71303.45,2025-02-25 05:06:30,Delhi,self_transfer,DEV172,0
TXN109228,USER1260,172073.48,2025-03-01 16:12:30,Hyderabad,send,DEV821,0
TXN109229,USER2061,30844.33,2025-03-31 22:15:30,Delhi,self_transfer,DEV326,0
TXN109230,USER6687,151509.91,2025-02-15 09:02:30,Chennai,merchant_payment,DEV259,0
TXN109231,USER1079,196356.35,2025-01-29 04:01:30,Pune,self_transfer,DEV121,0
TXN109232,USER2134,36010.66,2025-01-23 20:34:30,Kolkata,self_transfer,DEV673,0
TXN109233,USER6276,145203.04,2025-02-17 19:51:30,Chennai,merchant_payment,DEV943,0
TXN109234,USER6319,72731.03,2025-01-18 20:18:30,Kolkata,receive,DEV830,0
TXN109235,USER5636,81786.33,2025-02-14 02:29:30,Pune,bill_payment,DEV859,0
TXN109236,USER1493,150937.72,2025-02-26 04:00:30,Kolkata,receive,DEV346,0
TXN109237,USER3754,72857.65,2025-01-17 17:15:30,Delhi,self_transfer,DEV922,0
TXN109238,USER7993,130606.83,2025-02-25 09:33:30,Kolkata,merchant_payment,DEV470,0
TXN109239,USER3888,189760.59,2025-03-11 17:00:30,Pune,self_transfer,DEV557,0
TXN109240,USER6650,43204.46,2025-01-11 11:37:30,Hyderabad,merchant_payment,DEV992,0
TXN109241,USER9382,46023.32,2025-03-09 18:28:30,Hyderabad,bill_payment,DEV836,0
TXN109242,USER1747,188625.59,2025-01-24 19:45:30,Chennai,self_transfer,DEV629,0
TXN109243,USER7310,29599.28,2025-02-23 03:55:30,Jaipur,send,DEV622,0
TXN109244,USER4672,191855.69,2025-03-15 08:44:30,Pune,self_transfer,DEV636,0
TXN109245,USER3562,53782.39,2025-03-10 19:11:30,Hyderabad,self_transfer,DEV608,0
TXN109246,USER9246,137836.24,2025-03-30 02:29:30,Jaipur,bill_payment,DEV337,1
TXN109247,USER1719,106730.43,2025-01-08 11:40:30,Bangalore,merchant_payment,DEV144,0
TXN109248,USER7335,299.94,2025-02-13 08:29:30,Bangalore,self_transfer,DEV101,0
TXN109249,USER8653,6127.95,2025-03-13 18:49:30,Mumbai,send,DEV677,0
TXN109250,USER2020,102762.45,2025-03-02 05:21:30,Ahmedabad,merchant_payment,DEV217,0
TXN109251,USER3144,144008.99,2025-02-19 08:10:30,Hyderabad,send,DEV582,0
TXN109252,USER2168,16543.16,2025-03-14 15:47:30,Chennai,merchant_payment,DEV714,0
TXN109253,USER8798,171725.58,2025-01-19 12:45:30,Kolkata,receive,DEV845,0
TXN109254,USER9297,38932.54,2025-03-05 12:22:30,Hyderabad,send,DEV134,0
TXN109255,USER6083,156023.14,2025-04-06 13:50:30,Jaipur,send,DEV647,0
TXN109256,USER1716,71317.38,2025-03-08 02:38:30,Mumbai,bill_payment,DEV338,0
TXN109257,USER3439,64194.51,2025-03-14 16:36:30,Pune,receive,DEV700,0
TXN109258,USER3239,121685.51,2025-02-22 20:10:30,Jaipur,self_transfer,DEV712,0
TXN109259,USER4362,701.62,2025-02-07 23:08:30,Kolkata,receive,DEV538,0
TXN109260,USER9283,22441.95,2025-02-01 11:56:30,Kolkata,self_transfer,DEV535,0
TXN109261,USER7800,116843.16,2025-03-09 12:48:30,Pune,bill_payment,DEV178,0
TXN109262,USER7297,38705.95,2025-02-15 02:34:30,Ahmedabad,self_transfer,DEV625,0
TXN109263,USER9636,133920.61,2025-03-25 18:39:30,Hyderabad,merchant_payment,DEV884,0
TXN109264,USER5616,91405.38,2025-02-22 13:32:30,Mumbai,self_transfer,DEV129,0
TXN109265,USER2454,182781.02,2025-02-04 16:28:30,Hyderabad,send,DEV694,0
TXN109266,USER8080,52944.32,2025-02-05 20:46:30,Kolkata,bill_payment,DEV995,0
TXN109267,USER9740,68549.46,2025-03-19 19:19:30,Hyderabad,merchant_payment,DEV903,0
TXN109268,USER8560,198031.62,2025-03-31 07:40:30,Chennai,send,DEV246,0
TXN109269,USER9764,168227.06,2025-02-09 02:23:30,Chennai,send,DEV793,1
TXN109270,USER4968,84052.86,2025-01-18 00:46:30,Pune,receive,DEV537,0
TXN109271,USER2983,174196.03,2025-02-20 02:35:30,Delhi,send,DEV276,1
TXN109272,USER9165,193680.73,2025-02-27 04:19:30,Chennai,self_transfer,DEV459,0
TXN109273,USER7855,31248.78,2025-02-24 00:25:30,Mumbai,bill_payment,DEV899,0
TXN109274,USER7403,141514.51,2025-01-11 04:28:30,Hyderabad,send,DEV420,0
TXN109275,USER6882,183219.05,2025-03-09 01:49:30,Bangalore,self_transfer,DEV908,1
TXN109276,USER2235,96323.67,2025-03-25 02:31:30,Delhi,send,DEV222,0
TXN109277,USER3550,101541.8,2025-02-16 14:51:30,Chennai,send,DEV661,0
TXN109278,USER7348,15595.94,2025-01-31 02:32:30,Jaipur,send,DEV166,0
TXN109279,USER7858,98868.42,2025-03-25 04:08:30,Mumbai,receive,DEV214,0
TXN109280,USER6949,36587.15,2025-02-12 03:22:30,Pune,merchant_payment,DEV282,0
TXN109281,USER7279,138537.43,2025-02-16 18:54:30,Delhi,receive,DEV289,0
TXN109282,USER9249,66363.25,2025-03-07 05:58:30,Chennai,self_transfer,DEV340,0
TXN109283,USER5999,188827.27,2025-03-29 12:17:30,Delhi,receive,DEV936,0
TXN109284,USER2405,108714.47,2025-02-07 09:29:30,Bangalore,self_transfer,DEV856,0
TXN109285,USER3151,188535.96,2025-01-20 22:07:30,Delhi,merchant_payment,DEV527,0
TXN109286,USER6623,107992.53,2025-03-13 05:49:30,Jaipur,merchant_payment,DEV238,0
TXN109287,USER9736,152112.94,2025-03-14 16:41:30,Pune,receive,DEV415,0
TXN109288,USER2564,157621.29,2025-02-04 03:34:30,Jaipur,send,DEV150,1
TXN109289,USER8857,21922.85,2025-02-06 10:53:30,Pune,merchant_payment,DEV378,0
TXN109290,USER7501,34887.03,2025-02-03 01:38:30,Chennai,send,DEV959,0
TXN109291,USER7391,1604.17,2025-02-19 15:57:30,Mumbai,bill_payment,DEV566,1
TXN109292,USER4805,85055.26,2025-02-05 02:20:30,Chennai,self_transfer,DEV676,0
TXN109293,USER5791,53255.85,2025-04-03 05:48:30,Jaipur,self_transfer,DEV903,0
TXN109294,USER5826,67244.58,2025-01-24 09:52:30,Bangalore,merchant_payment,DEV656,0
TXN109295,USER2814,109569.27,2025-01-07 14:38:30,Kolkata,receive,DEV305,0
TXN109296,USER3939,38854.35,2025-01-17 13:05:30,Pune,receive,DEV230,0
TXN109297,USER7670,155476.72,2025-02-28 23:13:30,Kolkata,merchant_payment,DEV149,0
TXN109298,USER1653,12278.67,2025-01-28 17:17:30,Ahmedabad,bill_payment,DEV691,0
TXN109299,USER3602,7965.0,2025-03-22 19:05:30,Kolkata,self_transfer,DEV824,0
TXN109300,USER7158,190922.55,2025-01-20 00:59:30,Mumbai,self_transfer,DEV290,0
TXN109301,USER5856,107577.78,2025-04-05 22:14:30,Delhi,bill_payment,DEV371,0
TXN109302,USER9197,44930.52,2025-01-07 13:59:30,Mumbai,self_transfer,DEV904,0
TXN109303,USER3279,58198.27,2025-03-26 21:04:30,Pune,receive,DEV628,0
TXN109304,USER6528,21074.0,2025-03-22 07:37:30,Jaipur,receive,DEV438,0
TXN109305,USER9951,19023.57,2025-03-26 22:34:30,Jaipur,receive,DEV961,0
TXN109306,USER9467,114588.37,2025-02-04 00:21:30,Hyderabad,self_transfer,DEV724,0
TXN109307,USER6300,124661.4,2025-01-12 18:26:30,Hyderabad,send,DEV717,0
TXN109308,USER5880,70732.51,2025-02-26 22:43:30,Chennai,merchant_payment,DEV677,0
TXN109309,USER6539,83792.77,2025-03-14 12:11:30,Mumbai,send,DEV884,0
TXN109310,USER1732,40096.55,2025-02-27 21:02:30,Bangalore,receive,DEV424,0
TXN109311,USER8164,199459.87,2025-03-16 19:14:30,Mumbai,merchant_payment,DEV595,0
TXN109312,USER5102,4022.11,2025-02-06 10:16:30,Delhi,self_transfer,DEV810,0
TXN109313,USER1269,175483.6,2025-03-27 14:33:30,Mumbai,self_transfer,DEV782,0
TXN109314,USER8959,158758.25,2025-01-26 15:47:30,Chennai,send,DEV120,0
TXN109315,USER3602,49288.42,2025-02-11 15:21:30,Hyderabad,receive,DEV214,0
TXN109316,USER9747,20223.64,2025-01-22 18:10:30,Kolkata,bill_payment,DEV361,0
TXN109317,USER3529,110066.39,2025-03-23 04:18:30,Bangalore,bill_payment,DEV770,0
TXN109318,USER7255,51888.51,2025-01-26 12:13:30,Bangalore,receive,DEV555,0
TXN109319,USER1582,19344.31,2025-01-20 22:29:30,Pune,receive,DEV655,0
TXN109320,USER6422,134129.86,2025-02-24 08:46:30,Bangalore,self_transfer,DEV774,0
TXN109321,USER3989,154819.38,2025-04-05 05:41:30,Hyderabad,send,DEV367,0
TXN109322,USER2680,97553.86,2025-02-07 22:15:30,Jaipur,bill_payment,DEV489,0
TXN109323,USER6325,166608.29,2025-03-15 17:02:30,Pune,receive,DEV405,0
TXN109324,USER7751,994.25,2025-01-26 21:13:30,Ahmedabad,send,DEV937,0
TXN109325,USER3109,22481.08,2025-04-02 11:53:30,Mumbai,merchant_payment,DEV869,0
TXN109326,USER3894,95625.58,2025-01-29 06:54:30,Bangalore,merchant_payment,DEV844,0
TXN109327,USER8292,154438.48,2025-03-17 17:11:30,Pune,merchant_payment,DEV404,0
TXN109328,USER6915,2804.31,2025-03-20 04:59:30,Ahmedabad,send,DEV480,0
TXN109329,USER7464,80426.03,2025-03-15 12:23:30,Mumbai,self_transfer,DEV149,0
TXN109330,USER6084,63623.16,2025-03-21 12:56:30,Ahmedabad,merchant_payment,DEV447,0
TXN109331,USER1564,26945.99,2025-02-08 04:18:30,Mumbai,merchant_payment,DEV647,0
TXN109332,USER7679,87226.49,2025-01-28 21:58:30,Kolkata,send,DEV284,0
TXN109333,USER7200,354.53,2025-01-17 11:13:30,Delhi,merchant_payment,DEV655,0
TXN109334,USER3597,114852.93,2025-03-10 09:32:30,Jaipur,self_transfer,DEV546,0
TXN109335,USER5045,130997.39,2025-01-20 17:23:30,Mumbai,bill_payment,DEV813,0
TXN109336,USER3637,16334.22,2025-03-28 01:22:30,Kolkata,merchant_payment,DEV138,0
TXN109337,USER3278,54165.65,2025-01-26 19:06:30,Ahmedabad,merchant_payment,DEV407,0
TXN109338,USER2484,118071.91,2025-02-11 22:35:30,Ahmedabad,bill_payment,DEV283,0
TXN109339,USER2420,98337.86,2025-03-16 02:25:30,Hyderabad,bill_payment,DEV469,0
TXN109340,USER8229,188143.48,2025-02-16 12:31:30,Bangalore,self_transfer,DEV849,0
TXN109341,USER9782,83184.74,2025-02-20 10:03:30,Jaipur,bill_payment,DEV151,0
TXN109342,USER9795,74030.29,2025-04-07 01:39:30,Pune,bill_payment,DEV760,0
TXN109343,USER8031,71553.7,2025-01-07 02:57:30,Kolkata,merchant_payment,DEV385,0
TXN109344,USER6816,148663.75,2025-02-22 06:41:30,Ahmedabad,send,DEV962,0
TXN109345,USER4075,169457.51,2025-02-05 08:29:30,Kolkata,bill_payment,DEV912,0
TXN109346,USER9543,169808.76,2025-01-08 19:56:30,Hyderabad,bill_payment,DEV913,0
TXN109347,USER4620,103239.31,2025-03-22 22:37:30,Chennai,receive,DEV980,0
TXN109348,USER6131,168200.51,2025-04-06 11:50:30,Delhi,merchant_payment,DEV789,0
TXN109349,USER3250,175935.31,2025-01-12 01:49:30,Pune,bill_payment,DEV191,1
TXN109350,USER1691,185374.08,2025-03-04 03:33:30,Jaipur,bill_payment,DEV274,1
TXN109351,USER6239,191278.05,2025-02-09 03:34:30,Jaipur,merchant_payment,DEV774,1
TXN109352,USER8330,35589.53,2025-03-09 17:06:30,Pune,self_transfer,DEV347,0
TXN109353,USER3077,165467.28,2025-01-20 16:13:30,Kolkata,receive,DEV301,0
TXN109354,USER3837,111067.14,2025-02-11 20:08:30,Mumbai,send,DEV901,0
TXN109355,USER6074,84842.59,2025-03-12 21:53:30,Delhi,bill_payment,DEV162,0
TXN109356,USER2622,164567.62,2025-02-27 14:28:30,Jaipur,self_transfer,DEV889,0
TXN109357,USER2682,144291.49,2025-02-01 04:02:30,Bangalore,receive,DEV893,0
TXN109358,USER7040,188668.38,2025-01-15 23:51:30,Pune,receive,DEV988,0
TXN109359,USER6397,31018.65,2025-02-16 06:31:30,Delhi,merchant_payment,DEV594,0
TXN109360,USER5549,124573.18,2025-02-16 11:12:30,Hyderabad,send,DEV344,0
TXN109361,USER8856,150342.82,2025-01-13 13:24:30,Jaipur,merchant_payment,DEV139,0
TXN109362,USER1107,39706.44,2025-02-09 06:30:30,Delhi,self_transfer,DEV159,0
TXN109363,USER4429,80647.52,2025-03-27 22:43:30,Kolkata,receive,DEV639,0
TXN109364,USER1116,12583.33,2025-01-17 05:32:30,Hyderabad,self_transfer,DEV490,0
TXN109365,USER1380,171250.02,2025-01-21 18:29:30,Chennai,send,DEV125,0
TXN109366,USER7403,160902.07,2025-02-18 09:42:30,Jaipur,send,DEV568,0
TXN109367,USER6518,61267.59,2025-01-17 21:23:30,Pune,self_transfer,DEV435,0
TXN109368,USER2968,187563.04,2025-03-27 04:50:30,Bangalore,bill_payment,DEV449,0
TXN109369,USER5188,47403.32,2025-01-08 16:53:30,Ahmedabad,merchant_payment,DEV874,0
TXN109370,USER9037,108027.99,2025-03-02 02:08:30,Bangalore,bill_payment,DEV481,1
TXN109371,USER5468,124428.79,2025-02-01 05:58:30,Ahmedabad,send,DEV121,0
TXN109372,USER9959,133206.91,2025-02-18 19:44:30,Bangalore,bill_payment,DEV379,0
TXN109373,USER2301,199536.3,2025-03-16 03:29:30,Ahmedabad,send,DEV614,1
TXN109374,USER4482,195342.88,2025-03-11 16:22:30,Bangalore,bill_payment,DEV657,1
TXN109375,USER6451,128343.32,2025-02-28 10:59:30,Ahmedabad,send,DEV638,0
TXN109376,USER6046,16441.06,2025-03-20 11:42:30,Chennai,self_transfer,DEV743,0
TXN109377,USER7122,169327.96,2025-01-19 12:41:30,Delhi,merchant_payment,DEV312,0
TXN109378,USER2798,109560.32,2025-01-27 10:27:30,Jaipur,receive,DEV931,0
TXN109379,USER5575,123567.55,2025-02-13 21:21:30,Pune,bill_payment,DEV966,0
TXN109380,USER2773,121087.46,2025-01-07 21:22:30,Kolkata,receive,DEV519,0
TXN109381,USER2582,152681.49,2025-02-27 23:01:30,Hyderabad,bill_payment,DEV215,0
TXN109382,USER2343,151238.17,2025-01-18 00:05:30,Chennai,self_transfer,DEV905,0
TXN109383,USER2027,78668.45,2025-01-13 04:29:30,Hyderabad,receive,DEV720,0
TXN109384,USER6526,120382.48,2025-03-27 03:40:30,Pune,merchant_payment,DEV710,1
TXN109385,USER7026,28221.95,2025-01-31 01:31:30,Chennai,receive,DEV521,0
TXN109386,USER5757,145674.47,2025-01-24 00:09:30,Hyderabad,receive,DEV105,0
TXN109387,USER7243,158374.43,2025-01-14 18:50:30,Hyderabad,receive,DEV817,0
TXN109388,USER9217,73608.45,2025-03-20 18:52:30,Jaipur,self_transfer,DEV832,0
TXN109389,USER5868,166838.0,2025-02-04 18:33:30,Ahmedabad,merchant_payment,DEV312,0
TXN109390,USER4182,38901.34,2025-02-07 14:18:30,Chennai,bill_payment,DEV317,0
TXN109391,USER8993,51132.9,2025-03-24 15:37:30,Delhi,self_transfer,DEV584,0
TXN109392,USER2002,97245.62,2025-03-31 09:28:30,Pune,bill_payment,DEV314,0
TXN109393,USER6845,23797.21,2025-01-07 23:25:30,Bangalore,receive,DEV118,0
TXN109394,USER3625,7778.02,2025-03-14 05:33:30,Delhi,merchant_payment,DEV714,0
TXN109395,USER4144,82851.35,2025-02-09 15:05:30,Jaipur,self_transfer,DEV883,0
TXN109396,USER3750,7747.54,2025-03-06 13:00:30,Chennai,self_transfer,DEV836,0
TXN109397,USER6578,23447.61,2025-01-20 01:36:30,Chennai,bill_payment,DEV223,0
TXN109398,USER3094,87655.95,2025-03-30 21:46:30,Pune,merchant_payment,DEV786,0
TXN109399,USER2113,101952.64,2025-01-31 20:28:30,Jaipur,receive,DEV383,0
TXN109400,USER8767,44946.14,2025-03-21 13:13:30,Pune,merchant_payment,DEV236,0
TXN109401,USER6882,145288.82,2025-03-08 03:18:30,Ahmedabad,self_transfer,DEV245,1
TXN109402,USER6088,185276.29,2025-02-17 00:33:30,Mumbai,merchant_payment,DEV675,0
TXN109403,USER6678,20489.69,2025-02-27 22:55:30,Ahmedabad,bill_payment,DEV365,0
TXN109404,USER1771,100705.07,2025-03-30 05:11:30,Delhi,receive,DEV426,0
TXN109405,USER6061,62583.13,2025-04-05 01:42:30,Chennai,receive,DEV323,0
TXN109406,USER8036,143998.97,2025-02-05 13:18:30,Ahmedabad,receive,DEV675,0
TXN109407,USER8834,131216.98,2025-02-13 10:23:30,Ahmedabad,receive,DEV114,0
TXN109408,USER8680,45047.21,2025-02-17 08:44:30,Kolkata,merchant_payment,DEV905,0
TXN109409,USER8516,42195.53,2025-02-24 04:50:30,Hyderabad,receive,DEV762,0
TXN109410,USER3928,49150.1,2025-03-15 05:30:30,Kolkata,receive,DEV131,0
TXN109411,USER4228,97626.21,2025-02-05 01:27:30,Hyderabad,send,DEV864,0
TXN109412,USER9915,48073.37,2025-02-13 23:51:30,Chennai,bill_payment,DEV497,0
TXN109413,USER7340,151710.48,2025-02-09 14:09:30,Kolkata,merchant_payment,DEV792,0
TXN109414,USER5668,52288.46,2025-01-15 16:10:30,Mumbai,send,DEV191,0
TXN109415,USER7508,137572.09,2025-01-10 02:18:30,Pune,send,DEV601,1
TXN109416,USER3381,45945.59,2025-02-07 12:50:30,Kolkata,send,DEV346,0
TXN109417,USER5825,49090.12,2025-01-13 22:33:30,Mumbai,send,DEV212,0
TXN109418,USER4490,77374.63,2025-02-05 13:01:30,Kolkata,self_transfer,DEV677,0
TXN109419,USER2716,80767.82,2025-01-18 09:19:30,Chennai,merchant_payment,DEV681,0
TXN109420,USER4122,139743.53,2025-04-04 07:50:30,Mumbai,merchant_payment,DEV408,0
TXN109421,USER6851,184861.07,2025-01-17 05:00:30,Ahmedabad,send,DEV368,0
TXN109422,USER3014,102577.6,2025-02-28 11:05:30,Mumbai,bill_payment,DEV369,0
TXN109423,USER7843,151782.38,2025-03-26 06:16:30,Chennai,receive,DEV873,0
TXN109424,USER8561,188574.81,2025-03-13 23:14:30,Delhi,receive,DEV663,0
TXN109425,USER6719,26568.34,2025-04-01 12:27:30,Ahmedabad,receive,DEV138,0
TXN109426,USER2293,137944.49,2025-01-14 03:20:30,Mumbai,merchant_payment,DEV826,1
TXN109427,USER6560,65696.65,2025-02-20 17:59:30,Pune,bill_payment,DEV386,0
TXN109428,USER7514,75996.04,2025-02-16 02:05:30,Mumbai,merchant_payment,DEV427,0
TXN109429,USER3670,82651.08,2025-03-15 04:31:30,Ahmedabad,receive,DEV393,0
TXN109430,USER7259,125893.76,2025-03-20 16:02:30,Kolkata,send,DEV434,0
TXN109431,USER2268,38574.29,2025-03-17 11:22:30,Chennai,merchant_payment,DEV231,0
TXN109432,USER1049,96266.51,2025-04-02 17:16:30,Ahmedabad,send,DEV543,0
TXN109433,USER9867,47817.96,2025-02-16 04:35:30,Jaipur,receive,DEV929,0
TXN109434,USER4802,70705.24,2025-03-24 22:40:30,Mumbai,send,DEV619,0
TXN109435,USER7901,66754.84,2025-04-02 01:50:30,Mumbai,self_transfer,DEV494,0
TXN109436,USER2924,125815.74,2025-01-27 01:43:30,Kolkata,bill_payment,DEV198,1
TXN109437,USER7323,75518.59,2025-04-05 08:13:30,Jaipur,bill_payment,DEV797,0
TXN109438,USER9624,179862.36,2025-01-12 01:28:30,Chennai,merchant_payment,DEV112,1
TXN109439,USER7171,56441.5,2025-03-28 08:05:30,Pune,merchant_payment,DEV338,0
TXN109440,USER2156,46778.16,2025-04-04 08:44:30,Ahmedabad,bill_payment,DEV517,0
TXN109441,USER3549,141490.81,2025-01-19 19:32:30,Pune,merchant_payment,DEV240,0
TXN109442,USER1412,146235.54,2025-03-18 19:20:30,Kolkata,self_transfer,DEV191,0
TXN109443,USER7086,12327.74,2025-01-30 10:36:30,Delhi,bill_payment,DEV511,0
TXN109444,USER5006,175939.59,2025-03-02 10:02:30,Kolkata,merchant_payment,DEV294,0
TXN109445,USER2452,196057.64,2025-01-13 08:19:30,Chennai,bill_payment,DEV538,0
TXN109446,USER1880,147680.88,2025-04-05 10:52:30,Pune,receive,DEV346,0
TXN109447,USER9798,67193.99,2025-02-03 00:40:30,Delhi,receive,DEV773,0
TXN109448,USER3933,30290.43,2025-04-02 08:02:30,Kolkata,merchant_payment,DEV431,0
TXN109449,USER3921,105873.41,2025-03-12 17:13:30,Delhi,self_transfer,DEV418,0
TXN109450,USER6985,100216.31,2025-01-30 06:05:30,Pune,receive,DEV457,0
TXN109451,USER1588,37153.58,2025-03-24 23:33:30,Ahmedabad,merchant_payment,DEV805,0
TXN109452,USER9727,181255.68,2025-01-25 18:13:30,Mumbai,bill_payment,DEV574,0
TXN109453,USER1570,66289.19,2025-01-23 18:53:30,Mumbai,send,DEV250,0
TXN109454,USER6036,12407.77,2025-02-23 01:59:30,Delhi,bill_payment,DEV620,0
TXN109455,USER6293,131819.98,2025-03-03 14:45:30,Hyderabad,bill_payment,DEV887,0
TXN109456,USER4657,103506.86,2025-01-24 09:15:30,Mumbai,receive,DEV645,0
TXN109457,USER7640,138954.95,2025-03-11 04:31:30,Jaipur,bill_payment,DEV573,0
TXN109458,USER3576,133446.51,2025-02-14 21:11:30,Chennai,self_transfer,DEV826,0
TXN109459,USER9834,160514.01,2025-02-07 23:19:30,Bangalore,self_transfer,DEV813,0
TXN109460,USER3552,170025.43,2025-01-22 04:52:30,Delhi,bill_payment,DEV231,0
TXN109461,USER7367,134759.28,2025-02-23 16:03:30,Delhi,merchant_payment,DEV769,0
TXN109462,USER8597,17690.29,2025-02-24 00:23:30,Mumbai,send,DEV977,0
TXN109463,USER9021,721.79,2025-03-27 20:06:30,Pune,send,DEV808,0
TXN109464,USER4799,155078.94,2025-02-11 00:56:30,Kolkata,bill_payment,DEV255,0
TXN109465,USER7828,164569.55,2025-03-15 23:54:30,Kolkata,bill_payment,DEV290,0
TXN109466,USER2727,132770.51,2025-03-17 05:10:30,Pune,bill_payment,DEV547,0
TXN109467,USER5607,113643.33,2025-03-24 23:17:30,Pune,merchant_payment,DEV105,0
TXN109468,USER8741,97105.96,2025-03-31 01:26:30,Kolkata,bill_payment,DEV828,0
TXN109469,USER4788,12893.64,2025-01-10 09:05:30,Mumbai,self_transfer,DEV279,0
TXN109470,USER6716,84401.73,2025-03-10 21:25:30,Delhi,merchant_payment,DEV288,0
TXN109471,USER7258,61823.49,2025-03-29 08:00:30,Jaipur,send,DEV632,0
TXN109472,USER2840,34080.82,2025-03-10 12:01:30,Jaipur,receive,DEV520,0
TXN109473,USER2906,17491.93,2025-02-02 04:19:30,Pune,self_transfer,DEV481,0
TXN109474,USER1355,188786.19,2025-02-10 02:21:30,Hyderabad,send,DEV393,1
TXN109475,USER9033,13511.41,2025-01-25 15:24:30,Mumbai,bill_payment,DEV260,0
TXN109476,USER1267,6325.32,2025-01-25 22:27:30,Mumbai,merchant_payment,DEV566,0
TXN109477,USER4807,121226.61,2025-03-24 08:30:30,Kolkata,self_transfer,DEV428,0
TXN109478,USER8768,70580.13,2025-01-10 12:48:30,Bangalore,receive,DEV502,0
TXN109479,USER7140,97170.45,2025-02-23 05:19:30,Mumbai,self_transfer,DEV211,0
TXN109480,USER8114,134695.46,2025-01-21 09:50:30,Kolkata,send,DEV612,0
TXN109481,USER6460,155392.45,2025-02-08 18:09:30,Chennai,send,DEV763,0
TXN109482,USER5568,186389.5,2025-03-10 15:16:30,Delhi,self_transfer,DEV281,0
TXN109483,USER3658,69188.39,2025-04-06 05:41:30,Jaipur,send,DEV256,0
TXN109484,USER5492,13433.48,2025-01-10 20:07:30,Bangalore,bill_payment,DEV964,0
TXN109485,USER1017,145941.24,2025-01-27 15:10:30,Hyderabad,merchant_payment,DEV947,0
TXN109486,USER2926,115826.48,2025-03-02 02:22:30,Delhi,bill_payment,DEV217,1
TXN109487,USER5968,101112.42,2025-02-01 01:41:30,Delhi,bill_payment,DEV518,1
TXN109488,USER4734,112904.91,2025-03-14 16:04:30,Ahmedabad,send,DEV604,0
TXN109489,USER6676,24936.21,2025-03-11 09:03:30,Mumbai,receive,DEV243,0
TXN109490,USER6042,75395.2,2025-02-13 23:36:30,Bangalore,merchant_payment,DEV138,0
TXN109491,USER4849,133076.49,2025-03-27 23:31:30,Kolkata,merchant_payment,DEV761,0
TXN109492,USER1273,167034.58,2025-03-30 16:15:30,Ahmedabad,send,DEV949,0
TXN109493,USER1736,55670.54,2025-01-18 10:13:30,Bangalore,send,DEV270,0
TXN109494,USER2016,59008.52,2025-03-30 22:33:30,Hyderabad,receive,DEV964,0
TXN109495,USER2725,61272.08,2025-03-22 00:59:30,Mumbai,merchant_payment,DEV180,0
TXN109496,USER6534,23596.56,2025-01-17 20:27:30,Mumbai,self_transfer,DEV278,0
TXN109497,USER6980,26866.0,2025-02-04 01:45:30,Jaipur,merchant_payment,DEV754,0
TXN109498,USER3361,131154.99,2025-03-20 14:43:30,Kolkata,bill_payment,DEV831,0
TXN109499,USER1284,118027.8,2025-02-09 06:34:30,Hyderabad,send,DEV687,0
TXN109500,USER6005,142278.64,2025-03-05 14:55:30,Pune,send,DEV648,0
TXN109501,USER5355,6136.28,2025-01-26 23:05:30,Bangalore,send,DEV932,0
TXN109502,USER9957,53303.26,2025-01-29 22:01:30,Kolkata,self_transfer,DEV126,0
TXN109503,USER6975,84572.96,2025-03-20 18:27:30,Pune,send,DEV644,0
TXN109504,USER3530,6933.85,2025-02-10 03:32:30,Pune,bill_payment,DEV670,0
TXN109505,USER2627,42784.34,2025-02-18 08:32:30,Pune,self_transfer,DEV202,0
TXN109506,USER9279,166787.52,2025-01-14 13:53:30,Mumbai,merchant_payment,DEV184,0
TXN109507,USER7202,147058.06,2025-01-15 11:18:30,Jaipur,receive,DEV811,0
TXN109508,USER4766,166148.25,2025-02-02 07:30:30,Chennai,self_transfer,DEV932,0
TXN109509,USER3535,43600.4,2025-01-10 22:50:30,Ahmedabad,merchant_payment,DEV448,0
TXN109510,USER7604,138342.54,2025-02-20 23:49:30,Bangalore,self_transfer,DEV837,0
TXN109511,USER1320,124704.72,2025-03-18 21:29:30,Ahmedabad,self_transfer,DEV104,0
TXN109512,USER2850,71589.29,2025-03-30 04:38:30,Delhi,bill_payment,DEV877,0
TXN109513,USER8460,40623.27,2025-03-24 13:29:30,Jaipur,merchant_payment,DEV156,0
TXN109514,USER1033,135240.53,2025-02-12 06:53:30,Chennai,merchant_payment,DEV873,0
TXN109515,USER6993,90631.42,2025-01-18 23:53:30,Bangalore,self_transfer,DEV675,0
TXN109516,USER4115,45759.6,2025-01-16 22:17:30,Jaipur,bill_payment,DEV806,0
TXN109517,USER8458,116008.25,2025-03-13 15:47:30,Jaipur,send,DEV838,0
TXN109518,USER6819,47474.02,2025-01-26 20:40:30,Pune,receive,DEV845,0
TXN109519,USER7380,56331.65,2025-01-25 09:19:30,Jaipur,self_transfer,DEV499,0
TXN109520,USER9149,94016.89,2025-03-11 06:37:30,Pune,send,DEV959,0
TXN109521,USER9032,76097.67,2025-03-09 21:31:30,Mumbai,send,DEV117,0
TXN109522,USER5070,145416.65,2025-04-03 09:31:30,Kolkata,bill_payment,DEV910,0
TXN109523,USER1072,154080.73,2025-03-30 00:27:30,Jaipur,receive,DEV471,1
TXN109524,USER1141,160252.12,2025-03-27 20:57:30,Kolkata,send,DEV402,0
TXN109525,USER4782,77844.64,2025-03-25 06:22:30,Pune,send,DEV614,0
TXN109526,USER3674,10721.45,2025-03-06 04:10:30,Mumbai,self_transfer,DEV950,0
TXN109527,USER8086,71927.67,2025-02-08 11:14:30,Ahmedabad,self_transfer,DEV402,0
TXN109528,USER8052,59829.95,2025-01-13 23:22:30,Jaipur,receive,DEV257,0
TXN109529,USER2035,160682.09,2025-02-14 00:08:30,Hyderabad,receive,DEV214,0
TXN109530,USER2288,8170.43,2025-03-26 05:28:30,Mumbai,receive,DEV194,0
TXN109531,USER7960,140706.17,2025-03-07 19:59:30,Bangalore,self_transfer,DEV193,0
TXN109532,USER6668,137751.66,2025-03-29 06:23:30,Chennai,self_transfer,DEV268,0
TXN109533,USER8733,59041.51,2025-04-03 10:57:30,Mumbai,merchant_payment,DEV983,0
TXN109534,USER6324,36481.23,2025-03-11 20:08:30,Jaipur,self_transfer,DEV269,0
TXN109535,USER7794,70558.6,2025-01-18 10:52:30,Delhi,receive,DEV140,0
TXN109536,USER4854,119877.98,2025-03-15 04:50:30,Jaipur,bill_payment,DEV856,0
TXN109537,USER9314,93883.22,2025-02-05 07:29:30,Kolkata,receive,DEV782,0
TXN109538,USER1526,154196.19,2025-01-27 12:03:30,Kolkata,merchant_payment,DEV831,0
TXN109539,USER2960,1430.09,2025-03-11 02:29:30,Delhi,bill_payment,DEV324,0
TXN109540,USER3266,199108.23,2025-01-30 23:54:30,Delhi,self_transfer,DEV344,0
TXN109541,USER8645,137731.78,2025-03-16 13:23:30,Ahmedabad,merchant_payment,DEV533,0
TXN109542,USER2499,183301.74,2025-03-12 04:29:30,Mumbai,receive,DEV631,0
TXN109543,USER8381,92555.87,2025-02-03 01:59:30,Delhi,send,DEV270,0
TXN109544,USER6852,60581.83,2025-02-26 20:26:30,Hyderabad,receive,DEV229,0
TXN109545,USER1043,93032.56,2025-02-05 12:19:30,Delhi,merchant_payment,DEV545,0
TXN109546,USER5435,138021.11,2025-02-05 13:08:30,Hyderabad,bill_payment,DEV433,0
TXN109547,USER9061,196369.49,2025-01-12 20:05:30,Kolkata,send,DEV514,0
TXN109548,USER1143,19344.61,2025-02-15 16:55:30,Pune,merchant_payment,DEV720,0
TXN109549,USER8900,121792.24,2025-01-31 00:33:30,Pune,bill_payment,DEV873,0
TXN109550,USER3602,60194.67,2025-03-05 17:13:30,Pune,bill_payment,DEV714,0
TXN109551,USER4172,84922.38,2025-01-15 17:22:30,Hyderabad,receive,DEV379,0
TXN109552,USER5084,65660.55,2025-03-14 04:33:30,Bangalore,receive,DEV942,0
TXN109553,USER7551,163092.03,2025-01-20 09:53:30,Ahmedabad,bill_payment,DEV828,0
TXN109554,USER4883,186960.9,2025-03-31 00:51:30,Delhi,bill_payment,DEV398,0
TXN109555,USER5844,124224.14,2025-04-04 13:53:30,Mumbai,send,DEV922,0
TXN109556,USER2377,137849.93,2025-02-22 02:22:30,Bangalore,bill_payment,DEV396,1
TXN109557,USER7849,70304.98,2025-01-14 18:15:30,Ahmedabad,bill_payment,DEV483,0
TXN109558,USER2856,170031.36,2025-03-01 05:31:30,Delhi,self_transfer,DEV640,0
TXN109559,USER3490,62722.17,2025-01-20 08:21:30,Mumbai,bill_payment,DEV779,0
TXN109560,USER5989,98101.93,2025-03-16 23:17:30,Kolkata,merchant_payment,DEV115,0
TXN109561,USER1876,197482.92,2025-03-05 10:54:30,Delhi,self_transfer,DEV931,0
TXN109562,USER5453,151054.94,2025-01-08 14:50:30,Bangalore,merchant_payment,DEV536,0
TXN109563,USER2534,114275.99,2025-01-23 18:04:30,Hyderabad,self_transfer,DEV410,0
TXN109564,USER2257,82021.55,2025-03-31 02:54:30,Delhi,bill_payment,DEV753,0
TXN109565,USER7415,168275.96,2025-02-07 02:02:30,Ahmedabad,send,DEV660,1
TXN109566,USER2706,144415.82,2025-03-15 08:25:30,Jaipur,merchant_payment,DEV178,0
TXN109567,USER1616,171410.43,2025-03-03 16:17:30,Delhi,bill_payment,DEV704,0
TXN109568,USER3013,184636.72,2025-01-26 00:26:30,Ahmedabad,send,DEV472,0
TXN109569,USER4663,71851.86,2025-03-23 16:30:30,Pune,receive,DEV561,0
TXN109570,USER8281,89625.68,2025-01-30 20:28:30,Jaipur,send,DEV481,0
TXN109571,USER4626,38894.97,2025-03-06 09:12:30,Jaipur,bill_payment,DEV633,0
TXN109572,USER7651,123193.79,2025-03-26 18:10:30,Kolkata,receive,DEV862,0
TXN109573,USER4242,95595.8,2025-04-06 18:48:30,Chennai,self_transfer,DEV800,0
TXN109574,USER1273,122911.52,2025-03-16 21:27:30,Delhi,merchant_payment,DEV797,0
TXN109575,USER5266,15377.47,2025-04-02 07:27:30,Ahmedabad,receive,DEV240,0
TXN109576,USER9465,49852.83,2025-03-26 01:18:30,Pune,self_transfer,DEV372,0
TXN109577,USER1346,153918.78,2025-03-28 23:14:30,Jaipur,bill_payment,DEV679,0
TXN109578,USER5919,191773.65,2025-03-24 06:37:30,Hyderabad,self_transfer,DEV966,0
TXN109579,USER7786,95727.82,2025-01-09 12:58:30,Bangalore,merchant_payment,DEV774,0
TXN109580,USER6620,142326.53,2025-01-09 05:40:30,Pune,bill_payment,DEV150,0
TXN109581,USER8849,170867.5,2025-01-14 00:22:30,Jaipur,merchant_payment,DEV438,0
TXN109582,USER6933,6674.52,2025-01-26 05:00:30,Chennai,self_transfer,DEV805,0
TXN109583,USER5914,128721.8,2025-02-09 04:55:30,Mumbai,bill_payment,DEV157,0
TXN109584,USER8096,116583.16,2025-02-24 01:49:30,Pune,receive,DEV959,1
TXN109585,USER6657,113465.78,2025-02-07 20:09:30,Jaipur,send,DEV462,0
TXN109586,USER8900,156948.9,2025-02-03 13:08:30,Mumbai,bill_payment,DEV183,0
TXN109587,USER9101,98837.7,2025-02-26 02:44:30,Kolkata,merchant_payment,DEV399,0
TXN109588,USER6520,443.78,2025-02-01 04:16:30,Hyderabad,receive,DEV541,0
TXN109589,USER6722,187722.34,2025-03-13 16:11:30,Hyderabad,receive,DEV180,0
TXN109590,USER3317,81347.73,2025-01-24 00:36:30,Delhi,send,DEV638,0
TXN109591,USER5154,94216.35,2025-03-25 14:47:30,Kolkata,send,DEV160,0
TXN109592,USER5336,166107.24,2025-04-06 14:04:30,Chennai,self_transfer,DEV447,0
TXN109593,USER8130,31948.69,2025-03-24 21:30:30,Jaipur,receive,DEV219,0
TXN109594,USER1520,170373.71,2025-02-05 06:15:30,Bangalore,merchant_payment,DEV487,0
TXN109595,USER5482,123161.14,2025-02-08 02:00:30,Pune,merchant_payment,DEV891,1
TXN109596,USER8363,11088.0,2025-03-04 00:58:30,Hyderabad,self_transfer,DEV733,0
TXN109597,USER8409,96390.45,2025-03-21 18:08:30,Bangalore,send,DEV616,0
TXN109598,USER6519,119392.68,2025-03-16 17:01:30,Pune,bill_payment,DEV406,0
TXN109599,USER5180,91028.6,2025-03-19 18:03:30,Pune,send,DEV934,0
TXN109600,USER4578,1022.01,2025-04-02 04:35:30,Jaipur,send,DEV243,0
TXN109601,USER9718,194368.88,2025-01-23 08:51:30,Kolkata,self_transfer,DEV615,0
TXN109602,USER6471,74585.35,2025-01-15 08:26:30,Pune,self_transfer,DEV347,0
TXN109603,USER6693,112795.95,2025-02-23 22:42:30,Mumbai,merchant_payment,DEV648,0
TXN109604,USER1103,76776.98,2025-03-18 05:00:30,Jaipur,bill_payment,DEV954,0
TXN109605,USER8361,193586.66,2025-01-20 18:52:30,Kolkata,merchant_payment,DEV416,0
TXN109606,USER9097,37437.27,2025-02-23 08:00:30,Hyderabad,send,DEV988,0
TXN109607,USER1805,97292.47,2025-01-27 10:34:30,Hyderabad,merchant_payment,DEV321,0
TXN109608,USER3820,163876.06,2025-03-20 06:56:30,Mumbai,bill_payment,DEV293,0
TXN109609,USER1613,188664.56,2025-03-27 15:53:30,Mumbai,merchant_payment,DEV693,0
TXN109610,USER2109,19246.06,2025-04-03 02:23:30,Hyderabad,merchant_payment,DEV573,0
TXN109611,USER5323,166873.5,2025-03-23 05:47:30,Jaipur,self_transfer,DEV660,0
TXN109612,USER5792,166643.47,2025-02-03 11:02:30,Ahmedabad,self_transfer,DEV167,0
TXN109613,USER2404,60592.53,2025-03-07 00:46:30,Kolkata,send,DEV960,0
TXN109614,USER5384,135495.04,2025-03-06 11:34:30,Delhi,bill_payment,DEV931,0
TXN109615,USER6914,116983.33,2025-02-02 18:05:30,Chennai,receive,DEV699,0
TXN109616,USER8566,79586.55,2025-03-06 06:29:30,Hyderabad,self_transfer,DEV501,0
TXN109617,USER6370,182397.26,2025-03-24 18:30:30,Kolkata,bill_payment,DEV359,0
TXN109618,USER5947,162587.06,2025-01-24 19:03:30,Kolkata,self_transfer,DEV813,0
TXN109619,USER8122,85505.64,2025-03-24 13:08:30,Jaipur,self_transfer,DEV434,0
TXN109620,USER7102,24445.58,2025-03-07 09:11:30,Pune,receive,DEV813,0
TXN109621,USER1002,107201.37,2025-02-26 11:22:30,Jaipur,send,DEV335,0
TXN109622,USER6539,82855.2,2025-01-13 05:51:30,Pune,self_transfer,DEV376,0
TXN109623,USER1035,6787.18,2025-03-21 15:23:30,Bangalore,bill_payment,DEV221,0
TXN109624,USER4593,173209.42,2025-02-18 04:28:30,Jaipur,receive,DEV436,0
TXN109625,USER1799,44715.36,2025-02-23 22:36:30,Mumbai,send,DEV923,0
TXN109626,USER5496,42497.62,2025-01-26 16:07:30,Jaipur,send,DEV961,0
TXN109627,USER4705,91055.74,2025-02-23 07:21:30,Pune,bill_payment,DEV424,0
TXN109628,USER3139,86046.7,2025-03-05 13:13:30,Mumbai,receive,DEV422,0
TXN109629,USER9481,164926.54,2025-01-18 21:11:30,Mumbai,merchant_payment,DEV636,0
TXN109630,USER9145,129704.54,2025-03-20 23:33:30,Mumbai,receive,DEV149,0
TXN109631,USER3333,68285.49,2025-03-12 02:47:30,Hyderabad,receive,DEV790,0
TXN109632,USER7829,17251.78,2025-04-02 00:53:30,Bangalore,merchant_payment,DEV791,0
TXN109633,USER2023,45383.74,2025-01-14 02:36:30,Delhi,send,DEV759,0
TXN109634,USER2303,158527.67,2025-04-07 11:21:30,Kolkata,self_transfer,DEV659,0
TXN109635,USER4050,109268.74,2025-03-12 00:49:30,Hyderabad,merchant_payment,DEV625,0
TXN109636,USER9632,68613.32,2025-03-08 18:05:30,Kolkata,merchant_payment,DEV881,0
TXN109637,USER9345,156522.03,2025-03-31 22:41:30,Kolkata,merchant_payment,DEV470,0
TXN109638,USER8153,195904.98,2025-04-06 18:15:30,Jaipur,bill_payment,DEV914,0
TXN109639,USER9954,141074.26,2025-04-07 09:32:30,Pune,receive,DEV688,0
TXN109640,USER8443,179446.87,2025-02-13 06:55:30,Jaipur,bill_payment,DEV662,0
TXN109641,USER8516,100664.5,2025-01-11 01:35:30,Hyderabad,bill_payment,DEV721,1
TXN109642,USER3095,55275.72,2025-02-27 03:39:30,Mumbai,self_transfer,DEV229,0
TXN109643,USER1068,139653.23,2025-02-28 17:44:30,Mumbai,send,DEV951,0
TXN109644,USER7173,97340.1,2025-02-17 20:48:30,Bangalore,bill_payment,DEV522,0
TXN109645,USER5736,156087.03,2025-02-23 22:58:30,Jaipur,receive,DEV197,0
TXN109646,USER5402,56263.99,2025-02-16 06:30:30,Hyderabad,merchant_payment,DEV117,0
TXN109647,USER2888,125747.27,2025-03-15 07:01:30,Bangalore,self_transfer,DEV475,0
TXN109648,USER9109,117661.93,2025-03-12 02:14:30,Kolkata,send,DEV577,1
TXN109649,USER5421,4331.5,2025-04-07 10:12:30,Kolkata,merchant_payment,DEV343,0
TXN109650,USER6200,171860.17,2025-04-01 12:52:30,Bangalore,receive,DEV246,0
TXN109651,USER5083,82308.7,2025-01-08 19:21:30,Jaipur,send,DEV310,0
TXN109652,USER6739,32967.16,2025-01-09 06:54:30,Bangalore,self_transfer,DEV234,0
TXN109653,USER7891,95739.96,2025-01-16 08:42:30,Bangalore,merchant_payment,DEV407,0
TXN109654,USER2898,32775.76,2025-03-11 19:14:30,Delhi,send,DEV896,0
TXN109655,USER2476,175990.88,2025-03-03 18:10:30,Kolkata,bill_payment,DEV661,0
TXN109656,USER2026,102054.8,2025-01-17 16:30:30,Mumbai,bill_payment,DEV126,0
TXN109657,USER6597,43986.55,2025-04-04 03:34:30,Bangalore,send,DEV963,0
TXN109658,USER1023,184734.14,2025-01-13 17:34:30,Hyderabad,self_transfer,DEV782,0
TXN109659,USER6714,58255.83,2025-01-11 11:23:30,Delhi,self_transfer,DEV902,0
TXN109660,USER9235,70237.47,2025-03-08 10:20:30,Hyderabad,merchant_payment,DEV447,0
TXN109661,USER3760,5973.39,2025-04-06 01:10:30,Ahmedabad,self_transfer,DEV340,0
TXN109662,USER6201,192424.76,2025-03-13 11:53:30,Chennai,receive,DEV556,0
TXN109663,USER9727,158389.69,2025-02-17 17:13:30,Kolkata,merchant_payment,DEV406,0
TXN109664,USER6702,161239.9,2025-02-19 03:58:30,Kolkata,merchant_payment,DEV845,1
TXN109665,USER9785,167552.96,2025-03-06 02:12:30,Chennai,self_transfer,DEV692,1
TXN109666,USER8646,194146.42,2025-02-08 17:29:30,Delhi,self_transfer,DEV928,0
TXN109667,USER6805,85435.83,2025-01-30 05:32:30,Ahmedabad,merchant_payment,DEV468,0
TXN109668,USER3854,135470.4,2025-03-09 22:45:30,Pune,self_transfer,DEV475,0
TXN109669,USER9849,44561.47,2025-02-09 10:51:30,Jaipur,merchant_payment,DEV550,0
TXN109670,USER9912,44808.37,2025-04-01 11:04:30,Hyderabad,receive,DEV873,0
TXN109671,USER3401,180948.92,2025-03-04 15:35:30,Chennai,bill_payment,DEV434,0
TXN109672,USER6046,56323.25,2025-01-27 14:52:30,Chennai,merchant_payment,DEV400,0
TXN109673,USER2491,147248.4,2025-01-15 21:21:30,Jaipur,self_transfer,DEV341,0
TXN109674,USER9492,143948.5,2025-01-18 15:14:30,Mumbai,send,DEV120,0
TXN109675,USER8030,850.6,2025-02-12 15:43:30,Pune,merchant_payment,DEV169,0
TXN109676,USER9656,6849.0,2025-01-22 03:43:30,Chennai,self_transfer,DEV102,0
TXN109677,USER9946,36613.02,2025-02-03 07:19:30,Pune,self_transfer,DEV782,0
TXN109678,USER8454,187397.41,2025-02-20 09:31:30,Jaipur,merchant_payment,DEV689,0
TXN109679,USER9913,135774.42,2025-02-06 09:44:30,Bangalore,self_transfer,DEV100,0
TXN109680,USER7856,7823.17,2025-02-28 13:54:30,Chennai,bill_payment,DEV834,0
TXN109681,USER4489,14872.01,2025-01-08 07:37:30,Kolkata,self_transfer,DEV912,0
TXN109682,USER1838,18843.31,2025-03-02 18:00:30,Pune,send,DEV639,0
TXN109683,USER9057,147113.44,2025-01-29 04:27:30,Kolkata,send,DEV527,0
TXN109684,USER8743,61251.8,2025-01-16 06:32:30,Ahmedabad,send,DEV258,0
TXN109685,USER3418,59428.47,2025-01-29 08:33:30,Bangalore,send,DEV314,0
TXN109686,USER1815,25286.95,2025-02-12 00:00:30,Pune,self_transfer,DEV565,0
TXN109687,USER8043,68405.35,2025-02-23 05:16:30,Mumbai,self_transfer,DEV849,0
TXN109688,USER1015,189437.35,2025-01-23 09:03:30,Ahmedabad,bill_payment,DEV608,0
TXN109689,USER4178,184291.45,2025-02-14 02:45:30,Ahmedabad,merchant_payment,DEV819,1
TXN109690,USER6436,160683.45,2025-01-22 08:08:30,Hyderabad,send,DEV969,0
TXN109691,USER9509,7932.27,2025-03-21 15:29:30,Mumbai,self_transfer,DEV455,0
TXN109692,USER3834,15438.28,2025-02-09 12:27:30,Kolkata,bill_payment,DEV688,0
TXN109693,USER9838,25998.0,2025-02-09 07:18:30,Pune,receive,DEV991,0
TXN109694,USER9669,44659.1,2025-03-14 13:04:30,Chennai,bill_payment,DEV336,0
TXN109695,USER3848,84035.85,2025-02-05 01:06:30,Delhi,send,DEV922,0
TXN109696,USER9291,34284.13,2025-03-03 08:23:30,Bangalore,merchant_payment,DEV307,0
TXN109697,USER6516,10688.65,2025-03-21 05:09:30,Chennai,send,DEV287,0
TXN109698,USER1117,43603.84,2025-03-21 04:09:30,Hyderabad,bill_payment,DEV110,0
TXN109699,USER6996,78696.06,2025-03-03 14:00:30,Chennai,bill_payment,DEV820,0
TXN109700,USER1503,22774.95,2025-03-02 00:53:30,Chennai,bill_payment,DEV570,0
TXN109701,USER9098,1632.54,2025-02-16 04:17:30,Hyderabad,self_transfer,DEV147,0
TXN109702,USER8040,49993.81,2025-01-23 17:16:30,Mumbai,send,DEV322,0
TXN109703,USER2227,99291.16,2025-01-09 04:16:30,Ahmedabad,self_transfer,DEV533,0
TXN109704,USER9747,188325.37,2025-02-01 16:57:30,Kolkata,self_transfer,DEV450,0
TXN109705,USER3877,17166.43,2025-03-15 15:23:30,Hyderabad,send,DEV169,0
TXN109706,USER4516,126646.86,2025-03-14 21:50:30,Chennai,send,DEV450,0
TXN109707,USER9599,132559.09,2025-03-08 18:13:30,Delhi,self_transfer,DEV608,0
TXN109708,USER3727,73680.72,2025-02-11 01:25:30,Pune,receive,DEV193,0
TXN109709,USER4094,142367.63,2025-04-02 23:36:30,Bangalore,send,DEV764,0
TXN109710,USER6047,118254.32,2025-02-04 13:04:30,Hyderabad,merchant_payment,DEV362,0
TXN109711,USER7102,18987.65,2025-03-23 05:16:30,Jaipur,bill_payment,DEV325,0
TXN109712,USER4441,135489.74,2025-02-25 01:31:30,Chennai,merchant_payment,DEV857,1
TXN109713,USER8116,62897.12,2025-01-21 05:43:30,Chennai,bill_payment,DEV978,0
TXN109714,USER3915,50031.94,2025-01-21 00:35:30,Hyderabad,self_transfer,DEV408,0
TXN109715,USER7714,26556.82,2025-03-09 14:27:30,Pune,merchant_payment,DEV127,0
TXN109716,USER1063,193197.81,2025-02-20 14:50:30,Hyderabad,self_transfer,DEV327,0
TXN109717,USER1975,2951.61,2025-02-08 00:44:30,Kolkata,send,DEV969,0
TXN109718,USER4173,137544.68,2025-01-16 03:06:30,Kolkata,receive,DEV557,1
TXN109719,USER7498,21255.04,2025-03-12 16:25:30,Mumbai,receive,DEV866,0
TXN109720,USER6924,120362.24,2025-01-13 11:55:30,Bangalore,bill_payment,DEV216,1
TXN109721,USER7091,169708.61,2025-01-14 22:31:30,Bangalore,self_transfer,DEV718,0
TXN109722,USER7755,66018.61,2025-01-15 07:44:30,Pune,bill_payment,DEV767,0
TXN109723,USER9579,187136.63,2025-03-26 10:24:30,Delhi,bill_payment,DEV284,0
TXN109724,USER8588,155345.08,2025-01-21 12:06:30,Mumbai,merchant_payment,DEV580,0
TXN109725,USER7979,64555.24,2025-04-03 12:52:30,Chennai,bill_payment,DEV469,0
TXN109726,USER9043,117960.12,2025-01-17 03:28:30,Chennai,bill_payment,DEV832,1
TXN109727,USER7838,47994.97,2025-02-25 18:47:30,Ahmedabad,send,DEV519,0
TXN109728,USER2918,175115.11,2025-02-24 08:00:30,Jaipur,self_transfer,DEV301,0
TXN109729,USER9434,169698.52,2025-02-05 16:50:30,Pune,merchant_payment,DEV304,0
TXN109730,USER4582,107964.96,2025-02-08 19:39:30,Chennai,send,DEV764,0
TXN109731,USER4681,181148.78,2025-02-11 17:13:30,Mumbai,receive,DEV376,0
TXN109732,USER7128,83993.07,2025-01-18 00:59:30,Kolkata,send,DEV829,0
TXN109733,USER5926,175539.26,2025-02-05 00:36:30,Hyderabad,receive,DEV732,0
TXN109734,USER5751,51719.29,2025-02-26 17:17:30,Pune,self_transfer,DEV380,0
TXN109735,USER7873,93481.97,2025-03-29 20:31:30,Jaipur,send,DEV294,0
TXN109736,USER5717,151262.32,2025-03-10 18:19:30,Pune,merchant_payment,DEV919,0
TXN109737,USER2280,47957.63,2025-04-02 10:20:30,Pune,bill_payment,DEV382,0
TXN109738,USER7927,142359.85,2025-03-29 04:54:30,Delhi,bill_payment,DEV899,0
TXN109739,USER4365,59102.82,2025-03-26 22:42:30,Ahmedabad,bill_payment,DEV130,0
TXN109740,USER3743,172452.9,2025-02-02 18:39:30,Kolkata,bill_payment,DEV715,0
TXN109741,USER1121,154874.76,2025-02-04 23:57:30,Kolkata,send,DEV426,0
TXN109742,USER1575,184992.64,2025-02-17 02:41:30,Chennai,send,DEV948,1
TXN109743,USER8656,172675.53,2025-03-28 14:05:30,Mumbai,receive,DEV813,0
TXN109744,USER6480,25116.29,2025-01-10 03:39:30,Bangalore,receive,DEV629,0
TXN109745,USER7412,103675.08,2025-04-03 18:18:30,Bangalore,receive,DEV816,0
TXN109746,USER5011,69518.69,2025-03-17 09:24:30,Jaipur,merchant_payment,DEV380,0
TXN109747,USER8963,14750.65,2025-02-16 00:23:30,Mumbai,self_transfer,DEV241,0
TXN109748,USER3668,77923.1,2025-01-06 14:37:30,Jaipur,send,DEV752,0
TXN109749,USER7314,198959.49,2025-02-12 12:53:30,Bangalore,send,DEV549,0
TXN109750,USER1945,178728.7,2025-03-09 06:01:30,Chennai,bill_payment,DEV558,0
TXN109751,USER6891,79031.18,2025-01-27 01:29:30,Hyderabad,bill_payment,DEV445,0
TXN109752,USER7263,108433.31,2025-03-13 08:49:30,Pune,merchant_payment,DEV320,0
TXN109753,USER8891,7894.32,2025-04-01 17:04:30,Bangalore,self_transfer,DEV845,0
TXN109754,USER6107,141269.35,2025-03-28 12:23:30,Hyderabad,merchant_payment,DEV481,0
TXN109755,USER4976,154928.28,2025-02-14 09:35:30,Delhi,bill_payment,DEV778,0
TXN109756,USER5575,117760.57,2025-03-07 00:04:30,Kolkata,receive,DEV812,0
TXN109757,USER6216,192152.76,2025-03-26 01:07:30,Bangalore,self_transfer,DEV968,1
TXN109758,USER3347,182538.09,2025-03-14 13:50:30,Delhi,receive,DEV727,0
TXN109759,USER8091,73625.35,2025-01-09 17:37:30,Delhi,merchant_payment,DEV843,0
TXN109760,USER3617,91633.34,2025-03-16 11:32:30,Pune,bill_payment,DEV449,0
TXN109761,USER2479,105611.06,2025-03-13 10:57:30,Ahmedabad,self_transfer,DEV680,0
TXN109762,USER4845,8129.23,2025-03-16 14:16:30,Chennai,self_transfer,DEV315,0
TXN109763,USER2202,117343.74,2025-02-12 22:14:30,Kolkata,merchant_payment,DEV891,0
TXN109764,USER1609,167387.45,2025-02-06 01:36:30,Delhi,self_transfer,DEV958,1
TXN109765,USER6974,48436.18,2025-01-31 02:02:30,Delhi,merchant_payment,DEV893,0
TXN109766,USER6494,107439.06,2025-01-28 01:25:30,Bangalore,merchant_payment,DEV873,1
TXN109767,USER3981,70183.92,2025-02-02 09:41:30,Bangalore,receive,DEV803,0
TXN109768,USER6971,25067.28,2025-01-20 03:15:30,Mumbai,bill_payment,DEV994,0
TXN109769,USER2132,23395.6,2025-01-08 17:28:30,Pune,bill_payment,DEV567,0
TXN109770,USER3280,7845.18,2025-01-18 04:52:30,Jaipur,receive,DEV643,0
TXN109771,USER6690,90432.63,2025-03-07 01:58:30,Jaipur,send,DEV415,0
TXN109772,USER9880,136176.44,2025-04-06 11:00:30,Pune,merchant_payment,DEV798,0
TXN109773,USER8888,5603.0,2025-03-02 17:46:30,Delhi,merchant_payment,DEV465,0
TXN109774,USER9210,79398.53,2025-04-06 14:04:30,Delhi,merchant_payment,DEV435,0
TXN109775,USER8321,3880.23,2025-02-21 17:25:30,Bangalore,merchant_payment,DEV137,0
TXN109776,USER2527,20824.94,2025-01-20 03:19:30,Hyderabad,bill_payment,DEV797,0
TXN109777,USER5784,59670.65,2025-01-24 18:42:30,Jaipur,merchant_payment,DEV624,0
TXN109778,USER1250,20417.81,2025-01-16 19:28:30,Jaipur,receive,DEV833,0
TXN109779,USER7149,59591.03,2025-03-03 04:23:30,Hyderabad,send,DEV205,0
TXN109780,USER2998,128762.6,2025-02-15 17:51:30,Kolkata,send,DEV502,0
TXN109781,USER3205,58803.59,2025-03-05 15:58:30,Jaipur,self_transfer,DEV150,0
TXN109782,USER2944,95369.37,2025-02-09 02:47:30,Pune,self_transfer,DEV487,0
TXN109783,USER7428,152471.84,2025-01-13 22:15:30,Pune,self_transfer,DEV941,0
TXN109784,USER2873,194490.24,2025-03-01 08:21:30,Bangalore,self_transfer,DEV231,0
TXN109785,USER5473,6682.54,2025-02-15 18:59:30,Delhi,send,DEV704,0
TXN109786,USER4628,47337.65,2025-03-04 05:01:30,Bangalore,bill_payment,DEV638,1
TXN109787,USER5742,169489.36,2025-03-16 06:16:30,Pune,merchant_payment,DEV953,0
TXN109788,USER9378,85062.28,2025-03-26 04:54:30,Mumbai,merchant_payment,DEV937,0
TXN109789,USER6350,197079.55,2025-02-07 19:14:30,Hyderabad,self_transfer,DEV816,0
TXN109790,USER7633,115492.31,2025-02-09 06:35:30,Jaipur,self_transfer,DEV808,0
TXN109791,USER9225,43674.29,2025-01-17 20:14:30,Mumbai,self_transfer,DEV730,0
TXN109792,USER8380,10795.37,2025-03-20 09:01:30,Bangalore,merchant_payment,DEV993,0
TXN109793,USER6452,4742.84,2025-01-14 17:12:30,Pune,receive,DEV107,0
TXN109794,USER9810,59572.86,2025-02-14 15:35:30,Chennai,self_transfer,DEV116,0
TXN109795,USER4949,105438.45,2025-03-11 14:44:30,Chennai,merchant_payment,DEV191,0
TXN109796,USER2067,66163.22,2025-02-15 18:14:30,Kolkata,send,DEV423,0
TXN109797,USER1381,22570.38,2025-03-10 04:44:30,Pune,receive,DEV791,0
TXN109798,USER3298,148721.62,2025-01-24 17:36:30,Bangalore,bill_payment,DEV872,0
TXN109799,USER6493,55047.67,2025-02-16 01:04:30,Kolkata,merchant_payment,DEV697,0
TXN109800,USER3213,170076.76,2025-03-27 17:19:30,Mumbai,merchant_payment,DEV900,0
TXN109801,USER4765,31757.83,2025-01-21 20:58:30,Kolkata,merchant_payment,DEV748,0
TXN109802,USER3940,32856.54,2025-03-08 12:26:30,Delhi,merchant_payment,DEV498,0
TXN109803,USER6460,132729.82,2025-02-12 10:53:30,Delhi,self_transfer,DEV666,0
TXN109804,USER9223,120931.69,2025-03-13 02:47:30,Chennai,merchant_payment,DEV727,1
TXN109805,USER6795,132592.38,2025-02-15 20:20:30,Chennai,receive,DEV907,0
TXN109806,USER2560,110961.8,2025-03-19 14:06:30,Kolkata,self_transfer,DEV323,0
TXN109807,USER4066,50328.9,2025-02-20 10:22:30,Hyderabad,send,DEV328,0
TXN109808,USER7473,136220.23,2025-02-07 03:31:30,Bangalore,send,DEV198,1
TXN109809,USER3089,88897.11,2025-01-28 07:20:30,Jaipur,bill_payment,DEV321,0
TXN109810,USER8216,23976.81,2025-03-31 10:42:30,Kolkata,bill_payment,DEV749,0
TXN109811,USER3995,28316.56,2025-03-27 03:35:30,Mumbai,receive,DEV878,0
TXN109812,USER1695,9148.33,2025-01-14 10:43:30,Chennai,self_transfer,DEV813,0
TXN109813,USER8089,110260.7,2025-01-24 07:53:30,Hyderabad,self_transfer,DEV925,0
TXN109814,USER4060,79726.67,2025-02-10 12:03:30,Delhi,receive,DEV356,0
TXN109815,USER2472,83443.42,2025-03-07 22:25:30,Chennai,receive,DEV223,0
TXN109816,USER6725,16664.73,2025-02-24 04:04:30,Pune,merchant_payment,DEV556,0
TXN109817,USER2316,60616.12,2025-03-21 00:28:30,Delhi,merchant_payment,DEV546,0
TXN109818,USER2119,77587.33,2025-02-27 12:35:30,Mumbai,bill_payment,DEV342,0
TXN109819,USER9437,181858.37,2025-03-28 20:49:30,Kolkata,receive,DEV922,0
TXN109820,USER4798,96670.7,2025-02-09 13:15:30,Jaipur,send,DEV927,0
TXN109821,USER5754,28335.44,2025-03-29 10:06:30,Kolkata,merchant_payment,DEV887,0
TXN109822,USER7093,165521.64,2025-03-28 23:08:30,Chennai,merchant_payment,DEV182,0
TXN109823,USER8251,62823.61,2025-02-27 08:26:30,Chennai,send,DEV750,0
TXN109824,USER4494,3251.21,2025-02-28 17:33:30,Pune,receive,DEV991,0
TXN109825,USER4302,55347.28,2025-04-03 16:04:30,Delhi,bill_payment,DEV772,0
TXN109826,USER5842,153221.79,2025-01-26 04:40:30,Kolkata,send,DEV440,0
TXN109827,USER3415,34648.4,2025-03-05 12:24:30,Jaipur,bill_payment,DEV832,0
TXN109828,USER3959,85666.03,2025-03-17 08:30:30,Delhi,receive,DEV898,0
TXN109829,USER3025,82501.78,2025-03-28 19:07:30,Jaipur,self_transfer,DEV250,0
TXN109830,USER3406,126222.8,2025-03-09 00:45:30,Pune,send,DEV784,0
TXN109831,USER5471,89750.47,2025-03-05 12:20:30,Kolkata,bill_payment,DEV339,0
TXN109832,USER2283,104294.8,2025-01-29 01:33:30,Mumbai,merchant_payment,DEV443,1
TXN109833,USER4540,151217.33,2025-03-22 07:54:30,Pune,bill_payment,DEV412,0
TXN109834,USER8085,31624.04,2025-02-23 06:27:30,Pune,self_transfer,DEV570,0
TXN109835,USER9370,136703.99,2025-01-20 20:05:30,Bangalore,merchant_payment,DEV922,0
TXN109836,USER4737,105148.01,2025-02-28 15:16:30,Hyderabad,receive,DEV601,0
TXN109837,USER4327,89967.02,2025-02-28 01:10:30,Delhi,send,DEV174,0
TXN109838,USER7707,98215.16,2025-01-13 03:10:30,Jaipur,receive,DEV130,0
TXN109839,USER3591,178454.27,2025-02-15 05:41:30,Kolkata,bill_payment,DEV734,0
TXN109840,USER2561,70812.4,2025-03-01 19:34:30,Chennai,self_transfer,DEV621,0
TXN109841,USER3323,109512.64,2025-04-03 12:51:30,Mumbai,merchant_payment,DEV953,0
TXN109842,USER4177,126505.87,2025-03-19 02:22:30,Bangalore,send,DEV275,1
TXN109843,USER2803,83807.02,2025-03-02 06:45:30,Delhi,bill_payment,DEV159,0
TXN109844,USER7727,106423.05,2025-02-24 22:35:30,Mumbai,self_transfer,DEV633,0
TXN109845,USER2720,64333.49,2025-03-22 15:13:30,Pune,receive,DEV570,0
TXN109846,USER8835,172154.0,2025-03-25 15:57:30,Pune,bill_payment,DEV597,0
TXN109847,USER8868,146707.14,2025-01-26 12:05:30,Hyderabad,bill_payment,DEV983,0
TXN109848,USER9044,185888.16,2025-01-08 19:32:30,Pune,receive,DEV764,0
TXN109849,USER3806,41327.9,2025-02-17 13:00:30,Kolkata,send,DEV263,0
TXN109850,USER4680,174979.64,2025-04-07 03:46:30,Bangalore,receive,DEV375,1
TXN109851,USER8545,642.99,2025-02-02 12:52:30,Chennai,self_transfer,DEV188,0
TXN109852,USER8111,385.02,2025-03-09 07:05:30,Bangalore,receive,DEV293,0
TXN109853,USER8158,87188.3,2025-01-27 01:30:30,Chennai,bill_payment,DEV952,0
TXN109854,USER5346,159251.04,2025-03-07 16:07:30,Hyderabad,merchant_payment,DEV390,0
TXN109855,USER4094,124148.8,2025-01-21 22:21:30,Pune,receive,DEV357,0
TXN109856,USER9291,195854.26,2025-03-22 09:05:30,Bangalore,bill_payment,DEV664,0
TXN109857,USER7054,121771.24,2025-01-15 12:46:30,Kolkata,merchant_payment,DEV721,0
TXN109858,USER7438,97115.27,2025-03-12 12:31:30,Kolkata,merchant_payment,DEV281,0
TXN109859,USER6372,134107.98,2025-03-29 19:49:30,Chennai,send,DEV593,0
TXN109860,USER6956,57547.14,2025-03-13 20:12:30,Bangalore,send,DEV520,0
TXN109861,USER9986,24120.45,2025-01-19 21:18:30,Mumbai,merchant_payment,DEV151,0
TXN109862,USER3647,102479.29,2025-02-11 14:08:30,Chennai,receive,DEV805,0
TXN109863,USER4856,51354.68,2025-02-01 16:35:30,Pune,self_transfer,DEV535,0
TXN109864,USER6916,179713.84,2025-03-01 17:31:30,Ahmedabad,merchant_payment,DEV516,0
TXN109865,USER2126,2226.83,2025-03-29 04:01:30,Chennai,bill_payment,DEV691,0
TXN109866,USER2914,192233.62,2025-03-29 11:43:30,Delhi,bill_payment,DEV937,0
TXN109867,USER4678,1306.01,2025-02-09 10:49:30,Jaipur,self_transfer,DEV109,0
TXN109868,USER9129,30290.83,2025-01-24 22:44:30,Hyderabad,bill_payment,DEV521,0
TXN109869,USER4460,61719.26,2025-02-05 16:07:30,Delhi,merchant_payment,DEV296,0
TXN109870,USER7968,41012.82,2025-01-25 18:00:30,Kolkata,merchant_payment,DEV946,0
TXN109871,USER7834,97650.59,2025-01-27 12:36:30,Hyderabad,bill_payment,DEV561,0
TXN109872,USER2108,195562.32,2025-01-27 11:42:30,Ahmedabad,bill_payment,DEV674,0
TXN109873,USER8628,109612.19,2025-02-09 12:21:30,Pune,receive,DEV685,0
TXN109874,USER1877,77451.35,2025-01-15 17:04:30,Kolkata,send,DEV571,0
TXN109875,USER1125,142966.17,2025-01-10 18:33:30,Chennai,bill_payment,DEV702,0
TXN109876,USER9544,27315.26,2025-02-15 06:33:30,Pune,receive,DEV130,0
TXN109877,USER6173,135712.74,2025-01-26 09:00:30,Ahmedabad,merchant_payment,DEV998,0
TXN109878,USER9855,58202.35,2025-03-17 14:06:30,Delhi,bill_payment,DEV784,0
TXN109879,USER4486,104632.19,2025-02-10 19:10:30,Chennai,merchant_payment,DEV715,0
TXN109880,USER7493,186886.98,2025-01-31 09:37:30,Hyderabad,bill_payment,DEV858,0
TXN109881,USER8402,111588.92,2025-01-24 10:07:30,Bangalore,merchant_payment,DEV615,0
TXN109882,USER8422,69449.05,2025-04-06 23:42:30,Hyderabad,receive,DEV403,0
TXN109883,USER4100,148796.92,2025-04-03 06:21:30,Kolkata,bill_payment,DEV525,0
TXN109884,USER8312,5766.44,2025-02-24 11:23:30,Jaipur,self_transfer,DEV493,0
TXN109885,USER1703,136502.63,2025-03-29 04:42:30,Chennai,send,DEV961,0
TXN109886,USER9740,107557.22,2025-04-05 15:12:30,Jaipur,receive,DEV610,0
TXN109887,USER3392,7852.21,2025-02-26 10:11:30,Chennai,self_transfer,DEV311,0
TXN109888,USER3936,62854.7,2025-01-21 13:39:30,Chennai,self_transfer,DEV966,0
TXN109889,USER9456,87161.37,2025-02-05 06:13:30,Chennai,send,DEV599,0
TXN109890,USER6949,8714.51,2025-02-05 04:22:30,Pune,bill_payment,DEV427,0
TXN109891,USER3662,187059.64,2025-03-22 10:20:30,Delhi,merchant_payment,DEV161,0
TXN109892,USER6912,81938.6,2025-01-13 11:50:30,Mumbai,send,DEV658,0
TXN109893,USER5000,126583.77,2025-01-08 23:43:30,Kolkata,send,DEV410,0
TXN109894,USER8216,186017.11,2025-02-02 12:14:30,Chennai,self_transfer,DEV106,0
TXN109895,USER4107,193175.17,2025-02-12 23:05:30,Delhi,self_transfer,DEV964,0
TXN109896,USER7502,142726.46,2025-03-05 10:43:30,Delhi,bill_payment,DEV954,0
TXN109897,USER4245,4714.43,2025-01-22 10:56:30,Bangalore,send,DEV971,0
TXN109898,USER3626,104828.17,2025-03-01 12:43:30,Hyderabad,send,DEV383,0
TXN109899,USER2864,177741.27,2025-01-14 13:05:30,Jaipur,receive,DEV714,0
TXN109900,USER8128,105771.74,2025-03-16 22:58:30,Kolkata,send,DEV551,0
TXN109901,USER1426,56290.21,2025-02-06 02:04:30,Delhi,merchant_payment,DEV611,0
TXN109902,USER5887,178237.34,2025-01-28 17:24:30,Pune,send,DEV180,0
TXN109903,USER4880,114742.07,2025-02-01 12:56:30,Pune,self_transfer,DEV129,1
TXN109904,USER6142,59329.82,2025-04-03 16:38:30,Pune,send,DEV735,0
TXN109905,USER2905,128319.88,2025-01-07 12:50:30,Mumbai,merchant_payment,DEV843,0
TXN109906,USER7710,134755.85,2025-02-16 15:11:30,Hyderabad,send,DEV204,0
TXN109907,USER9516,62147.91,2025-03-16 23:04:30,Pune,receive,DEV325,0
TXN109908,USER1051,117349.31,2025-01-19 09:52:30,Kolkata,receive,DEV641,0
TXN109909,USER5319,106584.31,2025-02-22 11:35:30,Mumbai,receive,DEV370,0
TXN109910,USER9157,45223.13,2025-03-31 20:29:30,Ahmedabad,send,DEV459,1
TXN109911,USER8529,47669.06,2025-03-28 17:49:30,Pune,self_transfer,DEV456,0
TXN109912,USER3193,88303.82,2025-04-01 07:32:30,Hyderabad,merchant_payment,DEV956,0
TXN109913,USER6535,91009.85,2025-01-16 04:51:30,Hyderabad,send,DEV589,0
TXN109914,USER3387,129735.1,2025-01-20 01:40:30,Kolkata,self_transfer,DEV378,1
TXN109915,USER8052,124061.54,2025-02-13 03:42:30,Kolkata,receive,DEV407,1
TXN109916,USER9370,125207.94,2025-02-20 11:00:30,Hyderabad,self_transfer,DEV457,0
TXN109917,USER5561,99029.42,2025-01-27 03:49:30,Mumbai,bill_payment,DEV860,0
TXN109918,USER2165,41535.43,2025-01-31 18:23:30,Ahmedabad,bill_payment,DEV600,0
TXN109919,USER9972,8896.88,2025-01-18 04:35:30,Pune,receive,DEV591,0
TXN109920,USER8586,56256.29,2025-03-12 17:39:30,Mumbai,send,DEV366,0
TXN109921,USER3936,181561.09,2025-03-31 15:40:30,Delhi,receive,DEV365,1
TXN109922,USER6647,175235.03,2025-03-08 12:05:30,Bangalore,merchant_payment,DEV741,0
TXN109923,USER4652,168282.97,2025-01-12 19:01:30,Mumbai,send,DEV278,0
TXN109924,USER3585,108215.77,2025-03-06 09:40:30,Pune,bill_payment,DEV496,0
TXN109925,USER9466,77185.57,2025-01-28 11:03:30,Ahmedabad,self_transfer,DEV303,0
TXN109926,USER4230,50819.11,2025-04-01 13:34:30,Chennai,receive,DEV248,0
TXN109927,USER8699,197245.08,2025-03-06 11:16:30,Chennai,send,DEV992,0
TXN109928,USER2574,41753.72,2025-04-01 15:14:30,Chennai,self_transfer,DEV949,0
TXN109929,USER6211,32873.22,2025-04-06 06:15:30,Delhi,self_transfer,DEV138,0
TXN109930,USER3900,177602.18,2025-02-21 13:19:30,Hyderabad,self_transfer,DEV587,0
TXN109931,USER5617,118764.49,2025-02-26 15:44:30,Mumbai,merchant_payment,DEV214,0
TXN109932,USER3670,196917.49,2025-03-02 16:02:30,Jaipur,self_transfer,DEV171,0
TXN109933,USER5253,12358.26,2025-01-12 03:10:30,Kolkata,receive,DEV647,0
TXN109934,USER7607,113501.37,2025-02-11 10:23:30,Jaipur,merchant_payment,DEV368,0
TXN109935,USER3726,107936.54,2025-02-24 18:15:30,Hyderabad,merchant_payment,DEV239,0
TXN109936,USER1133,193451.75,2025-03-05 04:36:30,Jaipur,send,DEV674,0
TXN109937,USER5441,185375.68,2025-02-23 16:33:30,Chennai,receive,DEV456,0
TXN109938,USER3694,161534.43,2025-03-02 18:13:30,Hyderabad,send,DEV814,0
TXN109939,USER8547,101682.09,2025-04-02 05:32:30,Pune,merchant_payment,DEV852,0
TXN109940,USER8993,107807.84,2025-03-19 00:17:30,Hyderabad,bill_payment,DEV537,0
TXN109941,USER4514,110305.22,2025-01-31 17:14:30,Mumbai,self_transfer,DEV363,0
TXN109942,USER2359,195313.25,2025-03-02 13:03:30,Bangalore,bill_payment,DEV580,0
TXN109943,USER6257,56916.59,2025-02-27 02:19:30,Bangalore,bill_payment,DEV146,0
TXN109944,USER7972,72997.67,2025-01-23 12:31:30,Delhi,receive,DEV318,0
TXN109945,USER7333,80918.53,2025-03-19 23:27:30,Kolkata,bill_payment,DEV964,0
TXN109946,USER4775,50447.38,2025-01-27 05:57:30,Chennai,bill_payment,DEV118,0
TXN109947,USER5342,123013.4,2025-02-05 00:12:30,Ahmedabad,send,DEV151,0
TXN109948,USER9027,59396.77,2025-03-18 02:30:30,Pune,merchant_payment,DEV180,0
TXN109949,USER5955,106593.27,2025-01-30 19:27:30,Ahmedabad,receive,DEV345,0
TXN109950,USER1195,148963.2,2025-03-14 19:15:30,Chennai,bill_payment,DEV480,0
TXN109951,USER2621,141470.91,2025-02-12 00:29:30,Jaipur,send,DEV863,0
TXN109952,USER9779,188130.36,2025-01-16 18:31:30,Hyderabad,receive,DEV670,0
TXN109953,USER2828,94297.61,2025-04-06 17:39:30,Ahmedabad,receive,DEV824,0
TXN109954,USER6255,192222.52,2025-03-30 17:14:30,Pune,send,DEV169,0
TXN109955,USER5493,72603.74,2025-02-27 04:53:30,Bangalore,self_transfer,DEV823,0
TXN109956,USER2507,102585.66,2025-03-17 21:50:30,Delhi,receive,DEV110,0
TXN109957,USER6792,40306.88,2025-01-10 08:13:30,Pune,receive,DEV873,0
TXN109958,USER9781,59741.54,2025-02-16 00:27:30,Chennai,self_transfer,DEV965,0
TXN109959,USER8783,43304.67,2025-01-22 02:13:30,Jaipur,merchant_payment,DEV228,0
TXN109960,USER2577,166396.99,2025-02-12 17:57:30,Pune,self_transfer,DEV571,0
TXN109961,USER9476,115471.1,2025-03-22 12:19:30,Bangalore,send,DEV477,0
TXN109962,USER8923,6200.72,2025-02-11 00:49:30,Kolkata,bill_payment,DEV637,0
TXN109963,USER2693,138663.69,2025-02-26 01:19:30,Bangalore,self_transfer,DEV739,1
TXN109964,USER1546,189716.18,2025-01-31 19:56:30,Jaipur,self_transfer,DEV289,0
TXN109965,USER8621,165253.84,2025-03-26 02:48:30,Ahmedabad,self_transfer,DEV248,1
TXN109966,USER8031,39983.79,2025-03-02 00:07:30,Hyderabad,receive,DEV143,0
TXN109967,USER3346,25591.76,2025-03-21 16:25:30,Kolkata,send,DEV606,0
TXN109968,USER5293,104366.2,2025-02-28 18:34:30,Mumbai,send,DEV483,0
TXN109969,USER1299,11434.95,2025-01-09 21:39:30,Hyderabad,self_transfer,DEV787,0
TXN109970,USER6675,11100.76,2025-03-10 06:43:30,Chennai,bill_payment,DEV102,0
TXN109971,USER4075,81125.98,2025-01-29 20:38:30,Chennai,self_transfer,DEV627,0
TXN109972,USER6373,68383.45,2025-02-09 10:45:30,Jaipur,receive,DEV509,0
TXN109973,USER6370,36020.08,2025-04-02 07:57:30,Jaipur,merchant_payment,DEV314,0
TXN109974,USER7489,38222.93,2025-02-05 19:17:30,Bangalore,bill_payment,DEV799,0
TXN109975,USER9573,155050.33,2025-04-05 00:23:30,Hyderabad,self_transfer,DEV224,0
TXN109976,USER8007,154407.88,2025-01-30 16:16:30,Kolkata,bill_payment,DEV108,0
TXN109977,USER1683,197417.71,2025-01-12 10:51:30,Hyderabad,receive,DEV973,0
TXN109978,USER4081,94836.0,2025-02-21 23:38:30,Pune,merchant_payment,DEV742,0
TXN109979,USER4740,33276.39,2025-03-12 06:48:30,Ahmedabad,self_transfer,DEV702,0
TXN109980,USER9718,155629.57,2025-04-06 23:59:30,Pune,self_transfer,DEV413,0
TXN109981,USER3580,151368.23,2025-02-03 23:13:30,Kolkata,receive,DEV825,0
TXN109982,USER3268,192670.42,2025-02-02 14:46:30,Chennai,receive,DEV299,0
TXN109983,USER1714,181133.29,2025-02-24 15:08:30,Mumbai,receive,DEV124,0
TXN109984,USER7164,111435.06,2025-03-12 18:03:30,Mumbai,self_transfer,DEV178,0
TXN109985,USER7643,183757.1,2025-02-25 14:20:30,Kolkata,merchant_payment,DEV906,0
TXN109986,USER3439,122114.45,2025-02-14 22:29:30,Bangalore,receive,DEV865,0
TXN109987,USER9498,131393.71,2025-04-05 08:51:30,Chennai,merchant_payment,DEV702,0
TXN109988,USER5015,150942.49,2025-03-15 17:43:30,Mumbai,bill_payment,DEV133,0
TXN109989,USER3243,154031.08,2025-01-20 04:11:30,Hyderabad,merchant_payment,DEV417,0
TXN109990,USER8235,83873.72,2025-02-21 22:11:30,Delhi,self_transfer,DEV750,0
TXN109991,USER3152,181143.54,2025-01-12 05:18:30,Hyderabad,merchant_payment,DEV758,0
TXN109992,USER4447,32381.41,2025-02-17 18:46:30,Delhi,self_transfer,DEV332,0
TXN109993,USER5045,99811.06,2025-01-09 16:50:30,Ahmedabad,bill_payment,DEV123,0
TXN109994,USER8032,164345.98,2025-02-04 12:37:30,Kolkata,self_transfer,DEV535,0
TXN109995,USER2825,106168.35,2025-02-11 14:31:30,Bangalore,merchant_payment,DEV314,0
TXN109996,USER2289,56194.14,2025-02-15 10:23:30,Hyderabad,bill_payment,DEV180,0
TXN109997,USER2009,162850.61,2025-01-12 13:13:30,Jaipur,bill_payment,DEV847,0
TXN109998,USER5219,6961.77,2025-03-30 20:10:30,Hyderabad,bill_payment,DEV395,0
TXN109999,USER7373,186352.2,2025-03-19 09:11:30,Bangalore,merchant_payment,DEV357,0
